/home/ccollins/allmols/H/opt/b3lyp/cam/84412.log,84412,---,[],"td CAM-B3LYP/6-31g(d,p)",-6.80747189988,-1.44138700298,78,2.7988,-986.7817801,2.3965,0.616666666667
/home/ccollins/allmols/H/opt/b3lyp/cam/135.log,135,---,[],"td CAM-B3LYP/6-31g(d,p)",-6.37072918895,0.477559786717,39,0.9155,-761.7823378,4.3915,0.0833333333333
/home/ccollins/allmols/H/opt/b3lyp/cam/813-8-5-.log,813-8-5-,---,[],"td CAM-B3LYP/6-31g(d,p)",-7.32203916864,-1.63975799131,79,2.2845,-1351.8195187,2.4493,0.3
/home/ccollins/allmols/H/opt/b3lyp/cam/1312-12.log,1312-12,---,[],"td CAM-B3LYP/6-31g(d,p)",-5.97153818775,0.370346934314,52,1.5582,-667.5258998,3.9997,0.2
/home/ccollins/allmols/H/opt/b3lyp/cam/1312-4-.log,1312-4-,---,[],"td CAM-B3LYP/6-31g(d,p)",-6.05915884377,0.245718796242,55,2.1197,-669.7258951,4.0002,0.233333333333
/home/ccollins/allmols/H/opt/b3lyp/cam/58-4-5.log,58-4-5,---,[],"td CAM-B3LYP/6-31g(d,p)",-7.05237435461,-1.32492228007,83,1.2132,-1630.5747159,2.3915,0.45
/home/ccollins/allmols/H/opt/b3lyp/cam/413-55.log,413-55,---,[],"td CAM-B3LYP/6-31g(d,p)",-5.93561916105,-0.46340986711,80,2.2939,-1544.4345157,3.3270,0.466666666667
/home/ccollins/allmols/H/opt/b3lyp/cam/1213-13-8-.log,1213-13-8-,---,[],"td CAM-B3LYP/6-31g(d,p)",-6.10432974098,-1.33662317513,72,2.8578,-942.6861517,2.4657,0.3
/home/ccollins/allmols/H/opt/b3lyp/cam/413512-.log,413512-,---,[],"td CAM-B3LYP/6-31g(d,p)",-5.89017615001,-0.346400916519,76,1.0820,-1221.4452079,3.3801,0.5
/home/ccollins/allmols/H/opt/b3lyp/cam/48-5.log,48-5,---,[],"td CAM-B3LYP/6-31g(d,p)",-7.599595284,-1.34016065503,62,0.6455,-1078.8531691,2.3881,0.216666666667
/home/ccollins/allmols/H/opt/b3lyp/cam/45124-.log,45124-,---,[],"td CAM-B3LYP/6-31g(d,p)",-6.1609294194,-0.511029788862,79,0.8913,-1243.5009391,3.4418,0.683333333333
/home/ccollins/allmols/H/opt/b3lyp/cam/4812.log,4812,---,[],"td CAM-B3LYP/6-31g(d,p)",-7.52830145829,-1.28737057035,58,0.8773,-755.8573542,2.3818,0.216666666667
/home/ccollins/allmols/H/opt/b3lyp/cam/12858-.log,12858-,---,[],"td CAM-B3LYP/6-31g(d,p)",-7.56122723276,-1.85717694834,79,2.8967,-1371.6587121,2.4328,0.3
/home/ccollins/allmols/H/opt/b3lyp/cam/488-12-.log,488-12-,---,[],"td CAM-B3LYP/6-31g(d,p)",-7.88994074977,-1.85608849299,78,0.9722,-1050.8544415,2.2798,0.333333333333
/home/ccollins/allmols/H/opt/b3lyp/cam/1213-13-4.log,1213-13-4,---,[],"td CAM-B3LYP/6-31g(d,p)",-5.6460900368,0.16354041699,72,2.6221,-878.597119,3.6387,0.383333333333
/home/ccollins/allmols/H/opt/b3lyp/cam/128.log,128,---,[],"td CAM-B3LYP/6-31g(d,p)",-7.96694896609,-1.45499269491,38,2.1393,-524.9210049,2.4357,0.05
/home/ccollins/allmols/H/opt/b3lyp/cam/55-5-.log,55-5-,---,[],"td CAM-B3LYP/6-31g(d,p)",-6.39630788978,-0.608446543076,64,0.5808,-1656.3491506,3.5308,0.233333333333
/home/ccollins/allmols/H/opt/b3lyp/cam/1212-58-.log,1212-58-,---,[],"td CAM-B3LYP/6-31g(d,p)",-6.50760244976,-1.42968610793,76,3.2100,-1305.3835908,2.4481,0.283333333333
/home/ccollins/allmols/H/opt/b3lyp/cam/128-4-4.log,128-4-4,---,[],"td CAM-B3LYP/6-31g(d,p)",-7.18244476945,-1.26342455255,78,0.6394,-986.7823762,2.3843,0.483333333333
/home/ccollins/allmols/H/opt/b3lyp/cam/558.log,558,---,[],"td CAM-B3LYP/6-31g(d,p)",-7.08883760898,-1.44655716592,63,3.0834,-1399.6377721,2.4468,0.266666666667
/home/ccollins/allmols/H/opt/b3lyp/cam/85-4-.log,85-4-,---,[],"td CAM-B3LYP/6-31g(d,p)",-7.2716981085,-1.44383602753,62,2.6285,-1078.8455968,2.4444,0.25
/home/ccollins/allmols/H/opt/b3lyp/cam/1348-.log,1348-,---,[],"td CAM-B3LYP/6-31g(d,p)",-6.76420579954,-1.38669212143,58,2.7066,-736.0009186,2.3971,0.216666666667
/home/ccollins/allmols/H/opt/b3lyp/cam/55-8.log,55-8,---,[],"td CAM-B3LYP/6-31g(d,p)",-7.10598078081,-1.46261188239,63,2.4605,-1399.6393915,2.4468,0.25
/home/ccollins/allmols/H/opt/b3lyp/cam/124-12.log,124-12,---,[],"td CAM-B3LYP/6-31g(d,p)",-6.43277114415,-0.0546948815556,55,0.8996,-689.5783863,4.1268,0.25
/home/ccollins/allmols/H/opt/b3lyp/cam/1312-8.log,1312-8,---,[],"td CAM-B3LYP/6-31g(d,p)",-6.6447478244,-1.27675813064,55,4.1768,-733.802241,2.4403,0.183333333333
/home/ccollins/allmols/H/opt/b3lyp/cam/85-134-.log,85-134-,---,[],"td CAM-B3LYP/6-31g(d,p)",-6.38923292997,-1.35784805454,79,3.9233,-1287.7255397,2.4471,0.366666666667
/home/ccollins/allmols/H/opt/b3lyp/cam/413-13-8.log,413-13-8,---,[],"td CAM-B3LYP/6-31g(d,p)",-6.17888893275,-1.32437805239,75,2.8915,-944.8843498,2.4654,0.383333333333
/home/ccollins/allmols/H/opt/b3lyp/cam/45-48-.log,45-48-,---,[],"td CAM-B3LYP/6-31g(d,p)",-6.80883246907,-1.45308789804,82,2.6671,-1309.7741669,2.3978,0.433333333333
/home/ccollins/allmols/H/opt/b3lyp/cam/81212.log,81212,---,[],"td CAM-B3LYP/6-31g(d,p)",-6.95142012049,-1.34886829787,55,3.2637,-753.6527306,2.4380,0.166666666667
/home/ccollins/allmols/H/opt/b3lyp/cam/1312-134-.log,1312-134-,---,[],"td CAM-B3LYP/6-31g(d,p)",-5.67819946975,0.176601881242,72,3.1348,-878.6023271,3.6466,0.383333333333
/home/ccollins/allmols/H/opt/b3lyp/cam/45-13-.log,45-13-,---,[],"td CAM-B3LYP/6-31g(d,p)",-6.15222177657,-0.179595133466,59,0.8394,-992.7110644,3.7211,0.216666666667
/home/ccollins/allmols/H/opt/b3lyp/cam/513-12.log,513-12,---,[],"td CAM-B3LYP/6-31g(d,p)",-6.01970233718,0.124628138072,56,2.3609,-990.5156502,3.8664,0.233333333333
/home/ccollins/allmols/H/opt/b3lyp/cam/45.log,45,---,[],"td CAM-B3LYP/6-31g(d,p)",-7.01210150649,0.100682120276,42,0.6438,-783.8346273,4.5735,0.133333333333
/home/ccollins/allmols/H/opt/b3lyp/cam/54-4-12.log,54-4-12,---,[],"td CAM-B3LYP/6-31g(d,p)",-6.43331537182,-0.485723201874,79,1.1360,-1243.4924482,3.8024,0.5
/home/ccollins/allmols/H/opt/b3lyp/cam/134-13-5.log,134-13-5,---,[],"td CAM-B3LYP/6-31g(d,p)",-5.8534407818,-0.105308055532,76,0.8521,-1201.5897412,3.5926,0.416666666667
/home/ccollins/allmols/H/opt/b3lyp/cam/512-.log,512-,---,[],"td CAM-B3LYP/6-31g(d,p)",-6.72610986214,0.222861233801,39,0.2251,-781.6377252,4.4540,0.0666666666667
/home/ccollins/allmols/H/opt/b3lyp/cam/1312-.log,1312-,---,[],"td CAM-B3LYP/6-31g(d,p)",-6.2956257695,1.04056331875,35,2.1048,-438.7910991,4.8077,0.0666666666667
/home/ccollins/allmols/H/opt/b3lyp/cam/4138-.log,4138-,---,[],"td CAM-B3LYP/6-31g(d,p)",-6.88475223004,-1.35648748535,58,2.6508,-736.007943,2.4607,0.216666666667
/home/ccollins/allmols/H/opt/b3lyp/cam/58-54-.log,58-54-,---,[],"td CAM-B3LYP/6-31g(d,p)",-6.99795158689,-1.3815219585,83,1.1071,-1630.5746012,2.4374,0.483333333333
/home/ccollins/allmols/H/opt/b3lyp/cam/1213-48-.log,1213-48-,---,[],"td CAM-B3LYP/6-31g(d,p)",-6.29290463111,-1.40710065932,75,2.7621,-964.7339388,2.3977,0.333333333333
/home/ccollins/allmols/H/opt/b3lyp/cam/41213-5.log,41213-5,---,[],"td CAM-B3LYP/6-31g(d,p)",-5.88146850717,-0.131975211714,76,2.2545,-1221.4504315,3.5466,0.416666666667
/home/ccollins/allmols/H/opt/b3lyp/cam/545-.log,545-,---,[],"td CAM-B3LYP/6-31g(d,p)",-6.60610765933,-0.414157262326,63,0.0002,-1335.5561392,3.9310,0.25
/home/ccollins/allmols/H/opt/b3lyp/cam/858.log,858,---,[],"td CAM-B3LYP/6-31g(d,p)",-8.19171499676,-1.90153150403,62,1.0776,-1142.924903,2.4432,0.2
/home/ccollins/allmols/H/opt/b3lyp/cam/1212-4-13.log,1212-4-13,---,[],"td CAM-B3LYP/6-31g(d,p)",-5.98786501806,-0.155921229509,72,1.3791,-898.4564891,3.6575,0.366666666667
/home/ccollins/allmols/H/opt/b3lyp/cam/128-4.log,128-4,---,[],"td CAM-B3LYP/6-31g(d,p)",-7.52857357213,-1.28764268418,58,0.8766,-755.8573532,2.3815,0.216666666667
/home/ccollins/allmols/H/opt/b3lyp/cam/8128-12.log,8128-12,---,[],"td CAM-B3LYP/6-31g(d,p)",-7.52666877526,-1.70724222328,75,2.9329,-1048.6610449,2.4254,0.266666666667
/home/ccollins/allmols/H/opt/b3lyp/cam/412.log,412,---,[],"td CAM-B3LYP/6-31g(d,p)",-6.8654321475,0.445722467602,38,0.5629,-460.845826,4.8134,0.116666666667
/home/ccollins/allmols/H/opt/b3lyp/cam/131313-8.log,131313-8,---,[],"td CAM-B3LYP/6-31g(d,p)",-5.91439428164,-1.26696203245,72,3.2455,-922.8307231,2.4613,0.333333333333
/home/ccollins/allmols/H/opt/b3lyp/cam/138.log,138,---,[],"td CAM-B3LYP/6-31g(d,p)",-7.46625950309,-1.37580756789,38,2.2283,-505.0767165,2.4557,0.0666666666667
/home/ccollins/allmols/H/opt/b3lyp/cam/5512-.log,5512-,---,[],"td CAM-B3LYP/6-31g(d,p)",-6.32991211316,-0.465042550142,60,0.6077,-1333.3584473,3.6123,0.216666666667
/home/ccollins/allmols/H/opt/b3lyp/cam/448.log,448,---,[],"td CAM-B3LYP/6-31g(d,p)",-7.47959308118,-1.45635326411,61,2.0870,-758.0490326,2.3970,0.25
/home/ccollins/allmols/H/opt/b3lyp/cam/1313-84.log,1313-84,---,[],"td CAM-B3LYP/6-31g(d,p)",-6.29698633869,-1.15920495237,75,2.0403,-944.8919951,2.4051,0.366666666667
/home/ccollins/allmols/H/opt/b3lyp/cam/8813-5-.log,8813-5-,---,[],"td CAM-B3LYP/6-31g(d,p)",-6.91386841077,-1.80302629446,79,4.3185,-1351.7972489,2.3185,0.333333333333
/home/ccollins/allmols/H/opt/b3lyp/cam/455-.log,455-,---,[],"td CAM-B3LYP/6-31g(d,p)",-6.49699001005,-0.491165478646,63,0.1445,-1335.5570321,3.6921,0.266666666667
/home/ccollins/allmols/H/opt/b3lyp/cam/812-12-8.log,812-12-8,---,[],"td CAM-B3LYP/6-31g(d,p)",-7.19686680289,-1.54397392013,75,3.4438,-1048.6605374,2.4369,0.266666666667
/home/ccollins/allmols/H/opt/b3lyp/cam/444.log,444,---,[],"td CAM-B3LYP/6-31g(d,p)",-6.85318702476,-0.174697084372,61,0.0002,-693.9633162,4.3526,0.3
/home/ccollins/allmols/H/opt/b3lyp/cam/1213.log,1213,---,[],"td CAM-B3LYP/6-31g(d,p)",-6.27603357312,1.02423648843,35,1.2608,-438.7934276,4.7849,0.0833333333333
/home/ccollins/allmols/H/opt/b3lyp/cam/512-13-.log,512-13-,---,[],"td CAM-B3LYP/6-31g(d,p)",-6.01997445101,-0.00163268303151,56,1.4348,-990.51996,3.7703,0.25
/home/ccollins/allmols/H/opt/b3lyp/cam/134-8-13-.log,134-8-13-,---,[],"td CAM-B3LYP/6-31g(d,p)",-6.52392928007,-1.1763481242,75,0.3506,-944.8893373,2.4021,0.366666666667
/home/ccollins/allmols/H/opt/b3lyp/cam/51213-.log,51213-,---,[],"td CAM-B3LYP/6-31g(d,p)",-5.99493997786,0.0729265087408,56,2.4602,-990.5175922,3.8001,0.266666666667
/home/ccollins/allmols/H/opt/b3lyp/cam/1213-13-5.log,1213-13-5,---,[],"td CAM-B3LYP/6-31g(d,p)",-5.64364101225,0.0312930914373,73,3.0988,-1199.3904056,3.5253,0.383333333333
/home/ccollins/allmols/H/opt/b3lyp/cam/138-.log,138-,---,[],"td CAM-B3LYP/6-31g(d,p)",-7.46598738925,-1.37580756789,38,2.2283,-505.0767165,2.4557,0.0666666666667
/home/ccollins/allmols/H/opt/b3lyp/cam/1212-124-.log,1212-124-,---,[],"td CAM-B3LYP/6-31g(d,p)",-6.03249168759,-0.210071883388,72,0.5742,-918.3152365,3.5912,0.383333333333
/home/ccollins/allmols/H/opt/b3lyp/cam/13134.log,13134,---,[],"td CAM-B3LYP/6-31g(d,p)",-5.80446029085,0.435926369413,55,2.5604,-649.8637828,4.0155,0.216666666667
/home/ccollins/allmols/H/opt/b3lyp/cam/41248-.log,41248-,---,[],"td CAM-B3LYP/6-31g(d,p)",-6.67658514352,-1.42859765257,78,2.6828,-986.7914533,2.3970,0.4
/home/ccollins/allmols/H/opt/b3lyp/cam/1384.log,1384,---,[],"td CAM-B3LYP/6-31g(d,p)",-7.1454372874,-1.24301601466,58,1.5872,-736.012607,2.3999,0.2
/home/ccollins/allmols/H/opt/b3lyp/cam/88-5-.log,88-5-,---,[],"td CAM-B3LYP/6-31g(d,p)",-8.18083044322,-1.95622638559,62,2.6445,-1142.9126463,2.3115,0.2
/home/ccollins/allmols/H/opt/b3lyp/cam/4813-12-.log,4813-12-,---,[],"td CAM-B3LYP/6-31g(d,p)",-6.52365716623,-1.20138259735,75,2.0104,-964.747331,2.4036,0.333333333333
/home/ccollins/allmols/H/opt/b3lyp/cam/581313-.log,581313-,---,[],"td CAM-B3LYP/6-31g(d,p)",-6.27004706867,-1.18206251481,76,1.7296,-1265.6848145,2.4521,0.416666666667
/home/ccollins/allmols/H/opt/b3lyp/cam/854-8-.log,854-8-,---,[],"td CAM-B3LYP/6-31g(d,p)",-7.47034121067,-1.7066979956,82,1.3023,-1373.8555369,2.4002,0.516666666667
/home/ccollins/allmols/H/opt/b3lyp/cam/4135-.log,4135-,---,[],"td CAM-B3LYP/6-31g(d,p)",-6.11548640836,0.0587765891343,59,1.7736,-992.7137647,3.8790,0.233333333333
/home/ccollins/allmols/H/opt/b3lyp/cam/124-13.log,124-13,---,[],"td CAM-B3LYP/6-31g(d,p)",-6.19439942155,0.117825292107,55,1.1116,-669.7218713,4.0830,0.216666666667
/home/ccollins/allmols/H/opt/b3lyp/cam/131285-.log,131285-,---,[],"td CAM-B3LYP/6-31g(d,p)",-6.46460846326,-1.23539682718,76,1.3431,-1285.5348522,2.4357,0.283333333333
/home/ccollins/allmols/H/opt/b3lyp/cam/85513.log,85513,---,[],"td CAM-B3LYP/6-31g(d,p)",-6.32365349487,-1.399209358,80,2.6117,-1608.5146849,2.4472,0.316666666667
/home/ccollins/allmols/H/opt/b3lyp/cam/48-1212.log,48-1212,---,[],"td CAM-B3LYP/6-31g(d,p)",-6.77155287319,-1.20600853261,75,1.8230,-984.5890466,2.3842,0.316666666667
/home/ccollins/allmols/H/opt/b3lyp/cam/135-12-.log,135-12-,---,[],"td CAM-B3LYP/6-31g(d,p)",-6.03956664739,-0.0604092721659,56,2.4314,-990.5139358,3.7101,0.25
/home/ccollins/allmols/H/opt/b3lyp/cam/1258-5-.log,1258-5-,---,[],"td CAM-B3LYP/6-31g(d,p)",-6.78543067895,-1.36383455899,80,1.3720,-1628.3776667,2.4372,0.416666666667
/home/ccollins/allmols/H/opt/b3lyp/cam/134-5-.log,134-5-,---,[],"td CAM-B3LYP/6-31g(d,p)",-6.26297210887,-0.118097405946,59,2.1336,-992.7106296,3.9527,0.266666666667
/home/ccollins/allmols/H/opt/b3lyp/cam/12131313-.log,12131313-,---,[],"td CAM-B3LYP/6-31g(d,p)",-5.43411335654,0.471845396106,69,1.0572,-856.5477448,3.7063,0.483333333333
/home/ccollins/allmols/H/opt/b3lyp/cam/8512.log,8512,---,[],"td CAM-B3LYP/6-31g(d,p)",-7.0001284976,-1.41091025306,59,3.2282,-1076.6486522,2.4446,0.233333333333
/home/ccollins/allmols/H/opt/b3lyp/cam/4558.log,4558,---,[],"td CAM-B3LYP/6-31g(d,p)",-6.71685799163,-1.44084277531,83,3.4156,-1630.5665271,2.4466,0.35
/home/ccollins/allmols/H/opt/b3lyp/cam/125-135-.log,125-135-,---,[],"td CAM-B3LYP/6-31g(d,p)",-5.89561842678,-0.384224740082,77,1.8249,-1542.238743,3.3496,0.316666666667
/home/ccollins/allmols/H/opt/b3lyp/cam/48-12.log,48-12,---,[],"td CAM-B3LYP/6-31g(d,p)",-7.52830145829,-1.28737057035,58,0.8773,-755.8573542,2.3818,0.216666666667
/home/ccollins/allmols/H/opt/b3lyp/cam/54-44.log,54-44,---,[],"td CAM-B3LYP/6-31g(d,p)",-6.56583481122,-0.508852878154,82,0.6315,-1245.6849486,3.8660,0.8
/home/ccollins/allmols/H/opt/b3lyp/cam/4555-.log,4555-,---,[],"td CAM-B3LYP/6-31g(d,p)",-6.20990991035,-0.823688589397,84,0.5535,-1887.2778784,3.2289,0.416666666667
/home/ccollins/allmols/H/opt/b3lyp/cam/124.log,124,---,[],"td CAM-B3LYP/6-31g(d,p)",-6.8654321475,0.445994581441,38,0.5628,-460.845827,4.8135,0.116666666667
/home/ccollins/allmols/H/opt/b3lyp/cam/124-.log,124-,---,[],"td CAM-B3LYP/6-31g(d,p)",-6.86570426134,0.445722467602,38,0.5630,-460.845825,4.8134,0.116666666667
/home/ccollins/allmols/H/opt/b3lyp/cam/1313-813.log,1313-813,---,[],"td CAM-B3LYP/6-31g(d,p)",-6.14732372747,-1.12002055962,72,1.9563,-922.843885,2.4651,0.316666666667
/home/ccollins/allmols/H/opt/b3lyp/cam/513-512-.log,513-512-,---,[],"td CAM-B3LYP/6-31g(d,p)",-5.89561842678,-0.384224740082,77,1.8249,-1542.2387429,3.3496,0.333333333333
/home/ccollins/allmols/H/opt/b3lyp/cam/8448-.log,8448-,---,[],"td CAM-B3LYP/6-31g(d,p)",-7.677147728,-1.59268229724,81,0.0004,-1053.0591867,2.3983,0.416666666667
/home/ccollins/allmols/H/opt/b3lyp/cam/138-4.log,138-4,---,[],"td CAM-B3LYP/6-31g(d,p)",-7.1454372874,-1.24301601466,58,1.5872,-736.012607,2.3999,0.2
/home/ccollins/allmols/H/opt/b3lyp/cam/1345-.log,1345-,---,[],"td CAM-B3LYP/6-31g(d,p)",-6.26297210887,-0.118097405946,59,2.1336,-992.7106297,3.9526,0.266666666667
/home/ccollins/allmols/H/opt/b3lyp/cam/512-12-13-.log,512-12-13-,---,[],"td CAM-B3LYP/6-31g(d,p)",-5.82568517026,-0.247079365435,73,0.7562,-1219.2525758,3.4223,0.316666666667
/home/ccollins/allmols/H/opt/b3lyp/cam/1248-.log,1248-,---,[],"td CAM-B3LYP/6-31g(d,p)",-7.1299267986,-1.43431204318,58,2.5426,-755.8568218,2.3967,0.2
/home/ccollins/allmols/H/opt/b3lyp/cam/13121313-.log,13121313-,---,[],"td CAM-B3LYP/6-31g(d,p)",-5.51765230499,0.358373925416,69,1.7438,-856.5533081,3.6344,0.333333333333
/home/ccollins/allmols/H/opt/b3lyp/cam/45-8.log,45-8,---,[],"td CAM-B3LYP/6-31g(d,p)",-7.27142599467,-1.44410814137,62,2.6292,-1078.8455972,2.4445,0.25
/home/ccollins/allmols/H/opt/b3lyp/cam/848-5-.log,848-5-,---,[],"td CAM-B3LYP/6-31g(d,p)",-7.7533396028,-1.69880669429,82,2.2516,-1373.8621843,2.3935,0.433333333333
/home/ccollins/allmols/H/opt/b3lyp/cam/448-8-.log,448-8-,---,[],"td CAM-B3LYP/6-31g(d,p)",-7.58136365681,-1.91731410667,81,3.0346,-1053.044871,2.2848,0.4
/home/ccollins/allmols/H/opt/b3lyp/cam/1312-5.log,1312-5,---,[],"td CAM-B3LYP/6-31g(d,p)",-6.01834176798,0.0718380533864,56,1.6543,-990.5179155,3.8113,0.25
/home/ccollins/allmols/H/opt/b3lyp/cam/1381313-.log,1381313-,---,[],"td CAM-B3LYP/6-31g(d,p)",-6.15630348415,-1.11348982749,72,2.4547,-922.8436761,2.4610,0.333333333333
/home/ccollins/allmols/H/opt/b3lyp/cam/125-12.log,125-12,---,[],"td CAM-B3LYP/6-31g(d,p)",-6.28882292354,-0.278372456872,56,0.4592,-1010.3693248,3.7311,0.216666666667
/home/ccollins/allmols/H/opt/b3lyp/cam/813-8-.log,813-8-,---,[],"td CAM-B3LYP/6-31g(d,p)",-7.73973391087,-1.70724222328,58,0.3584,-800.0902113,2.4564,0.366666666667
/home/ccollins/allmols/H/opt/b3lyp/cam/512-8-5.log,512-8-5,---,[],"td CAM-B3LYP/6-31g(d,p)",-6.80366230614,-1.29825512389,80,1.1003,-1628.3772997,2.4327,0.35
/home/ccollins/allmols/H/opt/b3lyp/cam/51312.log,51312,---,[],"td CAM-B3LYP/6-31g(d,p)",-5.96582379714,0.138778057678,56,0.4901,-990.5177121,3.8592,0.216666666667
/home/ccollins/allmols/H/opt/b3lyp/cam/5813-4-.log,5813-4-,---,[],"td CAM-B3LYP/6-31g(d,p)",-6.6447478244,-1.26124764184,79,2.1971,-1287.7366192,2.4520,0.35
/home/ccollins/allmols/H/opt/b3lyp/cam/441212-.log,441212-,---,[],"td CAM-B3LYP/6-31g(d,p)",-6.21399161793,-0.325448150948,75,0.1775,-920.5055261,3.7157,0.483333333333
/home/ccollins/allmols/H/opt/b3lyp/cam/848-.log,848-,---,[],"td CAM-B3LYP/6-31g(d,p)",-8.3922628958,-1.73146035492,61,0.0009,-822.132615,2.3984,0.2
/home/ccollins/allmols/H/opt/b3lyp/cam/55-4-.log,55-4-,---,[],"td CAM-B3LYP/6-31g(d,p)",-6.49726212389,-0.490893364807,63,0.1447,-1335.5570334,3.6926,0.266666666667
/home/ccollins/allmols/H/opt/b3lyp/cam/128-84-.log,128-84-,---,[],"td CAM-B3LYP/6-31g(d,p)",-7.88994074977,-1.85581637915,78,0.9699,-1050.8544401,2.2797,0.333333333333
/home/ccollins/allmols/H/opt/b3lyp/cam/5135-4-.log,5135-4-,---,[],"td CAM-B3LYP/6-31g(d,p)",-5.92881631509,-0.413613034649,80,1.3449,-1544.43553,3.3675,0.7
/home/ccollins/allmols/H/opt/b3lyp/cam/1284.log,1284,---,[],"td CAM-B3LYP/6-31g(d,p)",-7.52857357213,-1.28764268418,58,0.8766,-755.8573532,2.3815,0.216666666667
/home/ccollins/allmols/H/opt/b3lyp/cam/13131312.log,13131312,---,[],"td CAM-B3LYP/6-31g(d,p)",-5.42431725835,0.411980351618,69,3.4388,-856.5426787,3.6677,0.35
/home/ccollins/allmols/H/opt/b3lyp/cam/4413-.log,4413-,---,[],"td CAM-B3LYP/6-31g(d,p)",-6.32283715336,0.0331978883074,58,1.4930,-671.914272,4.1471,0.266666666667
/home/ccollins/allmols/H/opt/b3lyp/cam/51254.log,51254,---,[],"td CAM-B3LYP/6-31g(d,p)",-6.09344518743,-0.573615971737,80,1.2434,-1564.2924584,3.3475,0.483333333333
/home/ccollins/allmols/H/opt/b3lyp/cam/135-8-4-.log,135-8-4-,---,[],"td CAM-B3LYP/6-31g(d,p)",-6.55631082686,-1.21906999686,79,2.6606,-1287.7305154,2.3916,0.416666666667
/home/ccollins/allmols/H/opt/b3lyp/cam/13138-12-.log,13138-12-,---,[],"td CAM-B3LYP/6-31g(d,p)",-6.22433194379,-1.16627991217,72,3.3044,-942.6858122,2.4444,0.316666666667
/home/ccollins/allmols/H/opt/b3lyp/cam/81313-5.log,81313-5,---,[],"td CAM-B3LYP/6-31g(d,p)",-6.17344665598,-1.32192902785,76,2.9511,-1265.6803809,2.4625,0.333333333333
/home/ccollins/allmols/H/opt/b3lyp/cam/458-.log,458-,---,[],"td CAM-B3LYP/6-31g(d,p)",-7.27142599467,-1.44410814137,62,2.6290,-1078.8455948,2.4445,0.25
/home/ccollins/allmols/H/opt/b3lyp/cam/813.log,813,---,[],"td CAM-B3LYP/6-31g(d,p)",-7.46544316158,-1.37499122637,38,2.2289,-505.0767149,2.4559,0.0666666666667
/home/ccollins/allmols/H/opt/b3lyp/cam/84-12.log,84-12,---,[],"td CAM-B3LYP/6-31g(d,p)",-7.13047102628,-1.43485627086,58,2.5401,-755.8568219,2.3963,0.2
/home/ccollins/allmols/H/opt/b3lyp/cam/5138-5.log,5138-5,---,[],"td CAM-B3LYP/6-31g(d,p)",-6.54515415948,-1.26396878023,80,1.1172,-1608.5293651,2.4525,0.316666666667
/home/ccollins/allmols/H/opt/b3lyp/cam/548.log,548,---,[],"td CAM-B3LYP/6-31g(d,p)",-7.25564339203,-1.46533302078,62,2.2858,-1078.8455448,2.3977,0.216666666667
/home/ccollins/allmols/H/opt/b3lyp/cam/813-5.log,813-5,---,[],"td CAM-B3LYP/6-31g(d,p)",-6.78352588208,-1.38696423527,59,2.6750,-1056.8009413,2.4616,0.2
/home/ccollins/allmols/H/opt/b3lyp/cam/13412-8-.log,13412-8-,---,[],"td CAM-B3LYP/6-31g(d,p)",-6.44039033163,-1.33471837826,75,4.1127,-964.7325506,2.4403,0.333333333333
/home/ccollins/allmols/H/opt/b3lyp/cam/13134-.log,13134-,---,[],"td CAM-B3LYP/6-31g(d,p)",-5.80391606318,0.436198483252,55,2.5605,-649.8637831,4.0154,0.216666666667
/home/ccollins/allmols/H/opt/b3lyp/cam/55-13.log,55-13,---,[],"td CAM-B3LYP/6-31g(d,p)",-6.12310559584,-0.288984896577,60,1.5858,-1313.5049626,3.5850,0.266666666667
/home/ccollins/allmols/H/opt/b3lyp/cam/88-5-12-.log,88-5-12-,---,[],"td CAM-B3LYP/6-31g(d,p)",-7.12475663567,-1.96139654852,79,4.4581,-1371.6447205,2.3125,0.316666666667
/home/ccollins/allmols/H/opt/b3lyp/cam/1312-8-4.log,1312-8-4,---,[],"td CAM-B3LYP/6-31g(d,p)",-6.49726212389,-1.14804828499,75,2.8941,-964.7384249,2.3855,0.316666666667
/home/ccollins/allmols/H/opt/b3lyp/cam/1244-4-.log,1244-4-,---,[],"td CAM-B3LYP/6-31g(d,p)",-6.4888265949,-0.395381407464,78,0.5900,-922.6960407,3.9275,0.683333333333
/home/ccollins/allmols/H/opt/b3lyp/cam/848-8-.log,848-8-,---,[],"td CAM-B3LYP/6-31g(d,p)",-8.34545931556,-2.2264354273,81,0.6161,-1117.127923,2.2859,0.316666666667
/home/ccollins/allmols/H/opt/b3lyp/cam/84-512-.log,84-512-,---,[],"td CAM-B3LYP/6-31g(d,p)",-6.62842099409,-1.4541763534,79,2.6237,-1307.5772449,2.3977,0.333333333333
/home/ccollins/allmols/H/opt/b3lyp/cam/41212.log,41212,---,[],"td CAM-B3LYP/6-31g(d,p)",-6.28909503737,0.0560554507485,55,0.9465,-689.5778381,4.0254,0.25
/home/ccollins/allmols/H/opt/b3lyp/cam/444-.log,444-,---,[],"td CAM-B3LYP/6-31g(d,p)",-6.85318702476,-0.17496919821,61,0.0002,-693.9633153,4.3525,0.316666666667
/home/ccollins/allmols/H/opt/b3lyp/cam/44-13.log,44-13,---,[],"td CAM-B3LYP/6-31g(d,p)",-6.32283715336,0.0331978883074,58,1.4934,-671.914272,4.1470,0.266666666667
/home/ccollins/allmols/H/opt/b3lyp/cam/1388-.log,1388-,---,[],"td CAM-B3LYP/6-31g(d,p)",-7.63578642453,-1.81010125427,58,3.1169,-800.0732153,2.3163,0.216666666667
/home/ccollins/allmols/H/opt/b3lyp/cam/58-48.log,58-48,---,[],"td CAM-B3LYP/6-31g(d,p)",-7.75306748896,-1.69907880812,82,2.2498,-1373.8621851,2.3933,0.416666666667
/home/ccollins/allmols/H/opt/b3lyp/cam/124-5-12-.log,124-5-12-,---,[],"td CAM-B3LYP/6-31g(d,p)",-6.19793690145,-0.52109800089,76,0.4360,-1241.2988186,3.5246,0.4
/home/ccollins/allmols/H/opt/b3lyp/cam/5413.log,5413,---,[],"td CAM-B3LYP/6-31g(d,p)",-6.26487690574,-0.118913747462,59,0.8513,-992.710742,3.9531,0.266666666667
/home/ccollins/allmols/H/opt/b3lyp/cam/54-55-.log,54-55-,---,[],"td CAM-B3LYP/6-31g(d,p)",-6.32827943013,-0.739877527112,84,0.6438,-1887.2785287,3.4270,0.466666666667
/home/ccollins/allmols/H/opt/b3lyp/cam/41313.log,41313,---,[],"td CAM-B3LYP/6-31g(d,p)",-5.80391606318,0.43647059709,55,2.5611,-649.8637837,4.0155,0.216666666667
/home/ccollins/allmols/H/opt/b3lyp/cam/54-13-8-.log,54-13-8-,---,[],"td CAM-B3LYP/6-31g(d,p)",-6.60719611468,-1.37009317728,79,2.9104,-1287.729328,2.4614,0.383333333333
/home/ccollins/allmols/H/opt/b3lyp/cam/413.log,413,---,[],"td CAM-B3LYP/6-31g(d,p)",-6.48284009045,0.721918013766,38,1.5209,-440.9891627,4.7452,0.116666666667
/home/ccollins/allmols/H/opt/b3lyp/cam/134-.log,134-,---,[],"td CAM-B3LYP/6-31g(d,p)",-6.48284009045,0.721918013766,38,1.5208,-440.9891628,4.7454,0.116666666667
/home/ccollins/allmols/H/opt/b3lyp/cam/512-5.log,512-5,---,[],"td CAM-B3LYP/6-31g(d,p)",-6.30514975385,-0.287896441223,60,0.7763,-1333.3644205,3.7210,0.3
/home/ccollins/allmols/H/opt/b3lyp/cam/84.log,84,---,[],"td CAM-B3LYP/6-31g(d,p)",-8.19634093202,-1.49499342919,41,1.4602,-527.1239946,2.3933,0.1
/home/ccollins/allmols/H/opt/b3lyp/cam/588-13.log,588-13,---,[],"td CAM-B3LYP/6-31g(d,p)",-7.43333372862,-1.78561100879,79,1.0636,-1351.803568,2.3141,0.316666666667
/home/ccollins/allmols/H/opt/b3lyp/cam/555-.log,555-,---,[],"td CAM-B3LYP/6-31g(d,p)",-6.39630788978,-0.608446543076,64,0.5808,-1656.3491506,3.5308,0.233333333333
/home/ccollins/allmols/H/opt/b3lyp/cam/4138-8-.log,4138-8-,---,[],"td CAM-B3LYP/6-31g(d,p)",-7.03958500419,-1.78207352889,78,3.9956,-1031.0046707,2.3185,0.383333333333
/home/ccollins/allmols/H/opt/b3lyp/cam/1313-5.log,1313-5,---,[],"td CAM-B3LYP/6-31g(d,p)",-5.81779386895,0.31157034518,56,0.8821,-970.6616099,3.8691,0.233333333333
/home/ccollins/allmols/H/opt/b3lyp/cam/445-8-.log,445-8-,---,[],"td CAM-B3LYP/6-31g(d,p)",-6.95060377897,-1.4351283847,82,2.9560,-1309.7706788,2.4447,0.416666666667
/home/ccollins/allmols/H/opt/b3lyp/cam/12413-.log,12413-,---,[],"td CAM-B3LYP/6-31g(d,p)",-6.19331096619,0.118097405946,55,1.9809,-669.7217061,4.0818,0.216666666667
/home/ccollins/allmols/H/opt/b3lyp/cam/812-12-5.log,812-12-5,---,[],"td CAM-B3LYP/6-31g(d,p)",-6.49345253015,-1.35458268848,76,2.4790,-1305.3798017,2.4394,0.283333333333
/home/ccollins/allmols/H/opt/b3lyp/cam/12128-5-.log,12128-5-,---,[],"td CAM-B3LYP/6-31g(d,p)",-6.72910311437,-1.23566894101,76,1.5296,-1305.381871,2.4297,0.266666666667
/home/ccollins/allmols/H/opt/b3lyp/cam/812-5-.log,812-5-,---,[],"td CAM-B3LYP/6-31g(d,p)",-7.01645532791,-1.37716813708,59,3.0998,-1076.6475284,2.4397,0.183333333333
/home/ccollins/allmols/H/opt/b3lyp/cam/45-8-.log,45-8-,---,[],"td CAM-B3LYP/6-31g(d,p)",-7.27142599467,-1.44410814137,62,2.6292,-1078.8455972,2.4445,0.25
/home/ccollins/allmols/H/opt/b3lyp/cam/854-4.log,854-4,---,[],"td CAM-B3LYP/6-31g(d,p)",-6.95114800665,-1.43540049854,82,2.9538,-1309.7706688,2.4444,0.416666666667
/home/ccollins/allmols/H/opt/b3lyp/cam/8134.log,8134,---,[],"td CAM-B3LYP/6-31g(d,p)",-6.88584068539,-1.35458268848,58,2.6599,-736.0079315,2.4600,0.216666666667
/home/ccollins/allmols/H/opt/b3lyp/cam/4485.log,4485,---,[],"td CAM-B3LYP/6-31g(d,p)",-7.21673111311,-1.31403772653,82,0.5962,-1309.7781866,2.3904,0.483333333333
/home/ccollins/allmols/H/opt/b3lyp/cam/85-5-4.log,85-5-4,---,[],"td CAM-B3LYP/6-31g(d,p)",-6.71713010547,-1.44084277531,83,3.4153,-1630.566527,2.4466,0.35
/home/ccollins/allmols/H/opt/b3lyp/cam/1312-4.log,1312-4,---,[],"td CAM-B3LYP/6-31g(d,p)",-6.05915884377,0.245718796242,55,2.1199,-669.7258932,4.0001,0.233333333333
/home/ccollins/allmols/H/opt/b3lyp/cam/55-88.log,55-88,---,[],"td CAM-B3LYP/6-31g(d,p)",-7.22407818675,-2.01881256846,83,3.6735,-1694.6353954,2.3137,0.333333333333
/home/ccollins/allmols/H/opt/b3lyp/cam/13124.log,13124,---,[],"td CAM-B3LYP/6-31g(d,p)",-6.05589347771,0.173880742856,55,1.0174,-669.7279114,3.9568,0.233333333333
/home/ccollins/allmols/H/opt/b3lyp/cam/125-412-.log,125-412-,---,[],"td CAM-B3LYP/6-31g(d,p)",-6.22025023621,-0.539873855752,76,0.5533,-1241.2989888,3.5207,0.383333333333
/home/ccollins/allmols/H/opt/b3lyp/cam/134.log,134,---,[],"td CAM-B3LYP/6-31g(d,p)",-6.48284009045,0.722190127604,38,1.5211,-440.9891633,4.7455,0.116666666667
/home/ccollins/allmols/H/opt/b3lyp/cam/51212-.log,51212-,---,[],"td CAM-B3LYP/6-31g(d,p)",-6.22950210672,-0.12490025191,56,0.4084,-1010.3722882,3.8176,0.25
/home/ccollins/allmols/H/opt/b3lyp/cam/48-1212-.log,48-1212-,---,[],"td CAM-B3LYP/6-31g(d,p)",-6.78515856511,-1.24056699011,75,1.1153,-984.5925109,2.3866,0.316666666667
/home/ccollins/allmols/H/opt/b3lyp/cam/44-813.log,44-813,---,[],"td CAM-B3LYP/6-31g(d,p)",-6.96339312939,-1.22342381828,78,1.5568,-966.9376054,2.4026,0.4
/home/ccollins/allmols/H/opt/b3lyp/cam/1312-8-.log,1312-8-,---,[],"td CAM-B3LYP/6-31g(d,p)",-6.6447478244,-1.27675813064,55,4.1768,-733.802241,2.4403,0.183333333333
/home/ccollins/allmols/H/opt/b3lyp/cam/121213-.log,121213-,---,[],"td CAM-B3LYP/6-31g(d,p)",-5.94378257621,0.381503601696,52,2.2704,-667.5229241,3.9963,0.2
/home/ccollins/allmols/H/opt/b3lyp/cam/48-513.log,48-513,---,[],"td CAM-B3LYP/6-31g(d,p)",-6.54324936261,-1.24464869769,79,1.2673,-1287.7308011,2.3942,0.516666666667
/home/ccollins/allmols/H/opt/b3lyp/cam/45-5.log,45-5,---,[],"td CAM-B3LYP/6-31g(d,p)",-6.49726212389,-0.490893364807,63,0.1448,-1335.5570359,3.6927,0.25
/home/ccollins/allmols/H/opt/b3lyp/cam/12844-.log,12844-,---,[],"td CAM-B3LYP/6-31g(d,p)",-7.18244476945,-1.26342455255,78,0.6402,-986.7823689,2.3839,0.483333333333
/home/ccollins/allmols/H/opt/b3lyp/cam/548-.log,548-,---,[],"td CAM-B3LYP/6-31g(d,p)",-7.25564339203,-1.46533302078,62,2.2858,-1078.8455448,2.3977,0.216666666667
/home/ccollins/allmols/H/opt/b3lyp/cam/845.log,845,---,[],"td CAM-B3LYP/6-31g(d,p)",-7.25591550587,-1.46533302078,62,2.2851,-1078.8455419,2.3975,0.216666666667
/home/ccollins/allmols/H/opt/b3lyp/cam/51313.log,51313,---,[],"td CAM-B3LYP/6-31g(d,p)",-5.76146630436,0.229936193604,56,2.1147,-970.6571904,3.7970,0.233333333333
/home/ccollins/allmols/H/opt/b3lyp/cam/54-1312-.log,54-1312-,---,[],"td CAM-B3LYP/6-31g(d,p)",-5.96691225249,-0.297692539412,76,1.1028,-1221.443943,3.6017,0.45
/home/ccollins/allmols/H/opt/b3lyp/cam/81313.log,81313,---,[],"td CAM-B3LYP/6-31g(d,p)",-6.41100203706,-1.30152048995,55,2.9378,-713.9531545,2.4645,0.216666666667
/home/ccollins/allmols/H/opt/b3lyp/cam/88-13.log,88-13,---,[],"td CAM-B3LYP/6-31g(d,p)",-7.63551431069,-1.81091759578,58,3.1145,-800.0732156,2.3166,0.216666666667
/home/ccollins/allmols/H/opt/b3lyp/cam/1213-13-.log,1213-13-,---,[],"td CAM-B3LYP/6-31g(d,p)",-5.73752028656,0.635113699257,52,3.1637,-647.6656468,4.0777,0.216666666667
/home/ccollins/allmols/H/opt/b3lyp/cam/1312-813-.log,1312-813-,---,[],"td CAM-B3LYP/6-31g(d,p)",-6.34515048812,-1.09389763111,72,2.2607,-942.6906769,2.4469,0.3
/home/ccollins/allmols/H/opt/b3lyp/cam/128-12-.log,128-12-,---,[],"td CAM-B3LYP/6-31g(d,p)",-7.32584876238,-1.25308422668,55,0.0010,-753.6543701,2.4216,0.2
/home/ccollins/allmols/H/opt/b3lyp/cam/1313.log,1313,---,[],"td CAM-B3LYP/6-31g(d,p)",-5.96800070784,1.45608115027,35,3.1556,-418.9322314,4.9027,0.0833333333333
/home/ccollins/allmols/H/opt/b3lyp/cam/12513-.log,12513-,---,[],"td CAM-B3LYP/6-31g(d,p)",-6.03956664739,-0.0604092721659,56,2.4314,-990.5139357,3.7101,0.25
/home/ccollins/allmols/H/opt/b3lyp/cam/58-5.log,58-5,---,[],"td CAM-B3LYP/6-31g(d,p)",-7.44503462368,-1.35948073757,63,1.1174,-1399.6459103,2.4347,0.183333333333
/home/ccollins/allmols/H/opt/b3lyp/cam/44-84.log,44-84,---,[],"td CAM-B3LYP/6-31g(d,p)",-7.28421534508,-1.29498975783,81,0.5391,-988.9853916,2.3447,0.416666666667
/home/ccollins/allmols/H/opt/b3lyp/cam/54-.log,54-,---,[],"td CAM-B3LYP/6-31g(d,p)",-7.01210150649,0.100682120276,42,0.6439,-783.8346275,4.5735,0.133333333333
/home/ccollins/allmols/H/opt/b3lyp/cam/55.log,55,---,[],"td CAM-B3LYP/6-31g(d,p)",-6.82515929939,-0.0889812252173,43,1.2153,-1104.6267674,4.2387,0.0666666666667
/home/ccollins/allmols/H/opt/b3lyp/cam/44.log,44,---,[],"td CAM-B3LYP/6-31g(d,p)",-7.24421461081,0.294699287187,41,0.0003,-463.0380883,5.0040,0.133333333333
/home/ccollins/allmols/H/opt/b3lyp/cam/512-48.log,512-48,---,[],"td CAM-B3LYP/6-31g(d,p)",-6.59059717053,-1.44138700298,79,2.2828,-1307.5834325,2.3973,0.333333333333
/home/ccollins/allmols/H/opt/b3lyp/cam/812-8.log,812-8,---,[],"td CAM-B3LYP/6-31g(d,p)",-8.14327873349,-1.73635840401,58,1.6408,-819.9271752,2.4367,0.166666666667
/home/ccollins/allmols/H/opt/b3lyp/cam/1212-4.log,1212-4,---,[],"td CAM-B3LYP/6-31g(d,p)",-6.30950357527,0.0323815467916,55,0.1396,-689.5804992,4.0137,0.25
/home/ccollins/allmols/H/opt/b3lyp/cam/125-124.log,125-124,---,[],"td CAM-B3LYP/6-31g(d,p)",-6.10215283027,-0.489260681776,76,0.3642,-1241.3041023,3.4128,0.483333333333
/home/ccollins/allmols/H/opt/b3lyp/cam/8412.log,8412,---,[],"td CAM-B3LYP/6-31g(d,p)",-7.13047102628,-1.43485627086,58,2.5405,-755.856822,2.3963,0.2
/home/ccollins/allmols/H/opt/b3lyp/cam/54.log,54,---,[],"td CAM-B3LYP/6-31g(d,p)",-7.01210150649,0.100682120276,42,0.6437,-783.8346288,4.5736,0.133333333333
/home/ccollins/allmols/H/opt/b3lyp/cam/48-1213.log,48-1213,---,[],"td CAM-B3LYP/6-31g(d,p)",-6.49209196096,-1.21308349241,75,0.8057,-964.7420651,2.3900,0.316666666667
/home/ccollins/allmols/H/opt/b3lyp/cam/88-13-12.log,88-13-12,---,[],"td CAM-B3LYP/6-31g(d,p)",-6.86815328588,-1.79567922082,75,4.0890,-1028.8063603,2.3185,0.316666666667
/home/ccollins/allmols/H/opt/b3lyp/cam/813-13.log,813-13,---,[],"td CAM-B3LYP/6-31g(d,p)",-6.4387576486,-1.26560146326,55,3.2745,-713.956136,2.4607,0.216666666667
/home/ccollins/allmols/H/opt/b3lyp/cam/1212-5.log,1212-5,---,[],"td CAM-B3LYP/6-31g(d,p)",-6.25127121381,-0.123267568879,56,0.7664,-1010.3724565,3.8279,0.216666666667
/home/ccollins/allmols/H/opt/b3lyp/cam/813-12-.log,813-12-,---,[],"td CAM-B3LYP/6-31g(d,p)",-6.69263986,-1.32029634481,55,3.0498,-733.8113981,2.4594,0.183333333333
/home/ccollins/allmols/H/opt/b3lyp/cam/13124-.log,13124-,---,[],"td CAM-B3LYP/6-31g(d,p)",-6.05670981922,0.17496919821,55,1.0193,-669.7279171,3.9583,0.233333333333
/home/ccollins/allmols/H/opt/b3lyp/cam/85-.log,85-,---,[],"td CAM-B3LYP/6-31g(d,p)",-8.06137246808,-1.50751066576,42,1.8805,-847.9168394,2.4422,0.0666666666667
/home/ccollins/allmols/H/opt/b3lyp/cam/81312.log,81312,---,[],"td CAM-B3LYP/6-31g(d,p)",-6.69291197383,-1.31893577562,55,3.0563,-733.811387,2.4587,0.183333333333
/home/ccollins/allmols/H/opt/b3lyp/cam/88-4.log,88-4,---,[],"td CAM-B3LYP/6-31g(d,p)",-8.1849121508,-1.92547752183,61,2.1333,-822.1197153,2.2834,0.183333333333
/home/ccollins/allmols/H/opt/b3lyp/cam/813-85.log,813-85,---,[],"td CAM-B3LYP/6-31g(d,p)",-7.32231128248,-1.64139067434,79,2.3790,-1351.8195064,2.4499,0.3
/home/ccollins/allmols/H/opt/b3lyp/cam/812-12-.log,812-12-,---,[],"td CAM-B3LYP/6-31g(d,p)",-6.95142012049,-1.34886829787,55,3.2637,-753.6527306,2.4380,0.166666666667
/home/ccollins/allmols/H/opt/b3lyp/cam/58-5-.log,58-5-,---,[],"td CAM-B3LYP/6-31g(d,p)",-7.44503462368,-1.36056919292,63,0.0011,-1399.6459344,2.4347,0.233333333333
/home/ccollins/allmols/H/opt/b3lyp/cam/445-4-.log,445-4-,---,[],"td CAM-B3LYP/6-31g(d,p)",-6.44474415305,-0.576609223961,82,0.5784,-1245.6883331,3.6402,0.666666666667
/home/ccollins/allmols/H/opt/b3lyp/cam/51313-.log,51313-,---,[],"td CAM-B3LYP/6-31g(d,p)",-5.79058248509,0.287352213546,56,0.9329,-970.6613102,3.8462,0.25
/home/ccollins/allmols/H/opt/b3lyp/cam/135-4-8.log,135-4-8,---,[],"td CAM-B3LYP/6-31g(d,p)",-6.37290609966,-1.40574009013,79,4.0026,-1287.7222869,2.3967,0.366666666667
/home/ccollins/allmols/H/opt/b3lyp/cam/125-413.log,125-413,---,[],"td CAM-B3LYP/6-31g(d,p)",-6.06895494196,-0.442729215378,76,1.5517,-1221.4423864,3.4957,0.383333333333
/home/ccollins/allmols/H/opt/b3lyp/cam/8131312.log,8131312,---,[],"td CAM-B3LYP/6-31g(d,p)",-6.07548567409,-1.29362918863,72,3.3710,-942.6888205,2.4647,0.316666666667
/home/ccollins/allmols/H/opt/b3lyp/cam/13812-13.log,13812-13,---,[],"td CAM-B3LYP/6-31g(d,p)",-6.33644284529,-1.09280917576,72,3.5099,-942.690384,2.4404,0.3
/home/ccollins/allmols/H/opt/b3lyp/cam/1284-13.log,1284-13,---,[],"td CAM-B3LYP/6-31g(d,p)",-6.6080124562,-1.20845755716,75,0.8829,-964.7341726,2.3837,0.383333333333
/home/ccollins/allmols/H/opt/b3lyp/cam/1212-413.log,1212-413,---,[],"td CAM-B3LYP/6-31g(d,p)",-5.98759290422,-0.155921229509,72,1.3793,-898.4564901,3.6574,0.366666666667
/home/ccollins/allmols/H/opt/b3lyp/cam/812-13-.log,812-13-,---,[],"td CAM-B3LYP/6-31g(d,p)",-6.63876131996,-1.3420654519,55,1.8237,-733.8058957,2.4449,0.2
/home/ccollins/allmols/H/opt/b3lyp/cam/584-8-.log,584-8-,---,[],"td CAM-B3LYP/6-31g(d,p)",-7.75306748896,-1.69907880812,82,2.2497,-1373.8621852,2.3933,0.416666666667
/home/ccollins/allmols/H/opt/b3lyp/cam/4412-.log,4412-,---,[],"td CAM-B3LYP/6-31g(d,p)",-6.61209416377,-0.119730088977,58,0.5816,-691.7707951,4.2226,0.233333333333
/home/ccollins/allmols/H/opt/b3lyp/cam/854-.log,854-,---,[],"td CAM-B3LYP/6-31g(d,p)",-7.2716981085,-1.44410814137,62,2.6284,-1078.8455954,2.4443,0.25
/home/ccollins/allmols/H/opt/b3lyp/cam/84-13-.log,84-13-,---,[],"td CAM-B3LYP/6-31g(d,p)",-6.76447791338,-1.38723634911,58,2.7045,-736.0009173,2.3965,0.216666666667
/home/ccollins/allmols/H/opt/b3lyp/cam/121254-.log,121254-,---,[],"td CAM-B3LYP/6-31g(d,p)",-6.05153965629,-0.467763688527,76,1.1858,-1241.2979094,3.4173,0.483333333333
/home/ccollins/allmols/H/opt/b3lyp/cam/8128-.log,8128-,---,[],"td CAM-B3LYP/6-31g(d,p)",-8.14327873349,-1.73635840401,58,1.6408,-819.9271752,2.4367,0.166666666667
/home/ccollins/allmols/H/opt/b3lyp/cam/812-124-.log,812-124-,---,[],"td CAM-B3LYP/6-31g(d,p)",-6.6031144071,-1.37281431566,75,2.9296,-984.5909557,2.4410,0.316666666667
/home/ccollins/allmols/H/opt/b3lyp/cam/1244.log,1244,---,[],"td CAM-B3LYP/6-31g(d,p)",-6.61209416377,-0.119730088977,58,0.5811,-691.770795,4.2226,0.233333333333
/home/ccollins/allmols/H/opt/b3lyp/cam/128-512-.log,128-512-,---,[],"td CAM-B3LYP/6-31g(d,p)",-6.77400189773,-1.3230174832,76,0.6094,-1305.382135,2.4346,0.366666666667
/home/ccollins/allmols/H/opt/b3lyp/cam/8413-8.log,8413-8,---,[],"td CAM-B3LYP/6-31g(d,p)",-7.10081061787,-1.5888727035,78,0.3741,-1031.0182972,2.3995,0.366666666667
/home/ccollins/allmols/H/opt/b3lyp/cam/41313-5-.log,41313-5-,---,[],"td CAM-B3LYP/6-31g(d,p)",-5.68826768178,0.0546948815556,76,0.5613,-1201.5926358,3.5781,0.416666666667
/home/ccollins/allmols/H/opt/b3lyp/cam/13812-13-.log,13812-13-,---,[],"td CAM-B3LYP/6-31g(d,p)",-6.33644284529,-1.16165397692,72,0.8898,-942.6941112,2.4460,0.3
/home/ccollins/allmols/H/opt/b3lyp/cam/124-5.log,124-5,---,[],"td CAM-B3LYP/6-31g(d,p)",-6.51712643411,-0.257419691301,59,1.1334,-1012.5672682,4.0117,0.25
/home/ccollins/allmols/H/opt/b3lyp/cam/81212-13-.log,81212-13-,---,[],"td CAM-B3LYP/6-31g(d,p)",-6.25780194594,-1.34587504564,72,3.0075,-962.5386178,2.4409,0.3
/home/ccollins/allmols/H/opt/b3lyp/cam/48-13.log,48-13,---,[],"td CAM-B3LYP/6-31g(d,p)",-7.14489305972,-1.2419275593,58,1.5886,-736.0126059,2.4000,0.2
/home/ccollins/allmols/H/opt/b3lyp/cam/12125.log,12125,---,[],"td CAM-B3LYP/6-31g(d,p)",-6.20610031661,-0.0979609818906,56,1.2384,-1010.3692625,3.8307,0.216666666667
/home/ccollins/allmols/H/opt/b3lyp/cam/512-12.log,512-12,---,[],"td CAM-B3LYP/6-31g(d,p)",-6.25127121381,-0.123267568879,56,0.7664,-1010.3724564,3.8279,0.216666666667
/home/ccollins/allmols/H/opt/b3lyp/cam/138-5-4.log,138-5-4,---,[],"td CAM-B3LYP/6-31g(d,p)",-6.78298165441,-1.23621316869,79,1.9445,-1287.7339787,2.4487,0.4
/home/ccollins/allmols/H/opt/b3lyp/cam/1244-12-.log,1244-12-,---,[],"td CAM-B3LYP/6-31g(d,p)",-6.3718176443,-0.364632543704,75,0.0004,-920.5035408,3.8597,0.583333333333
/home/ccollins/allmols/H/opt/b3lyp/cam/54812.log,54812,---,[],"td CAM-B3LYP/6-31g(d,p)",-7.02570719842,-1.27430910609,79,1.2491,-1307.5789062,2.3851,0.433333333333
/home/ccollins/allmols/H/opt/b3lyp/cam/545.log,545,---,[],"td CAM-B3LYP/6-31g(d,p)",-6.60637977316,-0.414157262326,63,1.2650,-1335.5561232,3.9307,0.25
/home/ccollins/allmols/H/opt/b3lyp/cam/1384-5-.log,1384-5-,---,[],"td CAM-B3LYP/6-31g(d,p)",-6.86842539972,-1.23512471334,79,2.1841,-1287.7341272,2.4029,0.35
/home/ccollins/allmols/H/opt/b3lyp/cam/58-4-.log,58-4-,---,[],"td CAM-B3LYP/6-31g(d,p)",-7.59986739784,-1.34016065503,62,0.6445,-1078.8531682,2.3879,0.216666666667
/home/ccollins/allmols/H/opt/b3lyp/cam/1213-.log,1213-,---,[],"td CAM-B3LYP/6-31g(d,p)",-6.2956257695,1.04056331875,35,2.1048,-438.791099,4.8077,0.0666666666667
/home/ccollins/allmols/H/opt/b3lyp/cam/121312.log,121312,---,[],"td CAM-B3LYP/6-31g(d,p)",-5.90650298032,0.469940599236,52,0.7327,-667.5285051,4.0804,0.216666666667
/home/ccollins/allmols/H/opt/b3lyp/cam/5124-8.log,5124-8,---,[],"td CAM-B3LYP/6-31g(d,p)",-6.56910017728,-1.42179480661,79,3.1945,-1307.5833013,2.3972,0.333333333333
/home/ccollins/allmols/H/opt/b3lyp/cam/485-.log,485-,---,[],"td CAM-B3LYP/6-31g(d,p)",-7.599595284,-1.34016065503,62,0.6456,-1078.853169,2.3881,0.216666666667
/home/ccollins/allmols/H/opt/b3lyp/cam/513-13.log,513-13,---,[],"td CAM-B3LYP/6-31g(d,p)",-5.81779386895,0.31157034518,56,0.8821,-970.6616099,3.8691,0.233333333333
/home/ccollins/allmols/H/opt/b3lyp/cam/413-12.log,413-12,---,[],"td CAM-B3LYP/6-31g(d,p)",-6.05344445316,0.284358961321,55,1.7350,-669.7223742,4.0508,0.216666666667
/home/ccollins/allmols/H/opt/b3lyp/cam/124-85.log,124-85,---,[],"td CAM-B3LYP/6-31g(d,p)",-6.94706629907,-1.29716666853,79,1.2018,-1307.5859539,2.3906,0.416666666667
/home/ccollins/allmols/H/opt/b3lyp/cam/45-413-.log,45-413-,---,[],"td CAM-B3LYP/6-31g(d,p)",-6.1418814507,-0.469940599236,79,0.8875,-1223.639371,3.5457,0.55
/home/ccollins/allmols/H/opt/b3lyp/cam/1385-.log,1385-,---,[],"td CAM-B3LYP/6-31g(d,p)",-7.05210224077,-1.26859471548,59,2.1213,-1056.8053236,2.4472,0.2
/home/ccollins/allmols/H/opt/b3lyp/cam/854-8.log,854-8,---,[],"td CAM-B3LYP/6-31g(d,p)",-7.47034121067,-1.7066979956,82,1.3023,-1373.8555369,2.4002,0.5
/home/ccollins/allmols/H/opt/b3lyp/cam/1385-13-.log,1385-13-,---,[],"td CAM-B3LYP/6-31g(d,p)",-6.39113772684,-1.19077015765,76,0.6123,-1265.6828606,2.4525,0.316666666667
/home/ccollins/allmols/H/opt/b3lyp/cam/85124.log,85124,---,[],"td CAM-B3LYP/6-31g(d,p)",-6.60420286246,-1.39784878881,79,3.2634,-1307.5835811,2.4457,0.333333333333
/home/ccollins/allmols/H/opt/b3lyp/cam/1312-12-.log,1312-12-,---,[],"td CAM-B3LYP/6-31g(d,p)",-5.94378257621,0.381503601696,52,2.2704,-667.5229242,3.9963,0.2
/home/ccollins/allmols/H/opt/b3lyp/cam/55-4.log,55-4,---,[],"td CAM-B3LYP/6-31g(d,p)",-6.49699001005,-0.491165478646,63,0.1445,-1335.5570322,3.6922,0.25
/home/ccollins/allmols/H/opt/b3lyp/cam/1348.log,1348,---,[],"td CAM-B3LYP/6-31g(d,p)",-6.76420579954,-1.38669212143,58,2.7066,-736.0009186,2.3971,0.216666666667
/home/ccollins/allmols/H/opt/b3lyp/cam/1212.log,1212,---,[],"td CAM-B3LYP/6-31g(d,p)",-6.62025757893,0.648719391186,35,1.0197,-458.6429143,4.7546,0.0666666666667
/home/ccollins/allmols/H/opt/b3lyp/cam/84-13-4.log,84-13-4,---,[],"td CAM-B3LYP/6-31g(d,p)",-6.40936935403,-1.399209358,78,2.6650,-966.9320623,2.3973,0.416666666667
/home/ccollins/allmols/H/opt/b3lyp/cam/813-.log,813-,---,[],"td CAM-B3LYP/6-31g(d,p)",-7.46544316158,-1.37499122637,38,2.2289,-505.0767149,2.4559,0.0666666666667
/home/ccollins/allmols/H/opt/b3lyp/cam/1213-8.log,1213-8,---,[],"td CAM-B3LYP/6-31g(d,p)",-6.7116878287,-1.36655569737,55,2.8566,-733.809677,2.4615,0.183333333333
/home/ccollins/allmols/H/opt/b3lyp/cam/8513-.log,8513-,---,[],"td CAM-B3LYP/6-31g(d,p)",-6.6961773399,-1.34968463938,59,3.9011,-1056.7943851,2.4463,0.233333333333
/home/ccollins/allmols/H/opt/b3lyp/cam/555-5-.log,555-5-,---,[],"td CAM-B3LYP/6-31g(d,p)",-6.15848039485,-0.889268024495,85,0.0010,-2208.0699504,3.1491,0.333333333333
/home/ccollins/allmols/H/opt/b3lyp/cam/813-1313.log,813-1313,---,[],"td CAM-B3LYP/6-31g(d,p)",-5.91439428164,-1.26696203245,72,3.2438,-922.8307412,2.4626,0.333333333333
/home/ccollins/allmols/H/opt/b3lyp/cam/5138-12-.log,5138-12-,---,[],"td CAM-B3LYP/6-31g(d,p)",-6.52175236936,-1.20845755716,76,1.9600,-1285.5334739,2.4434,0.3
/home/ccollins/allmols/H/opt/b3lyp/cam/4135.log,4135,---,[],"td CAM-B3LYP/6-31g(d,p)",-6.09154039056,0.0419055311421,59,0.6666,-992.7135975,3.8614,0.316666666667
/home/ccollins/allmols/H/opt/b3lyp/cam/1255.log,1255,---,[],"td CAM-B3LYP/6-31g(d,p)",-6.30623820921,-0.445450353764,60,1.4826,-1333.3582461,3.6180,0.216666666667
/home/ccollins/allmols/H/opt/b3lyp/cam/844-.log,844-,---,[],"td CAM-B3LYP/6-31g(d,p)",-7.48013730886,-1.45689749178,61,2.0842,-758.0490321,2.3969,0.25
/home/ccollins/allmols/H/opt/b3lyp/cam/1213-13.log,1213-13,---,[],"td CAM-B3LYP/6-31g(d,p)",-5.76636435345,0.689264353136,52,0.5910,-647.6702099,4.1217,0.266666666667
/home/ccollins/allmols/H/opt/b3lyp/cam/84-55-.log,84-55-,---,[],"td CAM-B3LYP/6-31g(d,p)",-6.70298018586,-1.46723781765,83,2.3496,-1630.567896,2.3980,0.4
/home/ccollins/allmols/H/opt/b3lyp/cam/125-13-.log,125-13-,---,[],"td CAM-B3LYP/6-31g(d,p)",-6.05480502235,-0.111838787658,56,1.3767,-990.5139392,3.6867,0.283333333333
/home/ccollins/allmols/H/opt/b3lyp/cam/488.log,488,---,[],"td CAM-B3LYP/6-31g(d,p)",-8.18545637847,-1.9260217495,61,2.1318,-822.1197166,2.2836,0.2
/home/ccollins/allmols/H/opt/b3lyp/cam/54-8-.log,54-8-,---,[],"td CAM-B3LYP/6-31g(d,p)",-7.25564339203,-1.46533302078,62,2.2860,-1078.8455443,2.3978,0.216666666667
/home/ccollins/allmols/H/opt/b3lyp/cam/85-13-.log,85-13-,---,[],"td CAM-B3LYP/6-31g(d,p)",-6.68447644484,-1.37063740495,59,2.4493,-1056.7946919,2.4490,0.283333333333
/home/ccollins/allmols/H/opt/b3lyp/cam/55-8-.log,55-8-,---,[],"td CAM-B3LYP/6-31g(d,p)",-7.10598078081,-1.46261188239,63,2.4605,-1399.6393915,2.4468,0.25
/home/ccollins/allmols/H/opt/b3lyp/cam/4554-.log,4554-,---,[],"td CAM-B3LYP/6-31g(d,p)",-6.25889040129,-0.736067933372,83,1.0405,-1566.4841346,3.3301,0.516666666667
/home/ccollins/allmols/H/opt/b3lyp/cam/5135-.log,5135-,---,[],"td CAM-B3LYP/6-31g(d,p)",-6.04990697326,-0.0780966716739,60,1.3385,-1313.5068812,3.7238,0.233333333333
/home/ccollins/allmols/H/opt/b3lyp/cam/131355-.log,131355-,---,[],"td CAM-B3LYP/6-31g(d,p)",-5.67901581127,-0.444634012248,77,2.2635,-1522.3796536,3.2086,0.4
/home/ccollins/allmols/H/opt/b3lyp/cam/4812-.log,4812-,---,[],"td CAM-B3LYP/6-31g(d,p)",-7.52830145829,-1.28737057035,58,0.8774,-755.8573544,2.3818,0.216666666667
/home/ccollins/allmols/H/opt/b3lyp/cam/12135-.log,12135-,---,[],"td CAM-B3LYP/6-31g(d,p)",-5.99085827029,0.158642367895,56,1.7384,-990.5180408,3.8776,0.233333333333
/home/ccollins/allmols/H/opt/b3lyp/cam/48-4.log,48-4,---,[],"td CAM-B3LYP/6-31g(d,p)",-7.79442879243,-1.32138480017,61,0.0007,-758.0603811,2.3424,0.216666666667
/home/ccollins/allmols/H/opt/b3lyp/cam/48-88.log,48-88,---,[],"td CAM-B3LYP/6-31g(d,p)",-8.24232817074,-2.43786787988,81,2.4241,-1117.1141969,2.2342,0.433333333333
/home/ccollins/allmols/H/opt/b3lyp/cam/41213.log,41213,---,[],"td CAM-B3LYP/6-31g(d,p)",-6.05616559155,0.173608629017,55,1.0173,-669.7279103,3.9567,0.233333333333
/home/ccollins/allmols/H/opt/b3lyp/cam/1285.log,1285,---,[],"td CAM-B3LYP/6-31g(d,p)",-7.38516957919,-1.30723488056,59,1.2290,-1076.6501535,2.4295,0.2
/home/ccollins/allmols/H/opt/b3lyp/cam/125128.log,125128,---,[],"td CAM-B3LYP/6-31g(d,p)",-6.49699001005,-1.33308569523,76,3.8169,-1305.3789556,2.4397,0.283333333333
/home/ccollins/allmols/H/opt/b3lyp/cam/13513-.log,13513-,---,[],"td CAM-B3LYP/6-31g(d,p)",-5.8689512706,0.109389763111,56,1.0995,-970.6586997,3.6997,0.233333333333
/home/ccollins/allmols/H/opt/b3lyp/cam/84-5-.log,84-5-,---,[],"td CAM-B3LYP/6-31g(d,p)",-7.25591550587,-1.46533302078,62,2.2851,-1078.8455419,2.3975,0.216666666667
/home/ccollins/allmols/H/opt/b3lyp/cam/135-4.log,135-4,---,[],"td CAM-B3LYP/6-31g(d,p)",-6.16990917607,-0.139322285355,59,2.1537,-992.7111354,3.7518,0.3
/home/ccollins/allmols/H/opt/b3lyp/cam/58.log,58,---,[],"td CAM-B3LYP/6-31g(d,p)",-8.06137246808,-1.5077827796,42,1.8823,-847.9168476,2.4418,0.0666666666667
/home/ccollins/allmols/H/opt/b3lyp/cam/813138.log,813138,---,[],"td CAM-B3LYP/6-31g(d,p)",-6.74434148933,-1.54723928619,75,0.2007,-1008.9710659,2.4634,0.383333333333
/home/ccollins/allmols/H/opt/b3lyp/cam/1312-13-.log,1312-13-,---,[],"td CAM-B3LYP/6-31g(d,p)",-5.78459598064,0.594296623469,52,1.7363,-647.6734401,4.0243,0.233333333333
/home/ccollins/allmols/H/opt/b3lyp/cam/1212-1212-.log,1212-1212-,---,[],"td CAM-B3LYP/6-31g(d,p)",-5.97044973239,-0.17306440134,69,0.0000,-916.1151722,3.5678,0.266666666667
/home/ccollins/allmols/H/opt/b3lyp/cam/13413.log,13413,---,[],"td CAM-B3LYP/6-31g(d,p)",-6.01235526353,0.317012621951,55,2.9915,-649.8648754,4.0865,0.233333333333
/home/ccollins/allmols/H/opt/b3lyp/cam/13512-4-.log,13512-4-,---,[],"td CAM-B3LYP/6-31g(d,p)",-5.92310192448,-0.364360429865,76,1.2674,-1221.4487334,3.3802,0.466666666667
/home/ccollins/allmols/H/opt/b3lyp/cam/44-12.log,44-12,---,[],"td CAM-B3LYP/6-31g(d,p)",-6.61182204994,-0.119730088977,58,0.5812,-691.7707951,4.2226,0.233333333333
/home/ccollins/allmols/H/opt/b3lyp/cam/4513-.log,4513-,---,[],"td CAM-B3LYP/6-31g(d,p)",-6.16990917607,-0.139322285355,59,2.1537,-992.7111354,3.7519,0.3
/home/ccollins/allmols/H/opt/b3lyp/cam/813-12.log,813-12,---,[],"td CAM-B3LYP/6-31g(d,p)",-6.71195994254,-1.36573935586,55,2.8606,-733.8096677,2.4608,0.183333333333
/home/ccollins/allmols/H/opt/b3lyp/cam/12138-.log,12138-,---,[],"td CAM-B3LYP/6-31g(d,p)",-6.69236774616,-1.32002423098,55,3.0508,-733.8113983,2.4596,0.2
/home/ccollins/allmols/H/opt/b3lyp/cam/125-8.log,125-8,---,[],"td CAM-B3LYP/6-31g(d,p)",-7.01373418953,-1.44247545834,59,2.6816,-1076.6488626,2.4471,0.233333333333
/home/ccollins/allmols/H/opt/b3lyp/cam/131312-.log,131312-,---,[],"td CAM-B3LYP/6-31g(d,p)",-5.73752028656,0.635113699257,52,3.1637,-647.6656468,4.0777,0.216666666667
/home/ccollins/allmols/H/opt/b3lyp/cam/54-4.log,54-4,---,[],"td CAM-B3LYP/6-31g(d,p)",-6.71413685324,-0.299869450121,62,0.6333,-1014.7597242,4.1105,0.283333333333
/home/ccollins/allmols/H/opt/b3lyp/cam/5513-4-.log,5513-4-,---,[],"td CAM-B3LYP/6-31g(d,p)",-5.93561916105,-0.46340986711,80,2.2939,-1544.4345161,3.3270,0.466666666667
/home/ccollins/allmols/H/opt/b3lyp/cam/81312-13-.log,81312-13-,---,[],"td CAM-B3LYP/6-31g(d,p)",-6.12228925432,-1.35158943625,72,2.0095,-942.6920698,2.4621,0.316666666667
/home/ccollins/allmols/H/opt/b3lyp/cam/134-12-.log,134-12-,---,[],"td CAM-B3LYP/6-31g(d,p)",-6.19412730771,0.120274316655,55,1.9798,-669.7217207,4.0838,0.216666666667
/home/ccollins/allmols/H/opt/b3lyp/cam/58-55.log,58-55,---,[],"td CAM-B3LYP/6-31g(d,p)",-6.85781296002,-1.43295147399,84,1.6867,-1951.3667835,2.4395,0.383333333333
/home/ccollins/allmols/H/opt/b3lyp/cam/85-13.log,85-13,---,[],"td CAM-B3LYP/6-31g(d,p)",-6.6961773399,-1.34968463938,59,3.9011,-1056.7943851,2.4463,0.233333333333
/home/ccollins/allmols/H/opt/b3lyp/cam/8454-.log,8454-,---,[],"td CAM-B3LYP/6-31g(d,p)",-6.80937669675,-1.45363212572,82,2.6650,-1309.774161,2.3976,0.433333333333
/home/ccollins/allmols/H/opt/b3lyp/cam/138-12.log,138-12,---,[],"td CAM-B3LYP/6-31g(d,p)",-7.00665922972,-1.21145080938,55,0.9716,-733.8097409,2.4431,0.183333333333
/home/ccollins/allmols/H/opt/b3lyp/cam/125-84-.log,125-84-,---,[],"td CAM-B3LYP/6-31g(d,p)",-6.84203035738,-1.31866366178,79,1.1575,-1307.5851202,2.3929,0.483333333333
/home/ccollins/allmols/H/opt/b3lyp/cam/412-12-13.log,412-12-13,---,[],"td CAM-B3LYP/6-31g(d,p)",-5.81997077965,-0.0340142298231,72,2.3724,-898.4579304,3.5668,0.4
/home/ccollins/allmols/H/opt/b3lyp/cam/58-8-13-.log,58-8-13-,---,[],"td CAM-B3LYP/6-31g(d,p)",-7.43333372862,-1.78561100879,79,2.1377,-1351.8035418,2.3142,0.316666666667
/home/ccollins/allmols/H/opt/b3lyp/cam/1213-4-5.log,1213-4-5,---,[],"td CAM-B3LYP/6-31g(d,p)",-5.96664013865,-0.298508880928,76,2.3143,-1221.4438537,3.6013,0.433333333333
/home/ccollins/allmols/H/opt/b3lyp/cam/4124-.log,4124-,---,[],"td CAM-B3LYP/6-31g(d,p)",-6.45045854366,-0.0310209775987,58,0.4671,-691.7804317,4.0647,0.25
/home/ccollins/allmols/H/opt/b3lyp/cam/84-4-.log,84-4-,---,[],"td CAM-B3LYP/6-31g(d,p)",-7.4804094227,-1.45662537795,61,2.0858,-758.0490329,2.3969,0.25
/home/ccollins/allmols/H/opt/b3lyp/cam/458.log,458,---,[],"td CAM-B3LYP/6-31g(d,p)",-7.27142599467,-1.44410814137,62,2.6290,-1078.8455948,2.4445,0.25
/home/ccollins/allmols/H/opt/b3lyp/cam/88-84-.log,88-84-,---,[],"td CAM-B3LYP/6-31g(d,p)",-8.24314451225,-2.43841210756,81,2.4291,-1117.1141931,2.2351,0.433333333333
/home/ccollins/allmols/H/opt/b3lyp/cam/51312-.log,51312-,---,[],"td CAM-B3LYP/6-31g(d,p)",-5.99412363635,0.101770575631,56,1.2328,-990.515511,3.8457,0.216666666667
/home/ccollins/allmols/H/opt/b3lyp/cam/41312.log,41312,---,[],"td CAM-B3LYP/6-31g(d,p)",-6.02786575233,0.315107825081,55,1.0684,-669.7247947,4.0610,0.216666666667
/home/ccollins/allmols/H/opt/b3lyp/cam/5125-.log,5125-,---,[],"td CAM-B3LYP/6-31g(d,p)",-6.28256430525,-0.288168555061,60,0.5508,-1333.3642598,3.7121,0.3
/home/ccollins/allmols/H/opt/b3lyp/cam/812-4-13-.log,812-4-13-,---,[],"td CAM-B3LYP/6-31g(d,p)",-6.44311147001,-1.34777984251,75,2.1944,-964.7328786,2.4406,0.333333333333
/home/ccollins/allmols/H/opt/b3lyp/cam/1212-.log,1212-,---,[],"td CAM-B3LYP/6-31g(d,p)",-6.63114213248,0.654433781797,35,0.0000,-458.6457934,4.7683,0.0666666666667
/home/ccollins/allmols/H/opt/b3lyp/cam/5812-5-.log,5812-5-,---,[],"td CAM-B3LYP/6-31g(d,p)",-6.78189319905,-1.28764268418,80,1.3087,-1628.3766837,2.4316,0.383333333333
/home/ccollins/allmols/H/opt/b3lyp/cam/544.log,544,---,[],"td CAM-B3LYP/6-31g(d,p)",-6.71413685324,-0.299869450121,62,0.6330,-1014.7597244,4.1105,0.283333333333
/home/ccollins/allmols/H/opt/b3lyp/cam/548-12.log,548-12,---,[],"td CAM-B3LYP/6-31g(d,p)",-7.02570719842,-1.27430910609,79,1.2490,-1307.5789062,2.3851,0.433333333333
/home/ccollins/allmols/H/opt/b3lyp/cam/412-5-8-.log,412-5-8-,---,[],"td CAM-B3LYP/6-31g(d,p)",-6.60393074862,-1.39784878881,79,3.2642,-1307.5835838,2.4460,0.333333333333
/home/ccollins/allmols/H/opt/b3lyp/cam/5412-12-.log,5412-12-,---,[],"td CAM-B3LYP/6-31g(d,p)",-6.15711982566,-0.404905391814,76,0.9273,-1241.299362,3.6196,0.433333333333
/home/ccollins/allmols/H/opt/b3lyp/cam/1212-13-8.log,1212-13-8,---,[],"td CAM-B3LYP/6-31g(d,p)",-6.31875544578,-1.33199723987,72,2.8600,-962.5460134,2.4609,0.3
/home/ccollins/allmols/H/opt/b3lyp/cam/813-8.log,813-8,---,[],"td CAM-B3LYP/6-31g(d,p)",-7.73973391087,-1.70724222328,58,0.3584,-800.0902113,2.4564,0.383333333333
/home/ccollins/allmols/H/opt/b3lyp/cam/512-12-.log,512-12-,---,[],"td CAM-B3LYP/6-31g(d,p)",-6.22623674066,-0.0985052095677,56,0.7282,-1010.3697386,3.8380,0.216666666667
/home/ccollins/allmols/H/opt/b3lyp/cam/44-4.log,44-4,---,[],"td CAM-B3LYP/6-31g(d,p)",-6.85318702476,-0.17496919821,61,0.0001,-693.9633146,4.3524,0.3
/home/ccollins/allmols/H/opt/b3lyp/cam/88.log,88,---,[],"td CAM-B3LYP/6-31g(d,p)",-8.47879509647,-2.15595794311,41,0.0003,-591.1816768,2.3139,0.0666666666667
/home/ccollins/allmols/H/opt/b3lyp/cam/8134-.log,8134-,---,[],"td CAM-B3LYP/6-31g(d,p)",-6.88502434388,-1.35621537151,58,2.6521,-736.0079433,2.4606,0.216666666667
/home/ccollins/allmols/H/opt/b3lyp/cam/512.log,512,---,[],"td CAM-B3LYP/6-31g(d,p)",-6.71223205637,0.225582372187,39,1.0865,-781.637534,4.4568,0.0666666666667
/home/ccollins/allmols/H/opt/b3lyp/cam/55-8-4-.log,55-8-4-,---,[],"td CAM-B3LYP/6-31g(d,p)",-6.92393662279,-1.37526334021,83,0.9169,-1630.5756826,2.3927,0.466666666667
/home/ccollins/allmols/H/opt/b3lyp/cam/138-13.log,138-13,---,[],"td CAM-B3LYP/6-31g(d,p)",-6.76665482409,-1.18097405946,55,3.1023,-713.9642987,2.4540,0.2
/home/ccollins/allmols/H/opt/b3lyp/cam/545-8-.log,545-8-,---,[],"td CAM-B3LYP/6-31g(d,p)",-6.8344111699,-1.44465236905,83,2.7685,-1630.5670976,2.4452,0.366666666667
/home/ccollins/allmols/H/opt/b3lyp/cam/485.log,485,---,[],"td CAM-B3LYP/6-31g(d,p)",-7.599595284,-1.34016065503,62,0.6455,-1078.8531691,2.3881,0.216666666667
/home/ccollins/allmols/H/opt/b3lyp/cam/1313-12-13-.log,1313-12-13-,---,[],"td CAM-B3LYP/6-31g(d,p)",-5.51765230499,0.358373925416,69,1.7438,-856.5533081,3.6344,0.35
/home/ccollins/allmols/H/opt/b3lyp/cam/134-8.log,134-8,---,[],"td CAM-B3LYP/6-31g(d,p)",-6.76420579954,-1.38642000759,58,2.7078,-736.000917,2.3969,0.216666666667
/home/ccollins/allmols/H/opt/b3lyp/cam/54-5-13.log,54-5-13,---,[],"td CAM-B3LYP/6-31g(d,p)",-6.07602990176,-0.51538361028,80,1.6231,-1544.4327046,3.4505,0.433333333333
/home/ccollins/allmols/H/opt/b3lyp/cam/1244-.log,1244-,---,[],"td CAM-B3LYP/6-31g(d,p)",-6.61182204994,-0.119730088977,58,0.5812,-691.7707951,4.2226,0.233333333333
/home/ccollins/allmols/H/opt/b3lyp/cam/128-13.log,128-13,---,[],"td CAM-B3LYP/6-31g(d,p)",-7.00665922972,-1.21117869554,55,0.9714,-733.8097399,2.4432,0.183333333333
/home/ccollins/allmols/H/opt/b3lyp/cam/134-13-.log,134-13-,---,[],"td CAM-B3LYP/6-31g(d,p)",-6.00854566979,0.315107825081,55,0.0018,-649.8650596,4.0828,0.233333333333
/home/ccollins/allmols/H/opt/b3lyp/cam/12128-13-.log,12128-13-,---,[],"td CAM-B3LYP/6-31g(d,p)",-6.56202521748,-1.14369446357,72,2.2638,-962.5410941,2.4384,0.283333333333
/home/ccollins/allmols/H/opt/b3lyp/cam/1212134.log,1212134,---,[],"td CAM-B3LYP/6-31g(d,p)",-5.80391606318,0.0127893504135,72,1.3719,-898.4573658,3.5971,0.4
/home/ccollins/allmols/H/opt/b3lyp/cam/135-5-.log,135-5-,---,[],"td CAM-B3LYP/6-31g(d,p)",-6.10133648875,-0.288712782739,60,2.6604,-1313.5032163,3.5782,0.25
/home/ccollins/allmols/H/opt/b3lyp/cam/128-5-.log,128-5-,---,[],"td CAM-B3LYP/6-31g(d,p)",-7.38462535152,-1.30777910824,59,0.2836,-1076.6501596,2.4275,0.216666666667
/home/ccollins/allmols/H/opt/b3lyp/cam/45-.log,45-,---,[],"td CAM-B3LYP/6-31g(d,p)",-7.01210150649,0.100682120276,42,0.6437,-783.8346294,4.5735,0.133333333333
/home/ccollins/allmols/H/opt/b3lyp/cam/88-48-.log,88-48-,---,[],"td CAM-B3LYP/6-31g(d,p)",-8.34518720172,-2.22616331346,81,0.6193,-1117.1279215,2.2858,0.316666666667
/home/ccollins/allmols/H/opt/b3lyp/cam/88-8.log,88-8,---,[],"td CAM-B3LYP/6-31g(d,p)",-8.4875027393,-2.55133935057,61,0.0003,-886.1758762,2.2445,0.166666666667
/home/ccollins/allmols/H/opt/b3lyp/cam/1212128-.log,1212128-,---,[],"td CAM-B3LYP/6-31g(d,p)",-6.42297504596,-1.29743878237,72,3.6927,-982.3841965,2.4379,0.266666666667
/home/ccollins/allmols/H/opt/b3lyp/cam/558-4-.log,558-4-,---,[],"td CAM-B3LYP/6-31g(d,p)",-6.90570499561,-1.36873260808,83,1.6100,-1630.5740411,2.3915,0.466666666667
/home/ccollins/allmols/H/opt/b3lyp/cam/512-124-.log,512-124-,---,[],"td CAM-B3LYP/6-31g(d,p)",-6.07004339731,-0.343407664294,76,0.6393,-1241.307208,3.5069,0.4
/home/ccollins/allmols/H/opt/b3lyp/cam/1213-4.log,1213-4,---,[],"td CAM-B3LYP/6-31g(d,p)",-6.053716567,0.285175302837,55,1.7338,-669.7223808,4.0516,0.216666666667
/home/ccollins/allmols/H/opt/b3lyp/cam/135-58.log,135-58,---,[],"td CAM-B3LYP/6-31g(d,p)",-6.36202154612,-1.39431130891,80,3.8859,-1608.5163053,2.4466,0.316666666667
/home/ccollins/allmols/H/opt/b3lyp/cam/124-8-.log,124-8-,---,[],"td CAM-B3LYP/6-31g(d,p)",-7.1299267986,-1.43431204318,58,2.5427,-755.8568218,2.3967,0.2
/home/ccollins/allmols/H/opt/b3lyp/cam/1354.log,1354,---,[],"td CAM-B3LYP/6-31g(d,p)",-6.15222177657,-0.179595133466,59,0.8394,-992.7110645,3.7212,0.233333333333
/home/ccollins/allmols/H/opt/b3lyp/cam/121312-.log,121312-,---,[],"td CAM-B3LYP/6-31g(d,p)",-5.93317013651,0.446538809118,52,1.6125,-667.5266261,4.0730,0.216666666667
/home/ccollins/allmols/H/opt/b3lyp/cam/4445-.log,4445-,---,[],"td CAM-B3LYP/6-31g(d,p)",-6.56583481122,-0.508852878154,82,0.6315,-1245.6849485,3.8659,0.8
/home/ccollins/allmols/H/opt/b3lyp/cam/135-5-13.log,135-5-13,---,[],"td CAM-B3LYP/6-31g(d,p)",-5.77507199629,-0.430211978803,77,3.7934,-1522.3796957,3.2140,0.35
/home/ccollins/allmols/H/opt/b3lyp/cam/84-12-.log,84-12-,---,[],"td CAM-B3LYP/6-31g(d,p)",-7.13047102628,-1.43485627086,58,2.5405,-755.856822,2.3963,0.2
/home/ccollins/allmols/H/opt/b3lyp/cam/5412-12.log,5412-12,---,[],"td CAM-B3LYP/6-31g(d,p)",-6.17970527426,-0.433477344866,76,0.8012,-1241.3019985,3.6096,0.433333333333
/home/ccollins/allmols/H/opt/b3lyp/cam/558-5-.log,558-5-,---,[],"td CAM-B3LYP/6-31g(d,p)",-6.85944564305,-1.43322358783,84,1.1374,-1951.3668266,2.4390,0.4
/home/ccollins/allmols/H/opt/b3lyp/cam/8135-4.log,8135-4,---,[],"td CAM-B3LYP/6-31g(d,p)",-6.52039180017,-1.38533155224,79,2.9847,-1287.7295249,2.4622,0.366666666667
/home/ccollins/allmols/H/opt/b3lyp/cam/131312-5.log,131312-5,---,[],"td CAM-B3LYP/6-31g(d,p)",-5.6425525569,-0.043266100335,73,2.4528,-1199.3924988,3.4862,0.383333333333
/home/ccollins/allmols/H/opt/b3lyp/cam/124-13-.log,124-13-,---,[],"td CAM-B3LYP/6-31g(d,p)",-6.19412730771,0.120274316655,55,1.9798,-669.7217208,4.0839,0.216666666667
/home/ccollins/allmols/H/opt/b3lyp/cam/12413.log,12413,---,[],"td CAM-B3LYP/6-31g(d,p)",-6.19521576306,0.119730088977,55,1.1135,-669.7218862,4.0850,0.216666666667
/home/ccollins/allmols/H/opt/b3lyp/cam/45-12.log,45-12,---,[],"td CAM-B3LYP/6-31g(d,p)",-6.42052602141,-0.325176037109,59,0.1343,-1012.5663363,3.7949,0.266666666667
/home/ccollins/allmols/H/opt/b3lyp/cam/55-.log,55-,---,[],"td CAM-B3LYP/6-31g(d,p)",-6.84066978819,-0.0903417944102,43,0.0003,-1104.6283828,4.2393,0.0833333333333
/home/ccollins/allmols/H/opt/b3lyp/cam/81313-.log,81313-,---,[],"td CAM-B3LYP/6-31g(d,p)",-6.4387576486,-1.26560146326,55,3.2745,-713.956136,2.4607,0.233333333333
/home/ccollins/allmols/H/opt/b3lyp/cam/131313-.log,131313-,---,[],"td CAM-B3LYP/6-31g(d,p)",-5.5650001129,0.947228272114,52,1.5351,-627.811546,4.1722,0.233333333333
/home/ccollins/allmols/H/opt/b3lyp/cam/44-4-12-.log,44-4-12-,---,[],"td CAM-B3LYP/6-31g(d,p)",-6.48855448106,-0.395381407464,78,0.5902,-922.6960405,3.9275,0.683333333333
/home/ccollins/allmols/H/opt/b3lyp/cam/1212-55-.log,1212-55-,---,[],"td CAM-B3LYP/6-31g(d,p)",-6.07358087722,-0.619603210458,77,0.2157,-1562.0948307,3.3076,0.316666666667
/home/ccollins/allmols/H/opt/b3lyp/cam/88-4-8.log,88-4-8,---,[],"td CAM-B3LYP/6-31g(d,p)",-8.34518720172,-2.22616331346,81,0.6193,-1117.1279215,2.2858,0.316666666667
/home/ccollins/allmols/H/opt/b3lyp/cam/813-5-.log,813-5-,---,[],"td CAM-B3LYP/6-31g(d,p)",-6.761756775,-1.36029707909,59,2.8592,-1056.8005831,2.4616,0.216666666667
/home/ccollins/allmols/H/opt/b3lyp/cam/85-138.log,85-138,---,[],"td CAM-B3LYP/6-31g(d,p)",-7.02189760468,-1.64764929263,79,1.3278,-1351.8112644,2.4481,0.383333333333
/home/ccollins/allmols/H/opt/b3lyp/cam/88-.log,88-,---,[],"td CAM-B3LYP/6-31g(d,p)",-8.47879509647,-2.15595794311,41,0.0003,-591.1816768,2.3139,0.05
/home/ccollins/allmols/H/opt/b3lyp/cam/812-.log,812-,---,[],"td CAM-B3LYP/6-31g(d,p)",-7.96694896609,-1.45526480875,38,2.1383,-524.9210118,2.4357,0.05
/home/ccollins/allmols/H/opt/b3lyp/cam/1213135.log,1213135,---,[],"td CAM-B3LYP/6-31g(d,p)",-5.5840480816,0.0530621985241,73,1.6867,-1199.3932573,3.5115,0.35
/home/ccollins/allmols/H/opt/b3lyp/cam/1313-12.log,1313-12,---,[],"td CAM-B3LYP/6-31g(d,p)",-5.76636435345,0.689264353136,52,0.5909,-647.67021,4.1217,0.266666666667
/home/ccollins/allmols/H/opt/b3lyp/cam/44-.log,44-,---,[],"td CAM-B3LYP/6-31g(d,p)",-7.24421461081,0.293338717995,41,0.0005,-463.0380831,5.0031,0.133333333333
/home/ccollins/allmols/H/opt/b3lyp/cam/551212-.log,551212-,---,[],"td CAM-B3LYP/6-31g(d,p)",-6.0262330693,-0.60953499843,77,0.8523,-1562.0930655,3.2861,0.383333333333
/home/ccollins/allmols/H/opt/b3lyp/cam/54-8-4-.log,54-8-4-,---,[],"td CAM-B3LYP/6-31g(d,p)",-7.09754525181,-1.30533008369,82,0.8876,-1309.7819252,2.3459,0.583333333333
/home/ccollins/allmols/H/opt/b3lyp/cam/1312.log,1312,---,[],"td CAM-B3LYP/6-31g(d,p)",-6.27684991464,1.02478071611,35,1.2614,-438.7934287,4.7861,0.0833333333333
/home/ccollins/allmols/H/opt/b3lyp/cam/58-13-8.log,58-13-8,---,[],"td CAM-B3LYP/6-31g(d,p)",-7.3217670548,-1.64166278818,79,2.3780,-1351.8195098,2.4500,0.3
/home/ccollins/allmols/H/opt/b3lyp/cam/4413-13.log,4413-13,---,[],"td CAM-B3LYP/6-31g(d,p)",-5.79548053418,-0.0552391092327,75,0.9001,-880.7934105,3.6961,0.533333333333
/home/ccollins/allmols/H/opt/b3lyp/cam/512138.log,512138,---,[],"td CAM-B3LYP/6-31g(d,p)",-6.33426593458,-1.31077236046,76,3.5945,-1285.5378044,2.4605,0.316666666667
/home/ccollins/allmols/H/opt/b3lyp/cam/131244-.log,131244-,---,[],"td CAM-B3LYP/6-31g(d,p)",-5.99630054706,-0.256603349786,75,0.9279,-900.6529588,3.6468,0.616666666667
/home/ccollins/allmols/H/opt/b3lyp/cam/13513-13.log,13513-13,---,[],"td CAM-B3LYP/6-31g(d,p)",-5.57778946331,-0.0089797566733,73,1.6320,-1179.5378292,3.4049,0.383333333333
/home/ccollins/allmols/H/opt/b3lyp/cam/12813.log,12813,---,[],"td CAM-B3LYP/6-31g(d,p)",-7.00665922972,-1.21117869554,55,0.9714,-733.8097399,2.4432,0.183333333333
/home/ccollins/allmols/H/opt/b3lyp/cam/812.log,812,---,[],"td CAM-B3LYP/6-31g(d,p)",-7.96694896609,-1.45526480875,38,2.1383,-524.9210118,2.4357,0.05
/home/ccollins/allmols/H/opt/b3lyp/cam/512-12-4-.log,512-12-4-,---,[],"td CAM-B3LYP/6-31g(d,p)",-6.045281038,-0.327352947818,76,0.5377,-1241.3046449,3.4898,0.4
/home/ccollins/allmols/H/opt/b3lyp/cam/412-5.log,412-5,---,[],"td CAM-B3LYP/6-31g(d,p)",-6.37100130279,-0.16735001073,59,0.2218,-1012.5724582,3.8737,0.216666666667
/home/ccollins/allmols/H/opt/b3lyp/cam/58-134-.log,58-134-,---,[],"td CAM-B3LYP/6-31g(d,p)",-6.64365936905,-1.25961495881,79,1.1093,-1287.7367137,2.4515,0.366666666667
/home/ccollins/allmols/H/opt/b3lyp/cam/41312-5-.log,41312-5-,---,[],"td CAM-B3LYP/6-31g(d,p)",-5.85425712332,-0.151295294253,76,2.0872,-1221.4488864,3.5166,0.383333333333
/home/ccollins/allmols/H/opt/b3lyp/cam/513-.log,513-,---,[],"td CAM-B3LYP/6-31g(d,p)",-6.38787236078,0.504226942898,39,2.1605,-761.7824617,4.4047,0.0666666666667
/home/ccollins/allmols/H/opt/b3lyp/cam/84-4-8.log,84-4-8,---,[],"td CAM-B3LYP/6-31g(d,p)",-7.677147728,-1.59268229724,81,0.0004,-1053.0591867,2.3983,0.416666666667
/home/ccollins/allmols/H/opt/b3lyp/cam/58-58-.log,58-58-,---,[],"td CAM-B3LYP/6-31g(d,p)",-7.61456154512,-1.89527288574,83,2.6199,-1694.6544229,2.4379,0.333333333333
/home/ccollins/allmols/H/opt/b3lyp/cam/48-12-.log,48-12-,---,[],"td CAM-B3LYP/6-31g(d,p)",-7.52830145829,-1.28737057035,58,0.8774,-755.8573544,2.3818,0.216666666667
/home/ccollins/allmols/H/opt/b3lyp/cam/84-5.log,84-5,---,[],"td CAM-B3LYP/6-31g(d,p)",-7.25591550587,-1.46533302078,62,2.2854,-1078.8455433,2.3975,0.216666666667
/home/ccollins/allmols/H/opt/b3lyp/cam/88-1312-.log,88-1312-,---,[],"td CAM-B3LYP/6-31g(d,p)",-6.86815328588,-1.79567922082,75,4.0890,-1028.8063603,2.3185,0.333333333333
/home/ccollins/allmols/H/opt/b3lyp/cam/41313-.log,41313-,---,[],"td CAM-B3LYP/6-31g(d,p)",-5.83820240684,0.490621250969,55,0.6482,-649.8682608,4.0668,0.233333333333
/home/ccollins/allmols/H/opt/b3lyp/cam/85125.log,85125,---,[],"td CAM-B3LYP/6-31g(d,p)",-6.50542553905,-1.38642000759,80,3.8018,-1628.3749009,2.4454,0.283333333333
/home/ccollins/allmols/H/opt/b3lyp/cam/5134.log,5134,---,[],"td CAM-B3LYP/6-31g(d,p)",-6.09154039056,0.0416334173035,59,0.6664,-992.7135958,3.8613,0.316666666667
/home/ccollins/allmols/H/opt/b3lyp/cam/84-13.log,84-13,---,[],"td CAM-B3LYP/6-31g(d,p)",-6.76447791338,-1.38723634911,58,2.7047,-736.0009171,2.3965,0.216666666667
/home/ccollins/allmols/H/opt/b3lyp/cam/125-.log,125-,---,[],"td CAM-B3LYP/6-31g(d,p)",-6.72610986214,0.22313334764,39,0.2251,-781.6377253,4.4540,0.0666666666667
/home/ccollins/allmols/H/opt/b3lyp/cam/4513-13.log,4513-13,---,[],"td CAM-B3LYP/6-31g(d,p)",-5.73724817272,-0.221772778447,76,1.0686,-1201.5903107,3.4103,0.5
/home/ccollins/allmols/H/opt/b3lyp/cam/1388.log,1388,---,[],"td CAM-B3LYP/6-31g(d,p)",-7.63578642453,-1.81010125427,58,3.1169,-800.0732153,2.3163,0.216666666667
/home/ccollins/allmols/H/opt/b3lyp/cam/13125-.log,13125-,---,[],"td CAM-B3LYP/6-31g(d,p)",-6.01997445101,-0.00163268303151,56,1.4348,-990.51996,3.7703,0.25
/home/ccollins/allmols/H/opt/b3lyp/cam/54-4-5-.log,54-4-5-,---,[],"td CAM-B3LYP/6-31g(d,p)",-6.50025537612,-0.58259572841,83,0.0005,-1566.4813521,3.7589,0.466666666667
/home/ccollins/allmols/H/opt/b3lyp/cam/58-12.log,58-12,---,[],"td CAM-B3LYP/6-31g(d,p)",-7.38516957919,-1.30723488056,59,1.2288,-1076.6501547,2.4295,0.2
/home/ccollins/allmols/H/opt/b3lyp/cam/124-128-.log,124-128-,---,[],"td CAM-B3LYP/6-31g(d,p)",-6.69427254303,-1.36437878666,75,3.3837,-984.5889809,2.4409,0.333333333333
/home/ccollins/allmols/H/opt/b3lyp/cam/84-513-.log,84-513-,---,[],"td CAM-B3LYP/6-31g(d,p)",-6.3731782135,-1.40601220397,79,4.0024,-1287.7222855,2.3966,0.366666666667
/home/ccollins/allmols/H/opt/b3lyp/cam/88-8-.log,88-8-,---,[],"td CAM-B3LYP/6-31g(d,p)",-8.4875027393,-2.55133935057,61,0.0003,-886.1758762,2.2445,0.166666666667
/home/ccollins/allmols/H/opt/b3lyp/cam/81312-.log,81312-,---,[],"td CAM-B3LYP/6-31g(d,p)",-6.71195994254,-1.36573935586,55,2.8606,-733.8096677,2.4608,0.183333333333
/home/ccollins/allmols/H/opt/b3lyp/cam/1344.log,1344,---,[],"td CAM-B3LYP/6-31g(d,p)",-6.32283715336,0.0331978883074,58,1.4934,-671.9142721,4.1471,0.266666666667
/home/ccollins/allmols/H/opt/b3lyp/cam/125-5.log,125-5,---,[],"td CAM-B3LYP/6-31g(d,p)",-6.35168122025,-0.464770436303,60,0.6142,-1333.3600833,3.6193,0.25
/home/ccollins/allmols/H/opt/b3lyp/cam/1313-124.log,1313-124,---,[],"td CAM-B3LYP/6-31g(d,p)",-5.67602255904,0.137417488485,72,0.9346,-878.6050379,3.6428,0.4
/home/ccollins/allmols/H/opt/b3lyp/cam/13454-.log,13454-,---,[],"td CAM-B3LYP/6-31g(d,p)",-6.1418814507,-0.470212713075,79,0.8873,-1223.6393698,3.5456,0.55
/home/ccollins/allmols/H/opt/b3lyp/cam/8138-5.log,8138-5,---,[],"td CAM-B3LYP/6-31g(d,p)",-7.32203916864,-1.63975799131,79,2.2845,-1351.8195187,2.4493,0.3
/home/ccollins/allmols/H/opt/b3lyp/cam/513-1312.log,513-1312,---,[],"td CAM-B3LYP/6-31g(d,p)",-5.64010353235,0.135240577777,73,1.1536,-1199.3969997,3.6034,0.383333333333
/home/ccollins/allmols/H/opt/b3lyp/cam/513-12-.log,513-12-,---,[],"td CAM-B3LYP/6-31g(d,p)",-5.99085827029,0.158642367895,56,1.7384,-990.5180408,3.8776,0.233333333333
/home/ccollins/allmols/H/opt/b3lyp/cam/125-4-.log,125-4-,---,[],"td CAM-B3LYP/6-31g(d,p)",-6.42052602141,-0.325448150948,59,0.1345,-1012.5663353,3.7949,0.266666666667
/home/ccollins/allmols/H/opt/b3lyp/cam/1213-12.log,1213-12,---,[],"td CAM-B3LYP/6-31g(d,p)",-5.9641911141,0.425313929708,52,2.3357,-667.5242421,4.0713,0.25
/home/ccollins/allmols/H/opt/b3lyp/cam/413-.log,413-,---,[],"td CAM-B3LYP/6-31g(d,p)",-6.48284009045,0.721918013766,38,1.5209,-440.9891633,4.7453,0.116666666667
/home/ccollins/allmols/H/opt/b3lyp/cam/8131313-.log,8131313-,---,[],"td CAM-B3LYP/6-31g(d,p)",-5.92201346912,-1.26179186952,72,3.9313,-922.8322936,2.4650,0.333333333333
/home/ccollins/allmols/H/opt/b3lyp/cam/121313-8.log,121313-8,---,[],"td CAM-B3LYP/6-31g(d,p)",-6.1002480334,-1.27893504135,72,3.5397,-942.6914302,2.4625,0.3
/home/ccollins/allmols/H/opt/b3lyp/cam/4121312.log,4121312,---,[],"td CAM-B3LYP/6-31g(d,p)",-5.78840557438,-0.00408170757877,72,0.6137,-898.463089,3.5991,0.4
/home/ccollins/allmols/H/opt/b3lyp/cam/125-4.log,125-4,---,[],"td CAM-B3LYP/6-31g(d,p)",-6.42052602141,-0.325448150948,59,0.1345,-1012.5663333,3.7947,0.266666666667
/home/ccollins/allmols/H/opt/b3lyp/cam/128-124.log,128-124,---,[],"td CAM-B3LYP/6-31g(d,p)",-6.87413979033,-1.2109065817,75,0.8469,-984.589685,2.4267,0.366666666667
/home/ccollins/allmols/H/opt/b3lyp/cam/1213-134-.log,1213-134-,---,[],"td CAM-B3LYP/6-31g(d,p)",-5.67384564833,0.243541885533,72,0.5872,-878.6015166,3.7188,0.383333333333
/home/ccollins/allmols/H/opt/b3lyp/cam/413-13.log,413-13,---,[],"td CAM-B3LYP/6-31g(d,p)",-5.83820240684,0.490077023291,55,0.6485,-649.8682589,4.0664,0.233333333333
/home/ccollins/allmols/H/opt/b3lyp/cam/12413-5.log,12413-5,---,[],"td CAM-B3LYP/6-31g(d,p)",-5.97044973239,-0.228303510573,76,2.2794,-1221.4463446,3.5914,0.416666666667
/home/ccollins/allmols/H/opt/b3lyp/cam/513.log,513,---,[],"td CAM-B3LYP/6-31g(d,p)",-6.37072918895,0.477559786717,39,0.9155,-761.7823378,4.3915,0.0833333333333
/home/ccollins/allmols/H/opt/b3lyp/cam/51213-12.log,51213-12,---,[],"td CAM-B3LYP/6-31g(d,p)",-5.80065069711,-0.127077162619,73,2.6773,-1219.2507051,3.5106,0.316666666667
/home/ccollins/allmols/H/opt/b3lyp/cam/138-5-5-.log,138-5-5-,---,[],"td CAM-B3LYP/6-31g(d,p)",-6.68229953413,-1.25417268204,80,2.4846,-1608.5261672,2.4508,0.3
/home/ccollins/allmols/H/opt/b3lyp/cam/513-4-.log,513-4-,---,[],"td CAM-B3LYP/6-31g(d,p)",-6.11548640836,0.0587765891343,59,1.7738,-992.7137629,3.8789,0.233333333333
/home/ccollins/allmols/H/opt/b3lyp/cam/5134-.log,5134-,---,[],"td CAM-B3LYP/6-31g(d,p)",-6.09154039056,0.0416334173035,59,0.6664,-992.7135961,3.8613,0.316666666667
/home/ccollins/allmols/H/opt/b3lyp/cam/88-13-.log,88-13-,---,[],"td CAM-B3LYP/6-31g(d,p)",-7.63551431069,-1.81091759578,58,3.1145,-800.0732156,2.3166,0.2
/home/ccollins/allmols/H/opt/b3lyp/cam/812-5-8-.log,812-5-8-,---,[],"td CAM-B3LYP/6-31g(d,p)",-7.2385002202,-1.71975945986,79,2.9659,-1371.6571114,2.4407,0.35
/home/ccollins/allmols/H/opt/b3lyp/cam/85-5.log,85-5,---,[],"td CAM-B3LYP/6-31g(d,p)",-7.10625289464,-1.46288399623,63,2.4592,-1399.6393899,2.4466,0.25
/home/ccollins/allmols/H/opt/b3lyp/cam/1313128-.log,1313128-,---,[],"td CAM-B3LYP/6-31g(d,p)",-6.00119859615,-1.34152122422,72,0.9541,-942.6818086,2.4483,0.3
/home/ccollins/allmols/H/opt/b3lyp/cam/58-.log,58-,---,[],"td CAM-B3LYP/6-31g(d,p)",-8.06137246808,-1.5077827796,42,1.8823,-847.9168476,2.4418,0.0666666666667
/home/ccollins/allmols/H/opt/b3lyp/cam/128-54-.log,128-54-,---,[],"td CAM-B3LYP/6-31g(d,p)",-6.96584215394,-1.31621463724,79,1.0002,-1307.5788493,2.4321,0.433333333333
/home/ccollins/allmols/H/opt/b3lyp/cam/541313-.log,541313-,---,[],"td CAM-B3LYP/6-31g(d,p)",-5.78187484225,-0.191023914687,76,1.1612,-1201.5898625,3.5803,0.45
/home/ccollins/allmols/H/opt/b3lyp/cam/138-1312.log,138-1312,---,[],"td CAM-B3LYP/6-31g(d,p)",-6.34841585419,-1.15076942338,72,3.1375,-942.6990916,2.4590,0.3
/home/ccollins/allmols/H/opt/b3lyp/cam/12813-.log,12813-,---,[],"td CAM-B3LYP/6-31g(d,p)",-7.00665922972,-1.21172292322,55,2.2120,-733.809477,2.4373,0.183333333333
/home/ccollins/allmols/H/opt/b3lyp/cam/45-5-.log,45-5-,---,[],"td CAM-B3LYP/6-31g(d,p)",-6.47630935832,-0.489532795614,63,1.1384,-1335.5554257,3.6867,0.283333333333
/home/ccollins/allmols/H/opt/b3lyp/cam/1388-12-.log,1388-12-,---,[],"td CAM-B3LYP/6-31g(d,p)",-7.4112925077,-1.73499783482,75,2.2519,-1028.8076652,2.3099,0.316666666667
/home/ccollins/allmols/H/opt/b3lyp/cam/125.log,125,---,[],"td CAM-B3LYP/6-31g(d,p)",-6.71223205637,0.225582372187,39,1.0865,-781.637534,4.4568,0.0666666666667
/home/ccollins/allmols/H/opt/b3lyp/cam/513-8.log,513-8,---,[],"td CAM-B3LYP/6-31g(d,p)",-6.78407010976,-1.38750846294,59,2.6770,-1056.8009371,2.4603,0.2
/home/ccollins/allmols/H/opt/b3lyp/cam/134-8-.log,134-8-,---,[],"td CAM-B3LYP/6-31g(d,p)",-6.76420579954,-1.38642000759,58,2.7078,-736.000917,2.3969,0.216666666667
/home/ccollins/allmols/H/opt/b3lyp/cam/134-13-13-.log,134-13-13-,---,[],"td CAM-B3LYP/6-31g(d,p)",-5.82840630865,0.233473673506,72,1.4211,-858.7441935,3.8688,0.45
/home/ccollins/allmols/H/opt/b3lyp/cam/513-48.log,513-48,---,[],"td CAM-B3LYP/6-31g(d,p)",-6.35004853722,-1.42097846509,79,2.5115,-1287.7252671,2.3981,0.366666666667
/home/ccollins/allmols/H/opt/b3lyp/cam/13138-5-.log,13138-5-,---,[],"td CAM-B3LYP/6-31g(d,p)",-6.24610105088,-1.22206324908,76,3.1947,-1265.6816655,2.4550,0.316666666667
/home/ccollins/allmols/H/opt/b3lyp/cam/5513-.log,5513-,---,[],"td CAM-B3LYP/6-31g(d,p)",-6.10133648875,-0.288712782739,60,2.6604,-1313.5032162,3.5782,0.25
/home/ccollins/allmols/H/opt/b3lyp/cam/858-.log,858-,---,[],"td CAM-B3LYP/6-31g(d,p)",-8.19171499676,-1.90153150403,62,1.0776,-1142.924903,2.4432,0.2
/home/ccollins/allmols/H/opt/b3lyp/cam/12413-4-.log,12413-4-,---,[],"td CAM-B3LYP/6-31g(d,p)",-6.00038225464,-0.143131879096,75,1.6344,-900.6530284,3.6950,0.6
/home/ccollins/allmols/H/opt/b3lyp/cam/135-13-12-.log,135-13-12-,---,[],"td CAM-B3LYP/6-31g(d,p)",-5.66323320863,-0.106124397048,73,1.1245,-1199.3941226,3.3955,0.383333333333
/home/ccollins/allmols/H/opt/b3lyp/cam/125-13-8.log,125-13-8,---,[],"td CAM-B3LYP/6-31g(d,p)",-6.38705601927,-1.36274610363,76,3.0410,-1285.5321677,2.4629,0.3
/home/ccollins/allmols/H/opt/b3lyp/cam/54-13.log,54-13,---,[],"td CAM-B3LYP/6-31g(d,p)",-6.26487690574,-0.118913747462,59,0.8513,-992.7107413,3.9531,0.266666666667
/home/ccollins/allmols/H/opt/b3lyp/cam/812-12-12-.log,812-12-12-,---,[],"td CAM-B3LYP/6-31g(d,p)",-6.4232471598,-1.29743878237,72,3.6933,-982.384192,2.4373,0.283333333333
/home/ccollins/allmols/H/opt/b3lyp/cam/12138-13-.log,12138-13-,---,[],"td CAM-B3LYP/6-31g(d,p)",-6.34052455287,-1.15621170015,72,0.8378,-942.6992998,2.4627,0.283333333333
/home/ccollins/allmols/H/opt/b3lyp/cam/48-.log,48-,---,[],"td CAM-B3LYP/6-31g(d,p)",-8.19742938737,-1.49526554302,41,1.4591,-527.123996,2.3941,0.1
/home/ccollins/allmols/H/opt/b3lyp/cam/128-.log,128-,---,[],"td CAM-B3LYP/6-31g(d,p)",-7.96694896609,-1.45499269491,38,2.1393,-524.9210049,2.4357,0.05
/home/ccollins/allmols/H/opt/b3lyp/cam/131212-.log,131212-,---,[],"td CAM-B3LYP/6-31g(d,p)",-5.97806891987,0.304767499215,52,1.5236,-667.5279925,3.9671,0.2
/home/ccollins/allmols/H/opt/b3lyp/cam/545-5-.log,545-5-,---,[],"td CAM-B3LYP/6-31g(d,p)",-6.30895934759,-0.738244844081,84,0.5557,-1887.2769489,3.4201,0.466666666667
/home/ccollins/allmols/H/opt/b3lyp/cam/544-13.log,544-13,---,[],"td CAM-B3LYP/6-31g(d,p)",-6.22814153753,-0.400551570397,79,0.8571,-1223.6359546,3.7547,0.516666666667
/home/ccollins/allmols/H/opt/b3lyp/cam/812-1212-.log,812-1212-,---,[],"td CAM-B3LYP/6-31g(d,p)",-6.48855448106,-1.37363065718,72,3.1907,-982.3908483,2.4412,0.283333333333
/home/ccollins/allmols/H/opt/b3lyp/cam/513-4-5.log,513-4-5,---,[],"td CAM-B3LYP/6-31g(d,p)",-6.01589274344,-0.377149780279,80,2.3067,-1544.4352254,3.5337,0.45
/home/ccollins/allmols/H/opt/b3lyp/cam/13812.log,13812,---,[],"td CAM-B3LYP/6-31g(d,p)",-7.00665922972,-1.21145080938,55,0.9715,-733.8097409,2.4431,0.183333333333
/home/ccollins/allmols/H/opt/b3lyp/cam/81388.log,81388,---,[],"td CAM-B3LYP/6-31g(d,p)",-7.85728708914,-2.16548192746,78,0.9019,-1095.0858839,2.3185,0.35
/home/ccollins/allmols/H/opt/b3lyp/cam/13135-.log,13135-,---,[],"td CAM-B3LYP/6-31g(d,p)",-5.78622866367,0.260412943526,56,3.1250,-970.6571109,3.8228,0.266666666667
/home/ccollins/allmols/H/opt/b3lyp/cam/135-13-.log,135-13-,---,[],"td CAM-B3LYP/6-31g(d,p)",-5.8689512706,0.109389763111,56,1.0995,-970.6586997,3.6997,0.233333333333
/home/ccollins/allmols/H/opt/b3lyp/cam/12812-12-.log,12812-12-,---,[],"td CAM-B3LYP/6-31g(d,p)",-6.70270807202,-1.17716446572,72,1.2603,-982.3860777,2.4240,0.316666666667
/home/ccollins/allmols/H/opt/b3lyp/cam/13512-.log,13512-,---,[],"td CAM-B3LYP/6-31g(d,p)",-6.05480502235,-0.111838787658,56,1.3767,-990.5139393,3.6867,0.266666666667
/home/ccollins/allmols/H/opt/b3lyp/cam/445.log,445,---,[],"td CAM-B3LYP/6-31g(d,p)",-6.71413685324,-0.299869450121,62,0.6330,-1014.759724,4.1105,0.3
/home/ccollins/allmols/H/opt/b3lyp/cam/138-13-.log,138-13-,---,[],"td CAM-B3LYP/6-31g(d,p)",-6.76366157187,-1.18859324694,55,0.0067,-713.9645882,2.4590,0.2
/home/ccollins/allmols/H/opt/b3lyp/cam/5124-.log,5124-,---,[],"td CAM-B3LYP/6-31g(d,p)",-6.35059276489,-0.167622124568,59,0.9614,-1012.572317,3.8658,0.233333333333
/home/ccollins/allmols/H/opt/b3lyp/cam/5512.log,5512,---,[],"td CAM-B3LYP/6-31g(d,p)",-6.30623820921,-0.445450353764,60,1.4826,-1333.3582461,3.6180,0.216666666667
/home/ccollins/allmols/H/opt/b3lyp/cam/44-124.log,44-124,---,[],"td CAM-B3LYP/6-31g(d,p)",-6.32202081184,-0.34422400581,78,0.4668,-922.7054306,3.7609,0.65
/home/ccollins/allmols/H/opt/b3lyp/cam/134-412-.log,134-412-,---,[],"td CAM-B3LYP/6-31g(d,p)",-6.18324275416,-0.260685057364,75,1.9613,-900.6470014,3.8159,0.516666666667
/home/ccollins/allmols/H/opt/b3lyp/cam/5135.log,5135,---,[],"td CAM-B3LYP/6-31g(d,p)",-6.02296770324,-0.0876206560243,60,0.1079,-1313.5065104,3.7088,0.216666666667
/home/ccollins/allmols/H/opt/b3lyp/cam/84-8-.log,84-8-,---,[],"td CAM-B3LYP/6-31g(d,p)",-8.3922628958,-1.73146035492,61,0.0009,-822.132615,2.3984,0.2
/home/ccollins/allmols/H/opt/b3lyp/cam/558-.log,558-,---,[],"td CAM-B3LYP/6-31g(d,p)",-7.08883760898,-1.44655716592,63,3.0834,-1399.6377721,2.4468,0.25
/home/ccollins/allmols/H/opt/b3lyp/cam/8135.log,8135,---,[],"td CAM-B3LYP/6-31g(d,p)",-6.761756775,-1.36029707909,59,2.8592,-1056.8005831,2.4616,0.216666666667
/home/ccollins/allmols/H/opt/b3lyp/cam/12138.log,12138,---,[],"td CAM-B3LYP/6-31g(d,p)",-6.69236774616,-1.32002423098,55,3.0507,-733.8113983,2.4596,0.183333333333
/home/ccollins/allmols/H/opt/b3lyp/cam/8412-.log,8412-,---,[],"td CAM-B3LYP/6-31g(d,p)",-7.13047102628,-1.43485627086,58,2.5401,-755.8568219,2.3963,0.2
/home/ccollins/allmols/H/opt/b3lyp/cam/138-8-.log,138-8-,---,[],"td CAM-B3LYP/6-31g(d,p)",-7.63578642453,-1.81010125427,58,3.1169,-800.0732153,2.3163,0.216666666667
/home/ccollins/allmols/H/opt/b3lyp/cam/5124.log,5124,---,[],"td CAM-B3LYP/6-31g(d,p)",-6.35032065106,-0.167622124568,59,0.9613,-1012.5723171,3.8658,0.233333333333
/home/ccollins/allmols/H/opt/b3lyp/cam/1341312-.log,1341312-,---,[],"td CAM-B3LYP/6-31g(d,p)",-5.81806598278,0.0334700021459,72,3.1227,-878.5981584,3.6936,0.416666666667
/home/ccollins/allmols/H/opt/b3lyp/cam/8513.log,8513,---,[],"td CAM-B3LYP/6-31g(d,p)",-6.68447644484,-1.37063740495,59,2.4493,-1056.7946919,2.4490,0.283333333333
/home/ccollins/allmols/H/opt/b3lyp/cam/412-4.log,412-4,---,[],"td CAM-B3LYP/6-31g(d,p)",-6.45045854366,-0.0310209775987,58,0.4670,-691.7804317,4.0648,0.25
/home/ccollins/allmols/H/opt/b3lyp/cam/854.log,854,---,[],"td CAM-B3LYP/6-31g(d,p)",-7.2716981085,-1.44383602753,62,2.6285,-1078.8455968,2.4444,0.25
/home/ccollins/allmols/H/opt/b3lyp/cam/84-8.log,84-8,---,[],"td CAM-B3LYP/6-31g(d,p)",-8.3922628958,-1.73146035492,61,0.0009,-822.132615,2.3984,0.2
/home/ccollins/allmols/H/opt/b3lyp/cam/135-.log,135-,---,[],"td CAM-B3LYP/6-31g(d,p)",-6.38787236078,0.504226942898,39,2.1605,-761.7824617,4.4047,0.0833333333333
/home/ccollins/allmols/H/opt/b3lyp/cam/1213-125-.log,1213-125-,---,[],"td CAM-B3LYP/6-31g(d,p)",-5.82133134885,-0.125716593426,73,1.7285,-1219.2510241,3.5221,0.316666666667
/home/ccollins/allmols/H/opt/b3lyp/cam/813-513.log,813-513,---,[],"td CAM-B3LYP/6-31g(d,p)",-6.19385519387,-1.34832407019,76,2.6855,-1265.677314,2.4621,0.316666666667
/home/ccollins/allmols/H/opt/b3lyp/cam/513-13-.log,513-13-,---,[],"td CAM-B3LYP/6-31g(d,p)",-5.78622866367,0.260412943526,56,3.1250,-970.6571109,3.8227,0.266666666667
/home/ccollins/allmols/H/opt/b3lyp/cam/124-812.log,124-812,---,[],"td CAM-B3LYP/6-31g(d,p)",-6.92312028128,-1.24573715304,75,1.1408,-984.5901349,2.3840,0.4
/home/ccollins/allmols/H/opt/b3lyp/cam/513124.log,513124,---,[],"td CAM-B3LYP/6-31g(d,p)",-5.83575338229,-0.158642367895,76,0.3092,-1221.4522502,3.4936,0.416666666667
/home/ccollins/allmols/H/opt/b3lyp/cam/88-5-5-.log,88-5-5-,---,[],"td CAM-B3LYP/6-31g(d,p)",-7.20802347028,-2.00820012876,83,4.2689,-1694.6337744,2.3134,0.316666666667
/home/ccollins/allmols/H/opt/b3lyp/cam/1348-8.log,1348-8,---,[],"td CAM-B3LYP/6-31g(d,p)",-6.87386767649,-1.85309524076,78,3.7348,-1030.99698,2.2848,0.366666666667
/home/ccollins/allmols/H/opt/b3lyp/cam/131288-.log,131288-,---,[],"td CAM-B3LYP/6-31g(d,p)",-6.78053262986,-1.85363946844,75,3.2515,-1028.8023529,2.3114,0.3
/home/ccollins/allmols/H/opt/b3lyp/cam/513-5-.log,513-5-,---,[],"td CAM-B3LYP/6-31g(d,p)",-6.04990697326,-0.0780966716739,60,1.3385,-1313.5068811,3.7238,0.216666666667
/home/ccollins/allmols/H/opt/b3lyp/cam/413-4-.log,413-4-,---,[],"td CAM-B3LYP/6-31g(d,p)",-6.1680043792,0.192928711557,58,1.1404,-671.920425,4.0575,0.3
/home/ccollins/allmols/H/opt/b3lyp/cam/513-1213.log,513-1213,---,[],"td CAM-B3LYP/6-31g(d,p)",-5.69425418623,-0.0089797566733,73,1.3401,-1199.3980003,3.5230,0.333333333333
/home/ccollins/allmols/H/opt/b3lyp/cam/84-128.log,84-128,---,[],"td CAM-B3LYP/6-31g(d,p)",-7.38680226223,-1.59758034633,78,1.7961,-1050.8662927,2.3986,0.466666666667
/home/ccollins/allmols/H/opt/b3lyp/cam/5812-8.log,5812-8,---,[],"td CAM-B3LYP/6-31g(d,p)",-7.57755406307,-1.75622271423,79,1.9248,-1371.6569658,2.4308,0.283333333333
/home/ccollins/allmols/H/opt/b3lyp/cam/55-5.log,55-5,---,[],"td CAM-B3LYP/6-31g(d,p)",-6.41780488303,-0.609807112269,64,0.6643,-1656.3507988,3.5369,0.266666666667
/home/ccollins/allmols/H/opt/b3lyp/cam/125-13.log,125-13,---,[],"td CAM-B3LYP/6-31g(d,p)",-6.0678664866,-0.072110167225,56,1.6160,-990.5142248,3.7129,0.25
/home/ccollins/allmols/H/opt/b3lyp/cam/13512.log,13512,---,[],"td CAM-B3LYP/6-31g(d,p)",-6.02650518314,-0.100410006438,56,0.9198,-990.5139686,3.6844,0.266666666667
/home/ccollins/allmols/H/opt/b3lyp/cam/12813-4.log,12813-4,---,[],"td CAM-B3LYP/6-31g(d,p)",-6.61644798519,-1.20492007725,75,2.2218,-964.7407728,2.4421,0.333333333333
/home/ccollins/allmols/H/opt/b3lyp/cam/12124-4.log,12124-4,---,[],"td CAM-B3LYP/6-31g(d,p)",-6.19222251084,-0.297692539412,75,0.9951,-920.5028641,3.7265,0.466666666667
/home/ccollins/allmols/H/opt/b3lyp/cam/585-.log,585-,---,[],"td CAM-B3LYP/6-31g(d,p)",-7.44503462368,-1.36056919292,63,0.0011,-1399.6459344,2.4347,0.233333333333
/home/ccollins/allmols/H/opt/b3lyp/cam/413-12-.log,413-12-,---,[],"td CAM-B3LYP/6-31g(d,p)",-6.02786575233,0.315107825081,55,1.0684,-669.7247953,4.0611,0.216666666667
/home/ccollins/allmols/H/opt/b3lyp/cam/85.log,85,---,[],"td CAM-B3LYP/6-31g(d,p)",-8.06137246808,-1.50751066576,42,1.8805,-847.9168394,2.4422,0.05
/home/ccollins/allmols/H/opt/b3lyp/cam/1212-12.log,1212-12,---,[],"td CAM-B3LYP/6-31g(d,p)",-6.19929747064,0.118641633623,52,0.6680,-687.380446,3.9850,0.166666666667
/home/ccollins/allmols/H/opt/b3lyp/cam/412-13.log,412-13,---,[],"td CAM-B3LYP/6-31g(d,p)",-6.05915884377,0.245718796242,55,2.1198,-669.7258951,4.0001,0.233333333333
/home/ccollins/allmols/H/opt/b3lyp/cam/84812-.log,84812-,---,[],"td CAM-B3LYP/6-31g(d,p)",-7.68667171235,-1.65145888637,78,2.5408,-1050.8664118,2.3874,0.35
/home/ccollins/allmols/H/opt/b3lyp/cam/128-12-8-.log,128-12-8-,---,[],"td CAM-B3LYP/6-31g(d,p)",-7.52449186455,-1.70887490631,75,2.1158,-1048.6612374,2.4261,0.283333333333
/home/ccollins/allmols/H/opt/b3lyp/cam/845-.log,845-,---,[],"td CAM-B3LYP/6-31g(d,p)",-7.25591550587,-1.46533302078,62,2.2854,-1078.8455433,2.3975,0.216666666667
/home/ccollins/allmols/H/opt/b3lyp/cam/138-125.log,138-125,---,[],"td CAM-B3LYP/6-31g(d,p)",-6.61291050529,-1.17117796127,76,1.6279,-1285.5362258,2.4469,0.283333333333
/home/ccollins/allmols/H/opt/b3lyp/cam/44-5-12-.log,44-5-12-,---,[],"td CAM-B3LYP/6-31g(d,p)",-6.29127194808,-0.543955563331,79,1.0213,-1243.4912178,3.5712,0.516666666667
/home/ccollins/allmols/H/opt/b3lyp/cam/584.log,584,---,[],"td CAM-B3LYP/6-31g(d,p)",-7.59986739784,-1.34016065503,62,0.6449,-1078.8531682,2.3879,0.216666666667
/home/ccollins/allmols/H/opt/b3lyp/cam/455.log,455,---,[],"td CAM-B3LYP/6-31g(d,p)",-6.47603724448,-0.490077023291,63,1.1387,-1335.5554213,3.6863,0.266666666667
/home/ccollins/allmols/H/opt/b3lyp/cam/48.log,48,---,[],"td CAM-B3LYP/6-31g(d,p)",-8.19742938737,-1.49526554302,41,1.4591,-527.123996,2.3941,0.1
/home/ccollins/allmols/H/opt/b3lyp/cam/12125-12.log,12125-12,---,[],"td CAM-B3LYP/6-31g(d,p)",-6.00745721444,-0.450348402858,73,0.7573,-1239.1013613,3.3891,0.3
/home/ccollins/allmols/H/opt/b3lyp/cam/1313-.log,1313-,---,[],"td CAM-B3LYP/6-31g(d,p)",-6.01398794657,1.47893871271,35,0.0014,-418.9368839,4.9354,0.0833333333333
/home/ccollins/allmols/H/opt/b3lyp/cam/131244.log,131244,---,[],"td CAM-B3LYP/6-31g(d,p)",-5.99630054706,-0.256603349786,75,0.9276,-900.6529563,3.6468,0.633333333333
/home/ccollins/allmols/H/opt/b3lyp/cam/121213.log,121213,---,[],"td CAM-B3LYP/6-31g(d,p)",-5.9500411945,0.317012621951,52,1.3631,-667.5259308,3.9636,0.2
/home/ccollins/allmols/H/opt/b3lyp/cam/4813-.log,4813-,---,[],"td CAM-B3LYP/6-31g(d,p)",-7.14489305972,-1.2419275593,58,1.5886,-736.0126059,2.4000,0.2
/home/ccollins/allmols/H/opt/b3lyp/cam/4128.log,4128,---,[],"td CAM-B3LYP/6-31g(d,p)",-7.17809094803,-1.3885969183,58,2.5472,-755.8564074,2.4392,0.183333333333
/home/ccollins/allmols/H/opt/b3lyp/cam/412-.log,412-,---,[],"td CAM-B3LYP/6-31g(d,p)",-6.8654321475,0.445994581441,38,0.5628,-460.845828,4.8134,0.116666666667
/home/ccollins/allmols/H/opt/b3lyp/cam/813-4-4-.log,813-4-4-,---,[],"td CAM-B3LYP/6-31g(d,p)",-6.68229953413,-1.35784805454,78,2.8724,-966.9329845,2.4608,0.433333333333
/home/ccollins/allmols/H/opt/b3lyp/cam/134-128.log,134-128,---,[],"td CAM-B3LYP/6-31g(d,p)",-6.44283935617,-1.34777984251,75,2.1950,-964.7328785,2.4406,0.333333333333
/home/ccollins/allmols/H/opt/b3lyp/cam/84-.log,84-,---,[],"td CAM-B3LYP/6-31g(d,p)",-8.19634093202,-1.49499342919,41,1.4602,-527.1239946,2.3933,0.1
/home/ccollins/allmols/H/opt/b3lyp/cam/58-4.log,58-4,---,[],"td CAM-B3LYP/6-31g(d,p)",-7.59986739784,-1.34016065503,62,0.6449,-1078.8531682,2.3879,0.216666666667
/home/ccollins/allmols/H/opt/b3lyp/cam/1313-13-.log,1313-13-,---,[],"td CAM-B3LYP/6-31g(d,p)",-5.5650001129,0.947228272114,52,1.5351,-627.811546,4.1722,0.233333333333
/home/ccollins/allmols/H/opt/b3lyp/cam/48-44-.log,48-44-,---,[],"td CAM-B3LYP/6-31g(d,p)",-7.28421534508,-1.29498975783,81,0.5389,-988.9853916,2.3448,0.416666666667
/home/ccollins/allmols/H/opt/b3lyp/cam/1212-5-.log,1212-5-,---,[],"td CAM-B3LYP/6-31g(d,p)",-6.22950210672,-0.12490025191,56,0.4084,-1010.3722882,3.8176,0.25
/home/ccollins/allmols/H/opt/b3lyp/cam/44-8-.log,44-8-,---,[],"td CAM-B3LYP/6-31g(d,p)",-7.48013730886,-1.45662537795,61,2.0864,-758.0490313,2.3969,0.25
/home/ccollins/allmols/H/opt/b3lyp/cam/412812.log,412812,---,[],"td CAM-B3LYP/6-31g(d,p)",-6.87413979033,-1.2109065817,75,0.8477,-984.5896844,2.4266,0.366666666667
/home/ccollins/allmols/H/opt/b3lyp/cam/48-5-8-.log,48-5-8-,---,[],"td CAM-B3LYP/6-31g(d,p)",-7.76422415634,-1.85799328986,82,1.9798,-1373.8616878,2.3904,0.366666666667
/home/ccollins/allmols/H/opt/b3lyp/cam/84-4-12.log,84-4-12,---,[],"td CAM-B3LYP/6-31g(d,p)",-6.80747189988,-1.44138700298,78,2.7982,-986.7817807,2.3965,0.633333333333
/home/ccollins/allmols/H/opt/b3lyp/cam/1212-8-13.log,1212-8-13,---,[],"td CAM-B3LYP/6-31g(d,p)",-6.57780782011,-1.17879714875,72,1.2717,-962.5446103,2.4415,0.266666666667
/home/ccollins/allmols/H/opt/b3lyp/cam/1288-.log,1288-,---,[],"td CAM-B3LYP/6-31g(d,p)",-8.10218954387,-1.90425264242,58,2.9005,-819.91682,2.3081,0.2
/home/ccollins/allmols/H/opt/b3lyp/cam/125138-.log,125138-,---,[],"td CAM-B3LYP/6-31g(d,p)",-6.3612052046,-1.33308569523,76,3.7197,-1285.5321435,2.4625,0.3
/home/ccollins/allmols/H/opt/b3lyp/cam/858-8-.log,858-8-,---,[],"td CAM-B3LYP/6-31g(d,p)",-8.28260101885,-2.37990763226,82,1.3643,-1437.9201769,2.3131,0.4
/home/ccollins/allmols/H/opt/b3lyp/cam/13125.log,13125,---,[],"td CAM-B3LYP/6-31g(d,p)",-6.00065436847,-0.00598650444887,56,1.0579,-990.5201964,3.7589,0.266666666667
/home/ccollins/allmols/H/opt/b3lyp/cam/588-4.log,588-4,---,[],"td CAM-B3LYP/6-31g(d,p)",-7.95443172951,-1.90207573171,82,0.7002,-1373.850292,2.2820,0.366666666667
/home/ccollins/allmols/H/opt/b3lyp/cam/1358.log,1358,---,[],"td CAM-B3LYP/6-31g(d,p)",-6.68447644484,-1.37009317728,59,2.4513,-1056.7946888,2.4487,0.283333333333
/home/ccollins/allmols/H/opt/b3lyp/cam/1312-55.log,1312-55,---,[],"td CAM-B3LYP/6-31g(d,p)",-5.87684257192,-0.502050032189,77,1.2713,-1542.2387236,3.2774,0.366666666667
/home/ccollins/allmols/H/opt/b3lyp/cam/135-8-.log,135-8-,---,[],"td CAM-B3LYP/6-31g(d,p)",-6.69590522606,-1.34941252554,59,3.9023,-1056.7943868,2.4466,0.233333333333
