/home/ccollins/allmols/H/noopt/b3lyp/84412.log,84412,---,[],"td B3LYP/6-31g(d,p) geom=connectivity",-5.45724303282,-2.59025162949,78,6.0907,-987.0177687,2.0226,0.5
/home/ccollins/allmols/H/noopt/b3lyp/135.log,135,---,[],"td B3LYP/6-31g(d,p) geom=connectivity",-4.95301608992,-0.766000455617,39,1.1677,-761.8364197,4.0744,0.0833333333333
/home/ccollins/allmols/H/noopt/b3lyp/813-8-5-.log,813-8-5-,---,[],"td B3LYP/6-31g(d,p) geom=connectivity",-6.1108604731,-3.05583840731,79,4.6523,-1352.0730455,2.0814,0.3
/home/ccollins/allmols/H/noopt/b3lyp/1312-12.log,1312-12,---,[],"td B3LYP/6-31g(d,p) geom=connectivity",-4.55627411327,-1.17389909966,52,1.6549,-667.6450964,3.3272,0.183333333333
/home/ccollins/allmols/H/noopt/b3lyp/1312-4-.log,1312-4-,---,[],"td B3LYP/6-31g(d,p) geom=connectivity",-4.68634452811,-1.24219967314,55,2.5628,-669.8726805,3.3156,0.25
/home/ccollins/allmols/H/noopt/b3lyp/58-4-5.log,58-4-5,---,[],"td B3LYP/6-31g(d,p) geom=connectivity",-5.52935320005,-2.54154325238,83,1.9249,-1630.7685254,2.0517,0.4
/home/ccollins/allmols/H/noopt/b3lyp/413-55.log,413-55,---,[],"td B3LYP/6-31g(d,p) geom=connectivity",-4.55899525165,-1.6890105961,80,1.4172,-1544.5822819,2.7543,0.433333333333
/home/ccollins/allmols/H/noopt/b3lyp/1213-13-8-.log,1213-13-8-,---,[],"td B3LYP/6-31g(d,p) geom=connectivity",-4.96362852963,-2.52167894217,72,3.6746,-942.8946983,1.9390,0.35
/home/ccollins/allmols/H/noopt/b3lyp/413512-.log,413512-,---,[],"td B3LYP/6-31g(d,p) geom=connectivity",-4.52389256647,-1.65717327698,76,0.8350,-1221.610517,2.7887,0.466666666667
/home/ccollins/allmols/H/noopt/b3lyp/48-5.log,48-5,---,[],"td B3LYP/6-31g(d,p) geom=connectivity",-6.06378477903,-2.63515041286,62,1.2469,-1079.0283709,2.0379,0.266666666667
/home/ccollins/allmols/H/noopt/b3lyp/45124-.log,45124-,---,[],"td B3LYP/6-31g(d,p) geom=connectivity",-4.72552892087,-1.89744979645,79,1.1471,-1243.6955228,2.7146,0.55
/home/ccollins/allmols/H/noopt/b3lyp/4812.log,4812,---,[],"td B3LYP/6-31g(d,p) geom=connectivity",-5.97806891987,-2.56385658715,58,1.6160,-756.0446532,2.0125,0.266666666667
/home/ccollins/allmols/H/noopt/b3lyp/12858-.log,12858-,---,[],"td B3LYP/6-31g(d,p) geom=connectivity",-6.14950063818,-3.28713517011,79,3.4455,-1371.8950199,2.0482,0.316666666667
/home/ccollins/allmols/H/noopt/b3lyp/488-12-.log,488-12-,---,[],"td B3LYP/6-31g(d,p) geom=connectivity",-5.88582232859,-3.33829257176,78,2.2157,-1051.1330654,1.5929,0.333333333333
/home/ccollins/allmols/H/noopt/b3lyp/1213-13-4.log,1213-13-4,---,[],"td B3LYP/6-31g(d,p) geom=connectivity",-4.3886519887,-1.29063593641,72,1.8625,-878.782935,2.9678,0.433333333333
/home/ccollins/allmols/H/noopt/b3lyp/128.log,128,---,[],"td B3LYP/6-31g(d,p) geom=connectivity",-6.18705234791,-2.70399521402,38,2.6782,-525.034884,2.0491,0.0666666666667
/home/ccollins/allmols/H/noopt/b3lyp/55-5-.log,55-5-,---,[],"td B3LYP/6-31g(d,p) geom=connectivity",-4.85015705894,-1.74343336381,64,0.3592,-1656.4092367,3.0203,0.2
/home/ccollins/allmols/H/noopt/b3lyp/1212-58-.log,1212-58-,---,[],"td B3LYP/6-31g(d,p) geom=connectivity",-5.22376935931,-2.61691878567,76,4.8121,-1305.5740393,2.0671,0.3
/home/ccollins/allmols/H/noopt/b3lyp/128-4-4.log,128-4-4,---,[],"td B3LYP/6-31g(d,p) geom=connectivity",-5.59738165969,-2.54671341532,78,0.9165,-987.0213706,2.0387,0.466666666667
/home/ccollins/allmols/H/noopt/b3lyp/558.log,558,---,[],"td B3LYP/6-31g(d,p) geom=connectivity",-5.76364321507,-2.63433407134,63,3.9435,-1399.762895,2.0671,0.2
/home/ccollins/allmols/H/noopt/b3lyp/85-4-.log,85-4-,---,[],"td B3LYP/6-31g(d,p) geom=connectivity",-6.01589274344,-2.67542326097,62,4.4155,-1079.0221283,2.0771,0.266666666667
/home/ccollins/allmols/H/noopt/b3lyp/1348-.log,1348-,---,[],"td B3LYP/6-31g(d,p) geom=connectivity",-5.57506832493,-2.55950276573,58,3.9330,-736.1765732,2.0010,0.25
/home/ccollins/allmols/H/noopt/b3lyp/55-8.log,55-8,---,[],"td B3LYP/6-31g(d,p) geom=connectivity",-5.77099028871,-2.64032057579,63,3.6435,-1399.7657501,2.0653,0.2
/home/ccollins/allmols/H/noopt/b3lyp/124-12.log,124-12,---,[],"td B3LYP/6-31g(d,p) geom=connectivity",-4.89940966372,-1.50914334879,55,0.8032,-689.7101265,3.3856,0.233333333333
/home/ccollins/allmols/H/noopt/b3lyp/1312-8.log,1312-8,---,[],"td B3LYP/6-31g(d,p) geom=connectivity",-5.47139295243,-2.42643909866,55,5.2438,-733.9681375,2.0576,0.2
/home/ccollins/allmols/H/noopt/b3lyp/85-134-.log,85-134-,---,[],"td B3LYP/6-31g(d,p) geom=connectivity",-5.32281879656,-2.5233116252,79,5.9897,-1287.9519085,2.0801,0.416666666667
/home/ccollins/allmols/H/noopt/b3lyp/413-13-8.log,413-13-8,---,[],"td B3LYP/6-31g(d,p) geom=connectivity",-5.07329040658,-2.52929812965,75,3.5420,-945.1173454,2.0212,0.416666666667
/home/ccollins/allmols/H/noopt/b3lyp/45-48-.log,45-48-,---,[],"td B3LYP/6-31g(d,p) geom=connectivity",-5.43248067351,-2.60113618303,82,4.0756,-1309.9948808,1.9991,0.483333333333
/home/ccollins/allmols/H/noopt/b3lyp/81212.log,81212,---,[],"td B3LYP/6-31g(d,p) geom=connectivity",-5.75248654769,-2.56195179028,55,5.3481,-753.8222967,2.0486,0.183333333333
/home/ccollins/allmols/H/noopt/b3lyp/1312-134-.log,1312-134-,---,[],"td B3LYP/6-31g(d,p) geom=connectivity",-4.34729068523,-1.27458121993,72,2.9699,-878.7936128,2.9294,0.45
/home/ccollins/allmols/H/noopt/b3lyp/45-13-.log,45-13-,---,[],"td B3LYP/6-31g(d,p) geom=connectivity",-4.74076729583,-1.44737350743,59,0.9533,-992.8300661,3.1889,0.266666666667
/home/ccollins/allmols/H/noopt/b3lyp/513-12.log,513-12,---,[],"td B3LYP/6-31g(d,p) geom=connectivity",-4.64552745232,-1.21961422454,56,1.8045,-990.615019,3.3371,0.2
/home/ccollins/allmols/H/noopt/b3lyp/45.log,45,---,[],"td B3LYP/6-31g(d,p) geom=connectivity",-5.50323027154,-1.23512471334,42,0.4582,-783.9122832,4.0687,0.15
/home/ccollins/allmols/H/noopt/b3lyp/54-4-12.log,54-4-12,---,[],"td B3LYP/6-31g(d,p) geom=connectivity",-4.79301315283,-1.80220995295,79,0.7472,-1243.6506762,2.8994,0.516666666667
/home/ccollins/allmols/H/noopt/b3lyp/134-13-5.log,134-13-5,---,[],"td B3LYP/6-31g(d,p) geom=connectivity",-4.43980939035,-1.37254220182,76,0.8248,-1201.7491266,2.9475,0.5
/home/ccollins/allmols/H/noopt/b3lyp/512-.log,512-,---,[],"td B3LYP/6-31g(d,p) geom=connectivity",-5.21125212274,-1.13852430064,39,0.2125,-781.6908934,4.0014,0.0666666666667
/home/ccollins/allmols/H/noopt/b3lyp/1312-.log,1312-,---,[],"td B3LYP/6-31g(d,p) geom=connectivity",-4.90566828201,-0.521914342406,35,2.0015,-438.8633319,4.3294,0.0666666666667
/home/ccollins/allmols/H/noopt/b3lyp/4138-.log,4138-,---,[],"td B3LYP/6-31g(d,p) geom=connectivity",-5.70949256119,-2.60549000445,58,3.1215,-736.1957053,2.0761,0.266666666667
/home/ccollins/allmols/H/noopt/b3lyp/58-54-.log,58-54-,---,[],"td B3LYP/6-31g(d,p) geom=connectivity",-5.5339791353,-2.60957171203,83,1.6213,-1630.776718,2.1012,0.45
/home/ccollins/allmols/H/noopt/b3lyp/1213-48-.log,1213-48-,---,[],"td B3LYP/6-31g(d,p) geom=connectivity",-5.11655650691,-2.55324414744,75,4.3404,-964.9547062,2.0010,0.4
/home/ccollins/allmols/H/noopt/b3lyp/41213-5.log,41213-5,---,[],"td B3LYP/6-31g(d,p) geom=connectivity",-4.53559346153,-1.54070855407,76,2.1527,-1221.6241222,2.8575,0.45
/home/ccollins/allmols/H/noopt/b3lyp/545-.log,545-,---,[],"td B3LYP/6-31g(d,p) geom=connectivity",-4.9987312148,-1.64492815425,63,0.0280,-1335.6460638,3.2500,0.266666666667
/home/ccollins/allmols/H/noopt/b3lyp/858.log,858,---,[],"td B3LYP/6-31g(d,p) geom=connectivity",-6.55549448535,-3.50047241956,62,1.7010,-1143.1210997,2.0432,0.183333333333
/home/ccollins/allmols/H/noopt/b3lyp/1212-4-13.log,1212-4-13,---,[],"td B3LYP/6-31g(d,p) geom=connectivity",-4.50729362232,-1.57390644238,72,1.4637,-898.6352754,2.8674,0.45
/home/ccollins/allmols/H/noopt/b3lyp/128-4.log,128-4,---,[],"td B3LYP/6-31g(d,p) geom=connectivity",-5.97398721229,-2.53909422784,58,0.8524,-756.0495912,2.0404,0.233333333333
/home/ccollins/allmols/H/noopt/b3lyp/8128-12.log,8128-12,---,[],"td B3LYP/6-31g(d,p) geom=connectivity",-6.1884129171,-3.28332557637,75,5.1984,-1048.9217457,2.0417,0.333333333333
/home/ccollins/allmols/H/noopt/b3lyp/412.log,412,---,[],"td B3LYP/6-31g(d,p) geom=connectivity",-5.39873855752,-1.08410153292,38,0.8266,-460.9424947,4.2240,0.1
/home/ccollins/allmols/H/noopt/b3lyp/131313-8.log,131313-8,---,[],"td B3LYP/6-31g(d,p) geom=connectivity",-4.80063234032,-2.43215348927,72,4.6115,-923.0413698,1.8823,0.466666666667
/home/ccollins/allmols/H/noopt/b3lyp/138.log,138,---,[],"td B3LYP/6-31g(d,p) geom=connectivity",-6.16963706224,-2.65964065833,38,2.5105,-505.1960917,2.0739,0.0833333333333
/home/ccollins/allmols/H/noopt/b3lyp/5512-.log,5512-,---,[],"td B3LYP/6-31g(d,p) geom=connectivity",-4.8104284385,-1.68928270994,60,0.1672,-1333.4353531,3.0763,0.183333333333
/home/ccollins/allmols/H/noopt/b3lyp/448.log,448,---,[],"td B3LYP/6-31g(d,p) geom=connectivity",-6.03058689072,-2.67134155339,61,2.9043,-758.2354514,1.9958,0.316666666667
/home/ccollins/allmols/H/noopt/b3lyp/1313-84.log,1313-84,---,[],"td B3LYP/6-31g(d,p) geom=connectivity",-5.07029715435,-2.39133641348,75,2.8020,-945.136131,2.0660,0.416666666667
/home/ccollins/allmols/H/noopt/b3lyp/8813-5-.log,8813-5-,---,[],"td B3LYP/6-31g(d,p) geom=connectivity",-5.91466639548,-3.25148825725,79,8.3319,-1352.0446063,1.6906,0.283333333333
/home/ccollins/allmols/H/noopt/b3lyp/455-.log,455-,---,[],"td B3LYP/6-31g(d,p) geom=connectivity",-4.97641788004,-1.72574596431,63,0.3923,-1335.6596862,3.1185,0.25
/home/ccollins/allmols/H/noopt/b3lyp/812-12-8.log,812-12-8,---,[],"td B3LYP/6-31g(d,p) geom=connectivity",-6.05698193306,-3.21747402743,75,4.9270,-1048.9191089,2.0380,0.283333333333
/home/ccollins/allmols/H/noopt/b3lyp/444.log,444,---,[],"td B3LYP/6-31g(d,p) geom=connectivity",-5.2504365155,-1.61417929049,61,0.0774,-694.1174529,3.4616,0.416666666667
/home/ccollins/allmols/H/noopt/b3lyp/1213.log,1213,---,[],"td B3LYP/6-31g(d,p) geom=connectivity",-4.87845689815,-0.533071009788,35,1.1511,-438.8655189,4.3101,0.0666666666667
/home/ccollins/allmols/H/noopt/b3lyp/512-13-.log,512-13-,---,[],"td B3LYP/6-31g(d,p) geom=connectivity",-4.59028834309,-1.31349349885,56,1.0427,-990.6227879,3.1967,0.2
/home/ccollins/allmols/H/noopt/b3lyp/134-8-13-.log,134-8-13-,---,[],"td B3LYP/6-31g(d,p) geom=connectivity",-5.14131886622,-2.37038364791,75,0.4843,-945.1192241,2.0520,0.433333333333
/home/ccollins/allmols/H/noopt/b3lyp/51213-.log,51213-,---,[],"td B3LYP/6-31g(d,p) geom=connectivity",-4.56933557752,-1.26342455255,56,2.2688,-990.6214127,3.2145,0.2
/home/ccollins/allmols/H/noopt/b3lyp/1213-13-5.log,1213-13-5,---,[],"td B3LYP/6-31g(d,p) geom=connectivity",-4.3372224732,-1.30478585601,73,2.2954,-1199.5341731,2.9126,0.366666666667
/home/ccollins/allmols/H/noopt/b3lyp/138-.log,138-,---,[],"td B3LYP/6-31g(d,p) geom=connectivity",-6.16963706224,-2.65964065833,38,2.5106,-505.196091,2.0739,0.0833333333333
/home/ccollins/allmols/H/noopt/b3lyp/1212-124-.log,1212-124-,---,[],"td B3LYP/6-31g(d,p) geom=connectivity",-4.61096899482,-1.77118897535,72,0.8900,-918.5058919,2.7702,0.4
/home/ccollins/allmols/H/noopt/b3lyp/13134.log,13134,---,[],"td B3LYP/6-31g(d,p) geom=connectivity",-4.52552524951,-0.943690792212,55,2.0465,-650.0041185,3.4655,0.266666666667
/home/ccollins/allmols/H/noopt/b3lyp/41248-.log,41248-,---,[],"td B3LYP/6-31g(d,p) geom=connectivity",-5.37234351518,-2.59651024778,78,4.1717,-987.0408483,1.9991,0.5
/home/ccollins/allmols/H/noopt/b3lyp/1384.log,1384,---,[],"td B3LYP/6-31g(d,p) geom=connectivity",-5.76962971952,-2.52303951136,58,1.3842,-736.2098841,2.0610,0.25
/home/ccollins/allmols/H/noopt/b3lyp/88-5-.log,88-5-,---,[],"td B3LYP/6-31g(d,p) geom=connectivity",-6.16963706224,-3.54292217838,62,5.3162,-1143.1137125,1.6193,0.15
/home/ccollins/allmols/H/noopt/b3lyp/4813-12-.log,4813-12-,---,[],"td B3LYP/6-31g(d,p) geom=connectivity",-5.28336228996,-2.45092934413,75,3.3176,-964.9846136,2.0471,0.4
/home/ccollins/allmols/H/noopt/b3lyp/581313-.log,581313-,---,[],"td B3LYP/6-31g(d,p) geom=connectivity",-5.08607975699,-2.38045185994,76,3.1231,-1265.8856868,2.1167,0.366666666667
/home/ccollins/allmols/H/noopt/b3lyp/854-8-.log,854-8-,---,[],"td B3LYP/6-31g(d,p) geom=connectivity",-6.24800584775,-3.26618240453,82,2.1030,-1374.1099969,1.9931,0.433333333333
/home/ccollins/allmols/H/noopt/b3lyp/4135-.log,4135-,---,[],"td B3LYP/6-31g(d,p) geom=connectivity",-4.77913534707,-1.27594178912,59,1.1067,-992.8381253,3.3609,0.283333333333
/home/ccollins/allmols/H/noopt/b3lyp/124-13.log,124-13,---,[],"td B3LYP/6-31g(d,p) geom=connectivity",-4.73369233602,-1.25879861729,55,1.0585,-669.8530407,3.4318,0.25
/home/ccollins/allmols/H/noopt/b3lyp/131285-.log,131285-,---,[],"td B3LYP/6-31g(d,p) geom=connectivity",-5.13914195551,-2.40140462551,76,1.7215,-1285.7370968,2.1038,0.333333333333
/home/ccollins/allmols/H/noopt/b3lyp/85513.log,85513,---,[],"td B3LYP/6-31g(d,p) geom=connectivity",-5.17859846211,-2.58725837727,80,5.8539,-1608.6956953,2.0828,0.35
/home/ccollins/allmols/H/noopt/b3lyp/48-1212.log,48-1212,---,[],"td B3LYP/6-31g(d,p) geom=connectivity",-5.40608563117,-2.5374615448,75,3.4252,-984.8227502,2.0101,0.366666666667
/home/ccollins/allmols/H/noopt/b3lyp/135-12-.log,135-12-,---,[],"td B3LYP/6-31g(d,p) geom=connectivity",-4.61015265331,-1.35186155009,56,2.1110,-990.6120097,3.2104,0.183333333333
/home/ccollins/allmols/H/noopt/b3lyp/1258-5-.log,1258-5-,---,[],"td B3LYP/6-31g(d,p) geom=connectivity",-5.3350639193,-2.54127113854,80,1.4679,-1628.5565747,2.1020,0.316666666667
/home/ccollins/allmols/H/noopt/b3lyp/134-5-.log,134-5-,---,[],"td B3LYP/6-31g(d,p) geom=connectivity",-4.78185648545,-1.3611134206,59,1.7100,-992.8233346,3.3262,0.266666666667
/home/ccollins/allmols/H/noopt/b3lyp/12131313-.log,12131313-,---,[],"td B3LYP/6-31g(d,p) geom=connectivity",-4.13749091568,-0.979881932744,69,1.1395,-856.710136,3.0456,0.4
/home/ccollins/allmols/H/noopt/b3lyp/8512.log,8512,---,[],"td B3LYP/6-31g(d,p) geom=connectivity",-5.80309972166,-2.62725911154,59,5.3294,-1076.803212,2.0756,0.183333333333
/home/ccollins/allmols/H/noopt/b3lyp/4558.log,4558,---,[],"td B3LYP/6-31g(d,p) geom=connectivity",-5.38948668701,-2.66916464268,83,4.5292,-1630.7585046,2.0680,0.4
/home/ccollins/allmols/H/noopt/b3lyp/125-135-.log,125-135-,---,[],"td B3LYP/6-31g(d,p) geom=connectivity",-4.49259947504,-1.62642441322,77,1.0933,-1542.3635579,2.7724,0.35
/home/ccollins/allmols/H/noopt/b3lyp/48-12.log,48-12,---,[],"td B3LYP/6-31g(d,p) geom=connectivity",-5.97806891987,-2.56385658715,58,1.6160,-756.044653,2.0125,0.25
/home/ccollins/allmols/H/noopt/b3lyp/54-44.log,54-44,---,[],"td B3LYP/6-31g(d,p) geom=connectivity",-4.9034913713,-1.83731263813,82,0.6048,-1245.8534276,2.9291,0.616666666667
/home/ccollins/allmols/H/noopt/b3lyp/4555-.log,4555-,---,[],"td B3LYP/6-31g(d,p) geom=connectivity",-4.6926031464,-1.99704346137,84,0.6098,-1887.4047954,2.6081,0.4
/home/ccollins/allmols/H/noopt/b3lyp/124.log,124,---,[],"td B3LYP/6-31g(d,p) geom=connectivity",-5.39520107762,-1.1001562494,38,0.8517,-460.942796,4.2001,0.1
/home/ccollins/allmols/H/noopt/b3lyp/124-.log,124-,---,[],"td B3LYP/6-31g(d,p) geom=connectivity",-5.39166359772,-1.09416974495,38,0.7857,-460.9423151,4.2099,0.1
/home/ccollins/allmols/H/noopt/b3lyp/1313-813.log,1313-813,---,[],"td B3LYP/6-31g(d,p) geom=connectivity",-4.88226649189,-2.30670900968,72,1.8255,-923.0631844,2.0733,0.366666666667
/home/ccollins/allmols/H/noopt/b3lyp/513-512-.log,513-512-,---,[],"td B3LYP/6-31g(d,p) geom=connectivity",-4.49259947504,-1.62615229938,77,1.0928,-1542.3635761,2.7725,0.35
/home/ccollins/allmols/H/noopt/b3lyp/8448-.log,8448-,---,[],"td B3LYP/6-31g(d,p) geom=connectivity",-6.26188365352,-3.19053475741,81,1.2780,-1053.3366386,1.9917,0.5
/home/ccollins/allmols/H/noopt/b3lyp/138-4.log,138-4,---,[],"td B3LYP/6-31g(d,p) geom=connectivity",-5.76962971952,-2.5233116252,58,1.3843,-736.2098839,2.0610,0.25
/home/ccollins/allmols/H/noopt/b3lyp/1345-.log,1345-,---,[],"td B3LYP/6-31g(d,p) geom=connectivity",-4.7772305502,-1.35567114383,59,1.7280,-992.8206758,3.3240,0.266666666667
/home/ccollins/allmols/H/noopt/b3lyp/512-12-13-.log,512-12-13-,---,[],"td B3LYP/6-31g(d,p) geom=connectivity",-4.39491060698,-1.61390717665,73,0.4748,-1219.4022221,2.6905,0.45
/home/ccollins/allmols/H/noopt/b3lyp/1248-.log,1248-,---,[],"td B3LYP/6-31g(d,p) geom=connectivity",-5.77479988245,-2.6269869977,58,3.8199,-756.0321843,1.9982,0.233333333333
/home/ccollins/allmols/H/noopt/b3lyp/13121313-.log,13121313-,---,[],"td B3LYP/6-31g(d,p) geom=connectivity",-4.14565433084,-1.06995161332,69,1.8372,-856.7207609,2.9634,0.366666666667
/home/ccollins/allmols/H/noopt/b3lyp/45-8.log,45-8,---,[],"td B3LYP/6-31g(d,p) geom=connectivity",-5.92908842893,-2.668620415,62,3.2579,-1079.0109645,2.0631,0.25
/home/ccollins/allmols/H/noopt/b3lyp/848-5-.log,848-5-,---,[],"td B3LYP/6-31g(d,p) geom=connectivity",-6.22161080541,-3.21992305198,82,5.0728,-1374.1281886,2.0172,0.416666666667
/home/ccollins/allmols/H/noopt/b3lyp/448-8-.log,448-8-,---,[],"td B3LYP/6-31g(d,p) geom=connectivity",-6.03303591527,-3.42155940637,81,5.2112,-1053.3214128,1.6105,0.433333333333
/home/ccollins/allmols/H/noopt/b3lyp/1312-5.log,1312-5,---,[],"td B3LYP/6-31g(d,p) geom=connectivity",-4.58511818016,-1.25716593426,56,1.8899,-990.620952,3.2176,0.216666666667
/home/ccollins/allmols/H/noopt/b3lyp/1381313-.log,1381313-,---,[],"td B3LYP/6-31g(d,p) geom=connectivity",-4.94730169931,-2.29147063472,72,3.2708,-923.0632583,2.1271,0.366666666667
/home/ccollins/allmols/H/noopt/b3lyp/125-12.log,125-12,---,[],"td B3LYP/6-31g(d,p) geom=connectivity",-4.79110835596,-1.61445140432,56,0.6016,-1010.4643945,3.1660,0.183333333333
/home/ccollins/allmols/H/noopt/b3lyp/813-8-.log,813-8-,---,[],"td B3LYP/6-31g(d,p) geom=connectivity",-6.52447350775,-3.19597703418,58,1.0154,-800.3065538,2.0575,0.183333333333
/home/ccollins/allmols/H/noopt/b3lyp/512-8-5.log,512-8-5,---,[],"td B3LYP/6-31g(d,p) geom=connectivity",-5.32581204878,-2.51705300691,80,1.3911,-1628.5597025,2.0982,0.333333333333
/home/ccollins/allmols/H/noopt/b3lyp/51312.log,51312,---,[],"td B3LYP/6-31g(d,p) geom=connectivity",-4.58022013106,-1.2073691018,56,0.5726,-990.6158076,3.3266,0.2
/home/ccollins/allmols/H/noopt/b3lyp/5813-4-.log,5813-4-,---,[],"td B3LYP/6-31g(d,p) geom=connectivity",-5.36554066922,-2.49528389982,79,2.2605,-1287.958308,2.1157,0.416666666667
/home/ccollins/allmols/H/noopt/b3lyp/441212-.log,441212-,---,[],"td B3LYP/6-31g(d,p) geom=connectivity",-4.72008664409,-1.78615523647,75,0.6349,-920.6953584,2.8416,0.5
/home/ccollins/allmols/H/noopt/b3lyp/848-.log,848-,---,[],"td B3LYP/6-31g(d,p) geom=connectivity",-6.43494805486,-3.39162688412,61,1.0892,-822.361383,1.9844,0.216666666667
/home/ccollins/allmols/H/noopt/b3lyp/55-4-.log,55-4-,---,[],"td B3LYP/6-31g(d,p) geom=connectivity",-4.97478519701,-1.73554206249,63,0.4229,-1335.6581774,3.1106,0.25
/home/ccollins/allmols/H/noopt/b3lyp/128-84-.log,128-84-,---,[],"td B3LYP/6-31g(d,p) geom=connectivity",-5.88228484869,-3.32359842448,78,0.5068,-1051.1380159,1.6010,0.3
/home/ccollins/allmols/H/noopt/b3lyp/5135-4-.log,5135-4-,---,[],"td B3LYP/6-31g(d,p) geom=connectivity",-4.54756647043,-1.67431644881,80,1.5732,-1544.5820048,2.7547,0.45
/home/ccollins/allmols/H/noopt/b3lyp/1284.log,1284,---,[],"td B3LYP/6-31g(d,p) geom=connectivity",-5.97398721229,-2.538822114,58,0.8524,-756.0495911,2.0404,0.233333333333
/home/ccollins/allmols/H/noopt/b3lyp/13131312.log,13131312,---,[],"td B3LYP/6-31g(d,p) geom=connectivity",-4.13204863891,-1.02478071611,69,2.7174,-856.7029319,3.0160,0.366666666667
/home/ccollins/allmols/H/noopt/b3lyp/4413-.log,4413-,---,[],"td B3LYP/6-31g(d,p) geom=connectivity",-4.88335494724,-1.32601073542,58,1.5949,-672.0571334,3.4298,0.35
/home/ccollins/allmols/H/noopt/b3lyp/51254.log,51254,---,[],"td B3LYP/6-31g(d,p) geom=connectivity",-4.63110541888,-1.891463292,80,1.3251,-1564.4432765,2.6587,0.466666666667
/home/ccollins/allmols/H/noopt/b3lyp/135-8-4-.log,135-8-4-,---,[],"td B3LYP/6-31g(d,p) geom=connectivity",-5.24689903559,-2.44521495352,79,3.0674,-1287.9543112,2.0547,0.433333333333
/home/ccollins/allmols/H/noopt/b3lyp/13138-12-.log,13138-12-,---,[],"td B3LYP/6-31g(d,p) geom=connectivity",-4.99029568581,-2.34670974396,72,3.1698,-942.8980974,2.0919,0.35
/home/ccollins/allmols/H/noopt/b3lyp/81313-5.log,81313-5,---,[],"td B3LYP/6-31g(d,p) geom=connectivity",-5.09342683063,-2.452834141,76,5.4660,-1265.8840841,2.0914,0.333333333333
/home/ccollins/allmols/H/noopt/b3lyp/458-.log,458-,---,[],"td B3LYP/6-31g(d,p) geom=connectivity",-5.92582306286,-2.66372236591,62,3.2691,-1079.0123909,2.0621,0.25
/home/ccollins/allmols/H/noopt/b3lyp/813.log,813,---,[],"td B3LYP/6-31g(d,p) geom=connectivity",-6.15113332121,-2.63351772982,38,3.3206,-505.2062637,2.0877,0.0666666666667
/home/ccollins/allmols/H/noopt/b3lyp/84-12.log,84-12,---,[],"td B3LYP/6-31g(d,p) geom=connectivity",-5.87629834424,-2.57474114069,58,4.9397,-756.0469809,2.0245,0.233333333333
/home/ccollins/allmols/H/noopt/b3lyp/5138-5.log,5138-5,---,[],"td B3LYP/6-31g(d,p) geom=connectivity",-5.19138781252,-2.46535137758,80,1.3929,-1608.7106496,2.1164,0.35
/home/ccollins/allmols/H/noopt/b3lyp/548.log,548,---,[],"td B3LYP/6-31g(d,p) geom=connectivity",-5.85588980635,-2.64222537266,62,3.4879,-1079.0003887,1.9986,0.25
/home/ccollins/allmols/H/noopt/b3lyp/813-5.log,813-5,---,[],"td B3LYP/6-31g(d,p) geom=connectivity",-5.66976394076,-2.54508073228,59,4.4342,-1056.9579751,2.0907,0.2
/home/ccollins/allmols/H/noopt/b3lyp/13412-8-.log,13412-8-,---,[],"td B3LYP/6-31g(d,p) geom=connectivity",-5.18376862504,-2.42290161876,75,5.8318,-964.9580548,2.0595,0.383333333333
/home/ccollins/allmols/H/noopt/b3lyp/13134-.log,13134-,---,[],"td B3LYP/6-31g(d,p) geom=connectivity",-4.52824638789,-0.952126321209,55,2.1107,-650.005461,3.4568,0.266666666667
/home/ccollins/allmols/H/noopt/b3lyp/55-13.log,55-13,---,[],"td B3LYP/6-31g(d,p) geom=connectivity",-4.66348696567,-1.44356391369,60,1.5876,-1313.5854001,3.1075,0.216666666667
/home/ccollins/allmols/H/noopt/b3lyp/88-5-12-.log,88-5-12-,---,[],"td B3LYP/6-31g(d,p) geom=connectivity",-5.95766038198,-3.4231920894,79,8.7477,-1371.8903588,1.6065,0.283333333333
/home/ccollins/allmols/H/noopt/b3lyp/1312-8-4.log,1312-8-4,---,[],"td B3LYP/6-31g(d,p) geom=connectivity",-5.18512919424,-2.36004332205,75,3.5063,-964.9824178,2.0464,0.383333333333
/home/ccollins/allmols/H/noopt/b3lyp/1244-4-.log,1244-4-,---,[],"td B3LYP/6-31g(d,p) geom=connectivity",-4.86593966158,-1.80003304224,78,0.9263,-922.8845574,2.9552,0.583333333333
/home/ccollins/allmols/H/noopt/b3lyp/848-8-.log,848-8-,---,[],"td B3LYP/6-31g(d,p) geom=connectivity",-6.42215870444,-4.01667237135,81,0.0402,-1117.4453502,1.4591,0.4
/home/ccollins/allmols/H/noopt/b3lyp/84-512-.log,84-512-,---,[],"td B3LYP/6-31g(d,p) geom=connectivity",-5.36309164467,-2.64793976327,79,5.9260,-1307.7890769,2.0255,0.4
/home/ccollins/allmols/H/noopt/b3lyp/41212.log,41212,---,[],"td B3LYP/6-31g(d,p) geom=connectivity",-4.85070128661,-1.50723855192,55,1.3190,-689.7204353,3.2861,0.25
/home/ccollins/allmols/H/noopt/b3lyp/444-.log,444-,---,[],"td B3LYP/6-31g(d,p) geom=connectivity",-5.24962017398,-1.61309083513,61,0.0609,-694.1170564,3.4590,0.433333333333
/home/ccollins/allmols/H/noopt/b3lyp/44-13.log,44-13,---,[],"td B3LYP/6-31g(d,p) geom=connectivity",-4.88335494724,-1.32573862159,58,1.6171,-672.056755,3.4259,0.366666666667
/home/ccollins/allmols/H/noopt/b3lyp/1388-.log,1388-,---,[],"td B3LYP/6-31g(d,p) geom=connectivity",-6.11303738381,-3.32604744902,58,4.1496,-800.2824707,1.7322,0.166666666667
/home/ccollins/allmols/H/noopt/b3lyp/58-48.log,58-48,---,[],"td B3LYP/6-31g(d,p) geom=connectivity",-6.24936641694,-3.19924240024,82,2.7467,-1374.1169812,1.9880,0.4
/home/ccollins/allmols/H/noopt/b3lyp/124-5-12-.log,124-5-12-,---,[],"td B3LYP/6-31g(d,p) geom=connectivity",-4.65369086748,-1.82697231226,76,0.2894,-1241.4536725,2.7851,0.45
/home/ccollins/allmols/H/noopt/b3lyp/5413.log,5413,---,[],"td B3LYP/6-31g(d,p) geom=connectivity",-4.78757087606,-1.3695489496,59,1.0226,-992.8216365,3.3190,0.266666666667
/home/ccollins/allmols/H/noopt/b3lyp/54-55-.log,54-55-,---,[],"td B3LYP/6-31g(d,p) geom=connectivity",-4.72688949006,-1.91214394374,84,0.3007,-1887.3947861,2.7146,0.516666666667
/home/ccollins/allmols/H/noopt/b3lyp/41313.log,41313,---,[],"td B3LYP/6-31g(d,p) geom=connectivity",-4.53123964012,-0.944507133728,55,2.0672,-650.0051731,3.4652,0.266666666667
/home/ccollins/allmols/H/noopt/b3lyp/54-13-8-.log,54-13-8-,---,[],"td B3LYP/6-31g(d,p) geom=connectivity",-5.26839602884,-2.54154325238,79,4.1873,-1287.9324191,2.0776,0.4
/home/ccollins/allmols/H/noopt/b3lyp/413.log,413,---,[],"td B3LYP/6-31g(d,p) geom=connectivity",-5.16227163179,-0.683549962525,38,1.3930,-441.0866115,4.3056,0.1
/home/ccollins/allmols/H/noopt/b3lyp/134-.log,134-,---,[],"td B3LYP/6-31g(d,p) geom=connectivity",-5.15465244431,-0.691985491521,38,1.4475,-441.0868933,4.2966,0.1
/home/ccollins/allmols/H/noopt/b3lyp/512-5.log,512-5,---,[],"td B3LYP/6-31g(d,p) geom=connectivity",-4.79927177112,-1.58125351602,60,0.2067,-1333.4485145,3.1231,0.2
/home/ccollins/allmols/H/noopt/b3lyp/84.log,84,---,[],"td B3LYP/6-31g(d,p) geom=connectivity",-6.21861755318,-2.77746595044,41,2.5724,-527.2774336,2.0237,0.116666666667
/home/ccollins/allmols/H/noopt/b3lyp/588-13.log,588-13,---,[],"td B3LYP/6-31g(d,p) geom=connectivity",-5.87493777505,-3.12413898079,79,1.7590,-1352.0498103,1.7769,0.266666666667
/home/ccollins/allmols/H/noopt/b3lyp/555-.log,555-,---,[],"td B3LYP/6-31g(d,p) geom=connectivity",-4.85015705894,-1.74343336381,64,0.3590,-1656.409237,3.0203,0.2
/home/ccollins/allmols/H/noopt/b3lyp/4138-8-.log,4138-8-,---,[],"td B3LYP/6-31g(d,p) geom=connectivity",-5.97072184623,-3.2765227304,78,5.7898,-1031.2830977,1.7188,0.366666666667
/home/ccollins/allmols/H/noopt/b3lyp/1313-5.log,1313-5,---,[],"td B3LYP/6-31g(d,p) geom=connectivity",-4.47409573401,-0.9499494105,56,0.8912,-970.7631154,3.3769,0.216666666667
/home/ccollins/allmols/H/noopt/b3lyp/445-8-.log,445-8-,---,[],"td B3LYP/6-31g(d,p) geom=connectivity",-5.51982921569,-2.62916390841,82,4.1369,-1309.9826806,2.0644,0.483333333333
/home/ccollins/allmols/H/noopt/b3lyp/12413-.log,12413-,---,[],"td B3LYP/6-31g(d,p) geom=connectivity",-4.73450867754,-1.26288032487,55,1.8795,-669.8533255,3.4260,0.25
/home/ccollins/allmols/H/noopt/b3lyp/812-12-5.log,812-12-5,---,[],"td B3LYP/6-31g(d,p) geom=connectivity",-5.26757968733,-2.58616992191,76,5.1695,-1305.5824596,2.0542,0.3
/home/ccollins/allmols/H/noopt/b3lyp/12128-5-.log,12128-5-,---,[],"td B3LYP/6-31g(d,p) geom=connectivity",-5.2800969239,-2.49664446902,76,1.8016,-1305.5779636,2.0924,0.316666666667
/home/ccollins/allmols/H/noopt/b3lyp/812-5-.log,812-5-,---,[],"td B3LYP/6-31g(d,p) geom=connectivity",-5.8069093154,-2.58154398666,59,5.0533,-1076.8040454,2.0542,0.183333333333
/home/ccollins/allmols/H/noopt/b3lyp/45-8-.log,45-8-,---,[],"td B3LYP/6-31g(d,p) geom=connectivity",-5.92936054277,-2.668620415,62,3.2581,-1079.0109648,2.0631,0.25
/home/ccollins/allmols/H/noopt/b3lyp/854-4.log,854-4,---,[],"td B3LYP/6-31g(d,p) geom=connectivity",-5.5911230414,-2.69202220512,82,5.4557,-1309.9945785,2.0761,0.55
/home/ccollins/allmols/H/noopt/b3lyp/8134.log,8134,---,[],"td B3LYP/6-31g(d,p) geom=connectivity",-5.79956224176,-2.56630561169,58,4.1110,-736.2051645,2.0904,0.25
/home/ccollins/allmols/H/noopt/b3lyp/4485.log,4485,---,[],"td B3LYP/6-31g(d,p) geom=connectivity",-5.60717775788,-2.54616918764,82,0.3670,-1310.0001895,2.0381,0.5
/home/ccollins/allmols/H/noopt/b3lyp/85-5-4.log,85-5-4,---,[],"td B3LYP/6-31g(d,p) geom=connectivity",-5.46731124485,-2.74562863132,83,5.7260,-1630.7692321,2.0814,0.466666666667
/home/ccollins/allmols/H/noopt/b3lyp/1312-4.log,1312-4,---,[],"td B3LYP/6-31g(d,p) geom=connectivity",-4.68471184508,-1.23784585172,55,2.5124,-669.8721245,3.3142,0.25
/home/ccollins/allmols/H/noopt/b3lyp/55-88.log,55-88,---,[],"td B3LYP/6-31g(d,p) geom=connectivity",-6.0120831497,-3.40115086847,83,6.2943,-1694.8525608,1.6575,0.3
/home/ccollins/allmols/H/noopt/b3lyp/13124.log,13124,---,[],"td B3LYP/6-31g(d,p) geom=connectivity",-4.68634452811,-1.29471764399,55,0.4462,-669.8743354,3.2947,0.266666666667
/home/ccollins/allmols/H/noopt/b3lyp/125-412-.log,125-412-,---,[],"td B3LYP/6-31g(d,p) geom=connectivity",-4.67083403931,-1.84574816712,76,0.3111,-1241.4533978,2.7742,0.45
/home/ccollins/allmols/H/noopt/b3lyp/134.log,134,---,[],"td B3LYP/6-31g(d,p) geom=connectivity",-5.14866593987,-0.680828824139,38,1.3907,-441.0856414,4.2842,0.1
/home/ccollins/allmols/H/noopt/b3lyp/51212-.log,51212-,---,[],"td B3LYP/6-31g(d,p) geom=connectivity",-4.75192396321,-1.54261335094,56,0.1966,-1010.4733123,3.1735,0.183333333333
/home/ccollins/allmols/H/noopt/b3lyp/48-1212-.log,48-1212-,---,[],"td B3LYP/6-31g(d,p) geom=connectivity",-5.41914709542,-2.55814219654,75,2.8175,-984.8280565,2.0165,0.366666666667
/home/ccollins/allmols/H/noopt/b3lyp/44-813.log,44-813,---,[],"td B3LYP/6-31g(d,p) geom=connectivity",-5.45125652837,-2.4577321901,78,1.5036,-967.1771126,2.0471,0.516666666667
/home/ccollins/allmols/H/noopt/b3lyp/1312-8-.log,1312-8-,---,[],"td B3LYP/6-31g(d,p) geom=connectivity",-5.47139295243,-2.42643909866,55,5.2438,-733.968138,2.0577,0.2
/home/ccollins/allmols/H/noopt/b3lyp/121213-.log,121213-,---,[],"td B3LYP/6-31g(d,p) geom=connectivity",-4.53151175395,-1.16519145682,52,2.1550,-667.640984,3.3231,0.183333333333
/home/ccollins/allmols/H/noopt/b3lyp/48-513.log,48-513,---,[],"td B3LYP/6-31g(d,p) geom=connectivity",-5.30839676311,-2.45555527939,79,3.0861,-1287.9509947,2.0454,0.4
/home/ccollins/allmols/H/noopt/b3lyp/45-5.log,45-5,---,[],"td B3LYP/6-31g(d,p) geom=connectivity",-4.9796832461,-1.72955555805,63,0.4314,-1335.6582378,3.1190,0.25
/home/ccollins/allmols/H/noopt/b3lyp/12844-.log,12844-,---,[],"td B3LYP/6-31g(d,p) geom=connectivity",-5.59765377353,-2.54752975683,78,0.9414,-987.0213666,2.0391,0.466666666667
/home/ccollins/allmols/H/noopt/b3lyp/548-.log,548-,---,[],"td B3LYP/6-31g(d,p) geom=connectivity",-5.85588980635,-2.64195325882,62,3.4879,-1079.0003888,1.9986,0.25
/home/ccollins/allmols/H/noopt/b3lyp/845.log,845,---,[],"td B3LYP/6-31g(d,p) geom=connectivity",-5.95276233288,-2.58834683262,62,4.6246,-1079.0163153,2.0254,0.25
/home/ccollins/allmols/H/noopt/b3lyp/51313.log,51313,---,[],"td B3LYP/6-31g(d,p) geom=connectivity",-4.41259800649,-0.999746242961,56,2.0550,-970.7552636,3.3310,0.216666666667
/home/ccollins/allmols/H/noopt/b3lyp/54-1312-.log,54-1312-,---,[],"td B3LYP/6-31g(d,p) geom=connectivity",-4.55164817801,-1.58424676824,76,1.1933,-1221.5993556,2.8668,0.466666666667
/home/ccollins/allmols/H/noopt/b3lyp/81313.log,81313,---,[],"td B3LYP/6-31g(d,p) geom=connectivity",-5.40880676955,-2.46426292222,55,4.3954,-714.1282069,2.0957,0.2
/home/ccollins/allmols/H/noopt/b3lyp/88-13.log,88-13,---,[],"td B3LYP/6-31g(d,p) geom=connectivity",-6.07602990176,-3.33638777489,58,5.7274,-800.292869,1.7031,0.15
/home/ccollins/allmols/H/noopt/b3lyp/1213-13-.log,1213-13-,---,[],"td B3LYP/6-31g(d,p) geom=connectivity",-4.41559125872,-0.83838273668,52,2.8293,-647.7818918,3.5224,0.2
/home/ccollins/allmols/H/noopt/b3lyp/1312-813-.log,1312-813-,---,[],"td B3LYP/6-31g(d,p) geom=connectivity",-4.99682641793,-2.24629973752,72,2.5065,-942.9099219,2.1116,0.35
/home/ccollins/allmols/H/noopt/b3lyp/128-12-.log,128-12-,---,[],"td B3LYP/6-31g(d,p) geom=connectivity",-5.81861021046,-2.49555601366,55,0.4234,-753.8164498,2.0692,0.183333333333
/home/ccollins/allmols/H/noopt/b3lyp/1313.log,1313,---,[],"td B3LYP/6-31g(d,p) geom=connectivity",-4.62457468675,0.0204085378939,35,3.0521,-419.0044061,4.3293,0.0833333333333
/home/ccollins/allmols/H/noopt/b3lyp/12513-.log,12513-,---,[],"td B3LYP/6-31g(d,p) geom=connectivity",-4.61015265331,-1.35213366393,56,2.1113,-990.6119944,3.2103,0.2
/home/ccollins/allmols/H/noopt/b3lyp/58-5.log,58-5,---,[],"td B3LYP/6-31g(d,p) geom=connectivity",-5.92582306286,-2.62127260709,63,0.9884,-1399.7818875,2.1028,0.183333333333
/home/ccollins/allmols/H/noopt/b3lyp/44-84.log,44-84,---,[],"td B3LYP/6-31g(d,p) geom=connectivity",-5.67847158359,-2.54889032602,81,0.6824,-989.2493013,1.9862,0.6
/home/ccollins/allmols/H/noopt/b3lyp/54-.log,54-,---,[],"td B3LYP/6-31g(d,p) geom=connectivity",-5.49479474255,-1.24383235617,42,0.4265,-783.9116982,4.0548,0.15
/home/ccollins/allmols/H/noopt/b3lyp/55.log,55,---,[],"td B3LYP/6-31g(d,p) geom=connectivity",-5.28771611138,-1.29226861944,43,0.6269,-1104.6616433,3.8477,0.0666666666667
/home/ccollins/allmols/H/noopt/b3lyp/44.log,44,---,[],"td B3LYP/6-31g(d,p) geom=connectivity",-5.72119345625,-1.18614422239,41,0.0510,-463.1466805,4.2937,0.133333333333
/home/ccollins/allmols/H/noopt/b3lyp/512-48.log,512-48,---,[],"td B3LYP/6-31g(d,p) geom=connectivity",-5.26268163823,-2.57065943311,79,4.4349,-1307.7896554,1.9995,0.433333333333
/home/ccollins/allmols/H/noopt/b3lyp/812-8.log,812-8,---,[],"td B3LYP/6-31g(d,p) geom=connectivity",-6.48011895206,-3.47543794641,58,2.3838,-820.1380105,2.0344,0.2
/home/ccollins/allmols/H/noopt/b3lyp/1212-4.log,1212-4,---,[],"td B3LYP/6-31g(d,p) geom=connectivity",-4.86838868612,-1.5303682282,55,0.5243,-689.723765,3.2658,0.233333333333
/home/ccollins/allmols/H/noopt/b3lyp/125-124.log,125-124,---,[],"td B3LYP/6-31g(d,p) geom=connectivity",-4.65178607061,-1.85989808673,76,0.9896,-1241.4739463,2.7207,0.483333333333
/home/ccollins/allmols/H/noopt/b3lyp/8412.log,8412,---,[],"td B3LYP/6-31g(d,p) geom=connectivity",-5.87194452282,-2.57093154695,58,4.9869,-756.0462845,2.0242,0.233333333333
/home/ccollins/allmols/H/noopt/b3lyp/54.log,54,---,[],"td B3LYP/6-31g(d,p) geom=connectivity",-5.49806010861,-1.2468256084,42,0.5271,-783.910737,4.0525,0.1
/home/ccollins/allmols/H/noopt/b3lyp/48-1213.log,48-1213,---,[],"td B3LYP/6-31g(d,p) geom=connectivity",-5.26730757349,-2.41228917906,75,2.6338,-964.9821828,2.0247,0.4
/home/ccollins/allmols/H/noopt/b3lyp/88-13-12.log,88-13-12,---,[],"td B3LYP/6-31g(d,p) geom=connectivity",-5.92663940438,-3.27516216121,75,7.9559,-1029.0710043,1.6852,0.266666666667
/home/ccollins/allmols/H/noopt/b3lyp/813-13.log,813-13,---,[],"td B3LYP/6-31g(d,p) geom=connectivity",-5.42458937219,-2.44004479059,55,5.3088,-714.1327762,2.0911,0.216666666667
/home/ccollins/allmols/H/noopt/b3lyp/1212-5.log,1212-5,---,[],"td B3LYP/6-31g(d,p) geom=connectivity",-4.76661811049,-1.53662684649,56,0.4381,-1010.4726794,3.1767,0.183333333333
/home/ccollins/allmols/H/noopt/b3lyp/813-12-.log,813-12-,---,[],"td B3LYP/6-31g(d,p) geom=connectivity",-5.59003458605,-2.51052227478,55,4.8920,-733.9848525,2.0875,0.183333333333
/home/ccollins/allmols/H/noopt/b3lyp/13124-.log,13124-,---,[],"td B3LYP/6-31g(d,p) geom=connectivity",-4.68607241427,-1.29308496096,55,0.5355,-669.8737835,3.2922,0.25
/home/ccollins/allmols/H/noopt/b3lyp/85-.log,85-,---,[],"td B3LYP/6-31g(d,p) geom=connectivity",-6.26079519816,-2.76005066477,42,3.1321,-848.0281061,2.0772,0.0666666666667
/home/ccollins/allmols/H/noopt/b3lyp/81312.log,81312,---,[],"td B3LYP/6-31g(d,p) geom=connectivity",-5.59003458605,-2.51025016095,55,4.8920,-733.9848522,2.0876,0.2
/home/ccollins/allmols/H/noopt/b3lyp/88-4.log,88-4,---,[],"td B3LYP/6-31g(d,p) geom=connectivity",-6.1764399082,-3.57421526981,61,4.5993,-822.3625273,1.5759,0.2
/home/ccollins/allmols/H/noopt/b3lyp/813-85.log,813-85,---,[],"td B3LYP/6-31g(d,p) geom=connectivity",-6.11058835926,-3.05230092741,79,4.4993,-1352.0730309,2.0816,0.3
/home/ccollins/allmols/H/noopt/b3lyp/812-12-.log,812-12-,---,[],"td B3LYP/6-31g(d,p) geom=connectivity",-5.75248654769,-2.56167967644,55,5.3481,-753.8222963,2.0486,0.183333333333
/home/ccollins/allmols/H/noopt/b3lyp/58-5-.log,58-5-,---,[],"td B3LYP/6-31g(d,p) geom=connectivity",-5.92446249367,-2.62181683477,63,0.5149,-1399.7818463,2.1021,0.183333333333
/home/ccollins/allmols/H/noopt/b3lyp/445-4-.log,445-4-,---,[],"td B3LYP/6-31g(d,p) geom=connectivity",-4.8879808825,-1.92139581425,82,0.5707,-1245.875243,2.8247,0.633333333333
/home/ccollins/allmols/H/noopt/b3lyp/51313-.log,51313-,---,[],"td B3LYP/6-31g(d,p) geom=connectivity",-4.43899304884,-0.961922419398,56,0.9199,-970.7615322,3.3596,0.3
/home/ccollins/allmols/H/noopt/b3lyp/135-4-8.log,135-4-8,---,[],"td B3LYP/6-31g(d,p) geom=connectivity",-5.13016219884,-2.50480788417,79,5.8909,-1287.9223892,2.0008,0.45
/home/ccollins/allmols/H/noopt/b3lyp/125-413.log,125-413,---,[],"td B3LYP/6-31g(d,p) geom=connectivity",-4.55192029185,-1.69418075903,76,1.2487,-1221.5963682,2.7887,0.433333333333
/home/ccollins/allmols/H/noopt/b3lyp/8131312.log,8131312,---,[],"td B3LYP/6-31g(d,p) geom=connectivity",-5.01342536209,-2.43133714776,72,5.2724,-942.9077064,2.0949,0.333333333333
/home/ccollins/allmols/H/noopt/b3lyp/13812-13.log,13812-13,---,[],"td B3LYP/6-31g(d,p) geom=connectivity",-5.03383389998,-2.24711607903,72,3.7527,-942.9091625,2.0889,0.333333333333
/home/ccollins/allmols/H/noopt/b3lyp/1284-13.log,1284-13,---,[],"td B3LYP/6-31g(d,p) geom=connectivity",-5.29860066493,-2.37228844478,75,2.0384,-964.9631439,2.0421,0.4
/home/ccollins/allmols/H/noopt/b3lyp/1212-413.log,1212-413,---,[],"td B3LYP/6-31g(d,p) geom=connectivity",-4.51300801293,-1.57744392228,72,1.3324,-898.635112,2.8678,0.416666666667
/home/ccollins/allmols/H/noopt/b3lyp/812-13-.log,812-13-,---,[],"td B3LYP/6-31g(d,p) geom=connectivity",-5.57751734947,-2.45446682404,55,4.1820,-733.9822189,2.0640,0.183333333333
/home/ccollins/allmols/H/noopt/b3lyp/584-8-.log,584-8-,---,[],"td B3LYP/6-31g(d,p) geom=connectivity",-6.2490943031,-3.19869817257,82,2.7383,-1374.1169837,1.9880,0.4
/home/ccollins/allmols/H/noopt/b3lyp/4412-.log,4412-,---,[],"td B3LYP/6-31g(d,p) geom=connectivity",-5.06186162536,-1.56356611651,58,0.9071,-691.9142884,3.4116,0.333333333333
/home/ccollins/allmols/H/noopt/b3lyp/854-.log,854-,---,[],"td B3LYP/6-31g(d,p) geom=connectivity",-6.01262737737,-2.66916464268,62,4.3684,-1079.0231174,2.0761,0.25
/home/ccollins/allmols/H/noopt/b3lyp/84-13-.log,84-13-,---,[],"td B3LYP/6-31g(d,p) geom=connectivity",-5.68364174652,-2.51161073014,58,4.9095,-736.1920054,2.0265,0.233333333333
/home/ccollins/allmols/H/noopt/b3lyp/121254-.log,121254-,---,[],"td B3LYP/6-31g(d,p) geom=connectivity",-4.60090078279,-1.84438759793,76,1.4226,-1241.4639366,2.6936,0.45
/home/ccollins/allmols/H/noopt/b3lyp/8128-.log,8128-,---,[],"td B3LYP/6-31g(d,p) geom=connectivity",-6.48011895206,-3.47543794641,58,2.3838,-820.138011,2.0344,0.2
/home/ccollins/allmols/H/noopt/b3lyp/812-124-.log,812-124-,---,[],"td B3LYP/6-31g(d,p) geom=connectivity",-5.41343270481,-2.6460349664,75,5.3937,-984.8368254,2.0551,0.35
/home/ccollins/allmols/H/noopt/b3lyp/1244.log,1244,---,[],"td B3LYP/6-31g(d,p) geom=connectivity",-5.05451455171,-1.56683148257,58,0.9411,-691.9139217,3.4044,0.35
/home/ccollins/allmols/H/noopt/b3lyp/128-512-.log,128-512-,---,[],"td B3LYP/6-31g(d,p) geom=connectivity",-5.36989449063,-2.57746227908,76,1.6461,-1305.5747491,2.0964,0.35
/home/ccollins/allmols/H/noopt/b3lyp/8413-8.log,8413-8,---,[],"td B3LYP/6-31g(d,p) geom=connectivity",-6.06895494196,-3.04141637386,78,1.3868,-1031.2973457,2.0269,0.383333333333
/home/ccollins/allmols/H/noopt/b3lyp/41313-5-.log,41313-5-,---,[],"td B3LYP/6-31g(d,p) geom=connectivity",-4.4006249976,-1.28111195206,76,0.5384,-1201.7619169,2.9664,0.466666666667
/home/ccollins/allmols/H/noopt/b3lyp/13812-13-.log,13812-13-,---,[],"td B3LYP/6-31g(d,p) geom=connectivity",-5.04798381959,-2.30806957888,72,0.9491,-942.913576,2.0985,0.333333333333
/home/ccollins/allmols/H/noopt/b3lyp/124-5.log,124-5,---,[],"td B3LYP/6-31g(d,p) geom=connectivity",-4.94566901628,-1.57880449147,59,0.7724,-1012.6777938,3.3082,0.266666666667
/home/ccollins/allmols/H/noopt/b3lyp/81212-13-.log,81212-13-,---,[],"td B3LYP/6-31g(d,p) geom=connectivity",-5.14485634612,-2.49365121679,72,6.2410,-962.7616392,2.0551,0.3
/home/ccollins/allmols/H/noopt/b3lyp/48-13.log,48-13,---,[],"td B3LYP/6-31g(d,p) geom=connectivity",-5.81588907208,-2.53337983723,58,2.0854,-736.2058454,2.0478,0.266666666667
/home/ccollins/allmols/H/noopt/b3lyp/12125.log,12125,---,[],"td B3LYP/6-31g(d,p) geom=connectivity",-4.73233176683,-1.52383749608,56,0.9791,-1010.4690971,3.1862,0.183333333333
/home/ccollins/allmols/H/noopt/b3lyp/512-12.log,512-12,---,[],"td B3LYP/6-31g(d,p) geom=connectivity",-4.76661811049,-1.53635473265,56,0.4395,-1010.4726981,3.1770,0.183333333333
/home/ccollins/allmols/H/noopt/b3lyp/138-5-4.log,138-5-4,---,[],"td B3LYP/6-31g(d,p) geom=connectivity",-5.35710514022,-2.44956877494,79,1.8403,-1287.9548134,2.1121,0.416666666667
/home/ccollins/allmols/H/noopt/b3lyp/1244-12-.log,1244-12-,---,[],"td B3LYP/6-31g(d,p) geom=connectivity",-4.75845469533,-1.75785539726,75,0.0421,-920.6807076,2.9347,0.5
/home/ccollins/allmols/H/noopt/b3lyp/54812.log,54812,---,[],"td B3LYP/6-31g(d,p) geom=connectivity",-5.45996417121,-2.51786934843,79,0.8365,-1307.7814002,2.0149,0.4
/home/ccollins/allmols/H/noopt/b3lyp/545.log,545,---,[],"td B3LYP/6-31g(d,p) geom=connectivity",-4.99900332864,-1.64356758505,63,0.6489,-1335.6475575,3.2513,0.25
/home/ccollins/allmols/H/noopt/b3lyp/1384-5-.log,1384-5-,---,[],"td B3LYP/6-31g(d,p) geom=connectivity",-5.36254741699,-2.41174495138,79,2.2019,-1287.9480985,2.0628,0.416666666667
/home/ccollins/allmols/H/noopt/b3lyp/58-4-.log,58-4-,---,[],"td B3LYP/6-31g(d,p) geom=connectivity",-6.04283201346,-2.6269869977,62,0.3475,-1079.0314931,2.0506,0.25
/home/ccollins/allmols/H/noopt/b3lyp/1213-.log,1213-,---,[],"td B3LYP/6-31g(d,p) geom=connectivity",-4.90566828201,-0.522186456244,35,2.0010,-438.8633168,4.3293,0.0666666666667
/home/ccollins/allmols/H/noopt/b3lyp/121312.log,121312,---,[],"td B3LYP/6-31g(d,p) geom=connectivity",-4.54566167356,-1.09199283424,52,0.5516,-667.6444767,3.4478,0.183333333333
/home/ccollins/allmols/H/noopt/b3lyp/5124-8.log,5124-8,---,[],"td B3LYP/6-31g(d,p) geom=connectivity",-5.24798749095,-2.55351626128,79,4.9282,-1307.7903719,1.9994,0.433333333333
/home/ccollins/allmols/H/noopt/b3lyp/485-.log,485-,---,[],"td B3LYP/6-31g(d,p) geom=connectivity",-6.06405689286,-2.63515041286,62,1.2914,-1079.0283707,2.0376,0.233333333333
/home/ccollins/allmols/H/noopt/b3lyp/513-13.log,513-13,---,[],"td B3LYP/6-31g(d,p) geom=connectivity",-4.47409573401,-0.9499494105,56,0.8913,-970.7631138,3.3769,0.216666666667
/home/ccollins/allmols/H/noopt/b3lyp/413-12.log,413-12,---,[],"td B3LYP/6-31g(d,p) geom=connectivity",-4.73260388067,-1.18723267775,55,1.4380,-669.8630203,3.4484,0.266666666667
/home/ccollins/allmols/H/noopt/b3lyp/124-85.log,124-85,---,[],"td B3LYP/6-31g(d,p) geom=connectivity",-5.42241246148,-2.50807325024,79,1.2776,-1307.796387,2.0401,0.4
/home/ccollins/allmols/H/noopt/b3lyp/45-413-.log,45-413-,---,[],"td B3LYP/6-31g(d,p) geom=connectivity",-4.64743224919,-1.73363726562,79,1.2163,-1223.815717,2.7906,0.566666666667
/home/ccollins/allmols/H/noopt/b3lyp/1385-.log,1385-,---,[],"td B3LYP/6-31g(d,p) geom=connectivity",-5.66649857469,-2.51950203146,59,1.8664,-1056.9600999,2.1142,0.2
/home/ccollins/allmols/H/noopt/b3lyp/854-8.log,854-8,---,[],"td B3LYP/6-31g(d,p) geom=connectivity",-6.24800584775,-3.26618240453,82,2.1031,-1374.1099969,1.9931,0.433333333333
/home/ccollins/allmols/H/noopt/b3lyp/1385-13-.log,1385-13-,---,[],"td B3LYP/6-31g(d,p) geom=connectivity",-5.08907300922,-2.36004332205,76,1.4727,-1265.8822622,2.1209,0.35
/home/ccollins/allmols/H/noopt/b3lyp/85124.log,85124,---,[],"td B3LYP/6-31g(d,p) geom=connectivity",-5.41016733875,-2.69066163593,79,5.6993,-1307.813198,2.0769,0.433333333333
/home/ccollins/allmols/H/noopt/b3lyp/1312-12-.log,1312-12-,---,[],"td B3LYP/6-31g(d,p) geom=connectivity",-4.53123964012,-1.16491934298,52,2.1538,-667.6409983,3.3229,0.183333333333
/home/ccollins/allmols/H/noopt/b3lyp/55-4.log,55-4,---,[],"td B3LYP/6-31g(d,p) geom=connectivity",-4.97179194478,-1.73037189956,63,0.3983,-1335.6591066,3.1114,0.266666666667
/home/ccollins/allmols/H/noopt/b3lyp/1348.log,1348,---,[],"td B3LYP/6-31g(d,p) geom=connectivity",-5.57506832493,-2.55950276573,58,3.9329,-736.176573,2.0010,0.233333333333
/home/ccollins/allmols/H/noopt/b3lyp/1212.log,1212,---,[],"td B3LYP/6-31g(d,p) geom=connectivity",-5.13778138632,-1.01797787015,35,0.9719,-458.7106521,4.1487,0.0666666666667
/home/ccollins/allmols/H/noopt/b3lyp/84-13-4.log,84-13-4,---,[],"td B3LYP/6-31g(d,p) geom=connectivity",-5.33642448849,-2.50181463195,78,5.2191,-967.1921112,2.0267,0.516666666667
/home/ccollins/allmols/H/noopt/b3lyp/813-.log,813-,---,[],"td B3LYP/6-31g(d,p) geom=connectivity",-6.15113332121,-2.63351772982,38,3.3206,-505.2062642,2.0877,0.0666666666667
/home/ccollins/allmols/H/noopt/b3lyp/1213-8.log,1213-8,---,[],"td B3LYP/6-31g(d,p) geom=connectivity",-5.5113936867,-2.59052374333,55,3.6024,-733.9728337,2.0766,0.183333333333
/home/ccollins/allmols/H/noopt/b3lyp/8513-.log,8513-,---,[],"td B3LYP/6-31g(d,p) geom=connectivity",-5.62268824668,-2.49691658286,59,5.7854,-1056.951668,2.0800,0.2
/home/ccollins/allmols/H/noopt/b3lyp/555-5-.log,555-5-,---,[],"td B3LYP/6-31g(d,p) geom=connectivity",-4.61477858856,-1.98588679399,85,0.0002,-2208.154231,2.5646,0.35
/home/ccollins/allmols/H/noopt/b3lyp/813-1313.log,813-1313,---,[],"td B3LYP/6-31g(d,p) geom=connectivity",-4.88389917492,-2.3850777952,72,5.7626,-923.0517924,2.0445,0.35
/home/ccollins/allmols/H/noopt/b3lyp/5138-12-.log,5138-12-,---,[],"td B3LYP/6-31g(d,p) geom=connectivity",-5.17560520989,-2.38915950278,76,2.0771,-1285.7269914,2.0880,0.333333333333
/home/ccollins/allmols/H/noopt/b3lyp/4135.log,4135,---,[],"td B3LYP/6-31g(d,p) geom=connectivity",-4.74593745876,-1.28274463509,59,0.7797,-992.836671,3.3468,0.316666666667
/home/ccollins/allmols/H/noopt/b3lyp/1255.log,1255,---,[],"td B3LYP/6-31g(d,p) geom=connectivity",-4.79736697425,-1.67894238407,60,1.0273,-1333.4359337,3.0884,0.2
/home/ccollins/allmols/H/noopt/b3lyp/844-.log,844-,---,[],"td B3LYP/6-31g(d,p) geom=connectivity",-6.04990697326,-2.61256496425,61,4.1123,-758.2494947,2.0227,0.35
/home/ccollins/allmols/H/noopt/b3lyp/1213-13.log,1213-13,---,[],"td B3LYP/6-31g(d,p) geom=connectivity",-4.44035361803,-0.803280051503,52,0.8017,-647.7884248,3.5449,0.2
/home/ccollins/allmols/H/noopt/b3lyp/84-55-.log,84-55-,---,[],"td B3LYP/6-31g(d,p) geom=connectivity",-5.40554140349,-2.65746374762,83,5.8179,-1630.7629676,2.0254,0.416666666667
/home/ccollins/allmols/H/noopt/b3lyp/125-13-.log,125-13-,---,[],"td B3LYP/6-31g(d,p) geom=connectivity",-4.60552671805,-1.3801613893,56,1.4524,-990.6099435,3.1944,0.2
/home/ccollins/allmols/H/noopt/b3lyp/488.log,488,---,[],"td B3LYP/6-31g(d,p) geom=connectivity",-6.20065803983,-3.54809234131,61,2.8421,-822.3481589,1.6025,0.216666666667
/home/ccollins/allmols/H/noopt/b3lyp/54-8-.log,54-8-,---,[],"td B3LYP/6-31g(d,p) geom=connectivity",-5.85262444028,-2.64059268963,62,3.4815,-1079.0013462,1.9985,0.25
/home/ccollins/allmols/H/noopt/b3lyp/85-13-.log,85-13-,---,[],"td B3LYP/6-31g(d,p) geom=connectivity",-5.61207580698,-2.50752902256,59,4.6906,-1056.951339,2.0857,0.2
/home/ccollins/allmols/H/noopt/b3lyp/55-8-.log,55-8-,---,[],"td B3LYP/6-31g(d,p) geom=connectivity",-5.77099028871,-2.64032057579,63,3.6436,-1399.7657506,2.0653,0.2
/home/ccollins/allmols/H/noopt/b3lyp/4554-.log,4554-,---,[],"td B3LYP/6-31g(d,p) geom=connectivity",-4.76770656585,-2.00085305511,83,0.8885,-1566.6515975,2.6575,0.633333333333
/home/ccollins/allmols/H/noopt/b3lyp/5135-.log,5135-,---,[],"td B3LYP/6-31g(d,p) geom=connectivity",-4.64879281838,-1.30097626227,60,1.0429,-1313.5882912,3.2517,0.216666666667
/home/ccollins/allmols/H/noopt/b3lyp/131355-.log,131355-,---,[],"td B3LYP/6-31g(d,p) geom=connectivity",-4.30728995096,-1.55839595358,77,1.8101,-1522.5032504,2.6701,0.383333333333
/home/ccollins/allmols/H/noopt/b3lyp/4812-.log,4812-,---,[],"td B3LYP/6-31g(d,p) geom=connectivity",-5.97888526139,-2.56385658715,58,1.6597,-756.0446438,2.0131,0.25
/home/ccollins/allmols/H/noopt/b3lyp/12135-.log,12135-,---,[],"td B3LYP/6-31g(d,p) geom=connectivity",-4.61069688098,-1.19893357281,56,1.1616,-990.6173321,3.3409,0.2
/home/ccollins/allmols/H/noopt/b3lyp/48-4.log,48-4,---,[],"td B3LYP/6-31g(d,p) geom=connectivity",-6.01725331263,-2.64168114498,61,0.5515,-758.2778277,1.9861,0.366666666667
/home/ccollins/allmols/H/noopt/b3lyp/48-88.log,48-88,---,[],"td B3LYP/6-31g(d,p) geom=connectivity",-6.24773373391,-4.1693282348,81,3.5539,-1117.4313046,1.1316,0.416666666667
/home/ccollins/allmols/H/noopt/b3lyp/41213.log,41213,---,[],"td B3LYP/6-31g(d,p) geom=connectivity",-4.68988200801,-1.28573788731,55,0.4940,-669.8738784,3.3016,0.25
/home/ccollins/allmols/H/noopt/b3lyp/1285.log,1285,---,[],"td B3LYP/6-31g(d,p) geom=connectivity",-5.86378110767,-2.53174715419,59,0.9382,-1076.8000777,2.0941,0.183333333333
/home/ccollins/allmols/H/noopt/b3lyp/125128.log,125128,---,[],"td B3LYP/6-31g(d,p) geom=connectivity",-5.2145174888,-2.5423595939,76,5.2636,-1305.5692899,2.0556,0.3
/home/ccollins/allmols/H/noopt/b3lyp/13513-.log,13513-,---,[],"td B3LYP/6-31g(d,p) geom=connectivity",-4.44089784571,-1.10423795698,56,0.8117,-970.7565261,3.2507,0.216666666667
/home/ccollins/allmols/H/noopt/b3lyp/84-5-.log,84-5-,---,[],"td B3LYP/6-31g(d,p) geom=connectivity",-5.95276233288,-2.5888910603,62,4.6247,-1079.0163153,2.0254,0.25
/home/ccollins/allmols/H/noopt/b3lyp/135-4.log,135-4,---,[],"td B3LYP/6-31g(d,p) geom=connectivity",-4.75709412614,-1.4266928557,59,2.0458,-992.8323523,3.1962,0.266666666667
/home/ccollins/allmols/H/noopt/b3lyp/58.log,58,---,[],"td B3LYP/6-31g(d,p) geom=connectivity",-6.28093162222,-2.79079952853,42,2.1910,-848.0171029,2.0613,0.0666666666667
/home/ccollins/allmols/H/noopt/b3lyp/813138.log,813138,---,[],"td B3LYP/6-31g(d,p) geom=connectivity",-5.83874663452,-2.9034546577,75,1.9740,-1009.2349171,2.0711,0.433333333333
/home/ccollins/allmols/H/noopt/b3lyp/1312-13-.log,1312-13-,---,[],"td B3LYP/6-31g(d,p) geom=connectivity",-4.38076068738,-0.875934446405,52,1.6389,-647.7950369,3.4195,0.2
/home/ccollins/allmols/H/noopt/b3lyp/1212-1212-.log,1212-1212-,---,[],"td B3LYP/6-31g(d,p) geom=connectivity",-4.52824638789,-1.73935165623,69,0.0048,-916.2789161,2.7621,0.4
/home/ccollins/allmols/H/noopt/b3lyp/13413.log,13413,---,[],"td B3LYP/6-31g(d,p) geom=connectivity",-4.58457395248,-0.985324209516,55,2.7623,-649.9957178,3.5135,0.266666666667
/home/ccollins/allmols/H/noopt/b3lyp/13512-4-.log,13512-4-,---,[],"td B3LYP/6-31g(d,p) geom=connectivity",-4.50185134555,-1.68492888852,76,1.9127,-1221.6196118,2.7305,0.5
/home/ccollins/allmols/H/noopt/b3lyp/44-12.log,44-12,---,[],"td B3LYP/6-31g(d,p) geom=connectivity",-5.06186162536,-1.56329400267,58,0.9078,-691.9138864,3.4090,0.383333333333
/home/ccollins/allmols/H/noopt/b3lyp/4513-.log,4513-,---,[],"td B3LYP/6-31g(d,p) geom=connectivity",-4.76090371988,-1.42016212357,59,2.0797,-992.8329295,3.2045,0.266666666667
/home/ccollins/allmols/H/noopt/b3lyp/813-12.log,813-12,---,[],"td B3LYP/6-31g(d,p) geom=connectivity",-5.61316426233,-2.55025089522,55,4.5186,-733.9831023,2.0903,0.2
/home/ccollins/allmols/H/noopt/b3lyp/12138-.log,12138-,---,[],"td B3LYP/6-31g(d,p) geom=connectivity",-5.48853612426,-2.55052300906,55,3.8897,-733.9745943,2.0750,0.2
/home/ccollins/allmols/H/noopt/b3lyp/125-8.log,125-8,---,[],"td B3LYP/6-31g(d,p) geom=connectivity",-5.708131992,-2.64195325882,59,3.7747,-1076.7916566,2.0660,0.183333333333
/home/ccollins/allmols/H/noopt/b3lyp/131312-.log,131312-,---,[],"td B3LYP/6-31g(d,p) geom=connectivity",-4.41531914488,-0.838110622842,52,2.8300,-647.781907,3.5225,0.2
/home/ccollins/allmols/H/noopt/b3lyp/54-4.log,54-4,---,[],"td B3LYP/6-31g(d,p) geom=connectivity",-5.1108421163,-1.6305061208,62,0.5469,-1014.8823795,3.3435,0.383333333333
/home/ccollins/allmols/H/noopt/b3lyp/5513-4-.log,5513-4-,---,[],"td B3LYP/6-31g(d,p) geom=connectivity",-4.55681834094,-1.692548076,80,1.3733,-1544.5817289,2.7496,0.433333333333
/home/ccollins/allmols/H/noopt/b3lyp/81312-13-.log,81312-13-,---,[],"td B3LYP/6-31g(d,p) geom=connectivity",-5.0107042237,-2.45365048252,72,4.9549,-942.9161184,2.0913,0.35
/home/ccollins/allmols/H/noopt/b3lyp/134-12-.log,134-12-,---,[],"td B3LYP/6-31g(d,p) geom=connectivity",-4.73695770209,-1.260975528,55,1.8045,-669.8536747,3.4346,0.25
/home/ccollins/allmols/H/noopt/b3lyp/58-55.log,58-55,---,[],"td B3LYP/6-31g(d,p) geom=connectivity",-5.42622205522,-2.59705447545,84,2.3941,-1951.5276334,2.1063,0.366666666667
/home/ccollins/allmols/H/noopt/b3lyp/85-13.log,85-13,---,[],"td B3LYP/6-31g(d,p) geom=connectivity",-5.62268824668,-2.49718869669,59,5.7855,-1056.9516681,2.0800,0.2
/home/ccollins/allmols/H/noopt/b3lyp/8454-.log,8454-,---,[],"td B3LYP/6-31g(d,p) geom=connectivity",-5.50921677599,-2.668620415,82,5.3695,-1310.0107713,2.0253,0.5
/home/ccollins/allmols/H/noopt/b3lyp/138-12.log,138-12,---,[],"td B3LYP/6-31g(d,p) geom=connectivity",-5.62867475113,-2.44276592898,55,1.0855,-733.9767266,2.0907,0.183333333333
/home/ccollins/allmols/H/noopt/b3lyp/125-84-.log,125-84-,---,[],"td B3LYP/6-31g(d,p) geom=connectivity",-5.40227603743,-2.57256422998,79,1.7047,-1307.8059479,2.0536,0.383333333333
/home/ccollins/allmols/H/noopt/b3lyp/412-12-13.log,412-12-13,---,[],"td B3LYP/6-31g(d,p) geom=connectivity",-4.43545556893,-1.54261335094,72,2.8920,-898.6516007,2.7693,0.433333333333
/home/ccollins/allmols/H/noopt/b3lyp/58-8-13-.log,58-8-13-,---,[],"td B3LYP/6-31g(d,p) geom=connectivity",-5.87493777505,-3.12359475312,79,2.3665,-1352.0497745,1.7887,0.3
/home/ccollins/allmols/H/noopt/b3lyp/1213-4-5.log,1213-4-5,---,[],"td B3LYP/6-31g(d,p) geom=connectivity",-4.55137606417,-1.58696790663,76,1.7373,-1221.5979073,2.8682,0.433333333333
/home/ccollins/allmols/H/noopt/b3lyp/4124-.log,4124-,---,[],"td B3LYP/6-31g(d,p) geom=connectivity",-5.02567048482,-1.57009684863,58,0.7467,-691.950537,3.3074,0.35
/home/ccollins/allmols/H/noopt/b3lyp/84-4-.log,84-4-,---,[],"td B3LYP/6-31g(d,p) geom=connectivity",-6.05099542861,-2.61338130577,61,4.1051,-758.2498826,2.0228,0.333333333333
/home/ccollins/allmols/H/noopt/b3lyp/458.log,458,---,[],"td B3LYP/6-31g(d,p) geom=connectivity",-5.92582306286,-2.66372236591,62,3.2692,-1079.0123912,2.0621,0.25
/home/ccollins/allmols/H/noopt/b3lyp/88-84-.log,88-84-,---,[],"td B3LYP/6-31g(d,p) geom=connectivity",-6.23222324511,-4.16715132409,81,6.1608,-1117.4458686,1.1265,0.366666666667
/home/ccollins/allmols/H/noopt/b3lyp/51312-.log,51312-,---,[],"td B3LYP/6-31g(d,p) geom=connectivity",-4.61178533634,-1.22859398121,56,1.3089,-990.6136096,3.3201,0.2
/home/ccollins/allmols/H/noopt/b3lyp/41312.log,41312,---,[],"td B3LYP/6-31g(d,p) geom=connectivity",-4.70267135842,-1.17362698582,55,0.9718,-669.8657796,3.4465,0.25
/home/ccollins/allmols/H/noopt/b3lyp/5125-.log,5125-,---,[],"td B3LYP/6-31g(d,p) geom=connectivity",-4.78294494081,-1.58560733743,60,0.4211,-1333.4491514,3.1211,0.2
/home/ccollins/allmols/H/noopt/b3lyp/812-4-13-.log,812-4-13-,---,[],"td B3LYP/6-31g(d,p) geom=connectivity",-5.27030082571,-2.48793682618,75,5.2266,-964.968784,2.0585,0.45
/home/ccollins/allmols/H/noopt/b3lyp/1212-.log,1212-,---,[],"td B3LYP/6-31g(d,p) geom=connectivity",-5.14104675238,-1.00627697509,35,0.0011,-458.7149544,4.1555,0.0666666666667
/home/ccollins/allmols/H/noopt/b3lyp/5812-5-.log,5812-5-,---,[],"td B3LYP/6-31g(d,p) geom=connectivity",-5.3696223768,-2.53936634167,80,2.4837,-1628.5579777,2.0789,0.316666666667
/home/ccollins/allmols/H/noopt/b3lyp/544.log,544,---,[],"td B3LYP/6-31g(d,p) geom=connectivity",-5.1143795962,-1.63377148686,62,0.6130,-1014.8818275,3.3443,0.383333333333
/home/ccollins/allmols/H/noopt/b3lyp/548-12.log,548-12,---,[],"td B3LYP/6-31g(d,p) geom=connectivity",-5.45996417121,-2.51759723459,79,0.8365,-1307.7814006,2.0149,0.4
/home/ccollins/allmols/H/noopt/b3lyp/412-5-8-.log,412-5-8-,---,[],"td B3LYP/6-31g(d,p) geom=connectivity",-5.33179855323,-2.62045626557,79,4.4689,-1307.8022652,2.0642,0.4
/home/ccollins/allmols/H/noopt/b3lyp/5412-12-.log,5412-12-,---,[],"td B3LYP/6-31g(d,p) geom=connectivity",-4.63301021575,-1.7722774307,76,0.8528,-1241.4568125,2.7977,0.45
/home/ccollins/allmols/H/noopt/b3lyp/1212-13-8.log,1212-13-8,---,[],"td B3LYP/6-31g(d,p) geom=connectivity",-5.06703178829,-2.53283560955,72,3.9391,-962.7567122,2.0306,0.333333333333
/home/ccollins/allmols/H/noopt/b3lyp/813-8.log,813-8,---,[],"td B3LYP/6-31g(d,p) geom=connectivity",-6.52447350775,-3.1954328065,58,1.0154,-800.3065531,2.0576,0.183333333333
/home/ccollins/allmols/H/noopt/b3lyp/512-12-.log,512-12-,---,[],"td B3LYP/6-31g(d,p) geom=connectivity",-4.74185575118,-1.51567408092,56,0.6505,-1010.4689263,3.1879,0.183333333333
/home/ccollins/allmols/H/noopt/b3lyp/44-4.log,44-4,---,[],"td B3LYP/6-31g(d,p) geom=connectivity",-5.24962017398,-1.61309083513,61,0.0579,-694.1166716,3.4564,0.483333333333
/home/ccollins/allmols/H/noopt/b3lyp/88.log,88,---,[],"td B3LYP/6-31g(d,p) geom=connectivity",-6.56882806344,-3.88551350115,41,0.7566,-591.342761,1.5387,0.05
/home/ccollins/allmols/H/noopt/b3lyp/8134-.log,8134-,---,[],"td B3LYP/6-31g(d,p) geom=connectivity",-5.80228338015,-2.56358447331,58,4.1088,-736.2063116,2.0899,0.25
/home/ccollins/allmols/H/noopt/b3lyp/512.log,512,---,[],"td B3LYP/6-31g(d,p) geom=connectivity",-5.20907521203,-1.14614348812,39,0.8124,-781.6914065,4.0090,0.0666666666667
/home/ccollins/allmols/H/noopt/b3lyp/55-8-4-.log,55-8-4-,---,[],"td B3LYP/6-31g(d,p) geom=connectivity",-5.44826327615,-2.58181610049,83,1.5640,-1630.7799569,2.0527,0.4
/home/ccollins/allmols/H/noopt/b3lyp/138-13.log,138-13,---,[],"td B3LYP/6-31g(d,p) geom=connectivity",-5.4577872605,-2.41446608976,55,2.9321,-714.1371568,2.1241,0.2
/home/ccollins/allmols/H/noopt/b3lyp/545-8-.log,545-8-,---,[],"td B3LYP/6-31g(d,p) geom=connectivity",-5.40744620036,-2.61229285042,83,4.6155,-1630.747272,2.0650,0.416666666667
/home/ccollins/allmols/H/noopt/b3lyp/485.log,485,---,[],"td B3LYP/6-31g(d,p) geom=connectivity",-6.06378477903,-2.63515041286,62,1.2469,-1079.0283712,2.0379,0.266666666667
/home/ccollins/allmols/H/noopt/b3lyp/1313-12-13-.log,1313-12-13-,---,[],"td B3LYP/6-31g(d,p) geom=connectivity",-4.145382217,-1.06995161332,69,1.8347,-856.7207609,2.9634,0.383333333333
/home/ccollins/allmols/H/noopt/b3lyp/134-8.log,134-8,---,[],"td B3LYP/6-31g(d,p) geom=connectivity",-5.58023848786,-2.56548927018,58,3.8620,-736.1777804,2.0007,0.233333333333
/home/ccollins/allmols/H/noopt/b3lyp/54-5-13.log,54-5-13,---,[],"td B3LYP/6-31g(d,p) geom=connectivity",-4.55953947933,-1.70207206035,80,1.7675,-1544.569358,2.7571,0.483333333333
/home/ccollins/allmols/H/noopt/b3lyp/1244-.log,1244-,---,[],"td B3LYP/6-31g(d,p) geom=connectivity",-5.0536982102,-1.56574302722,58,0.8806,-691.9135108,3.4021,0.366666666667
/home/ccollins/allmols/H/noopt/b3lyp/128-13.log,128-13,---,[],"td B3LYP/6-31g(d,p) geom=connectivity",-5.64091987387,-2.42752755402,55,0.9939,-733.9776465,2.1056,0.183333333333
/home/ccollins/allmols/H/noopt/b3lyp/134-13-.log,134-13-,---,[],"td B3LYP/6-31g(d,p) geom=connectivity",-4.58566240783,-0.994848193866,55,0.0513,-649.9971289,3.5120,0.266666666667
/home/ccollins/allmols/H/noopt/b3lyp/12128-13-.log,12128-13-,---,[],"td B3LYP/6-31g(d,p) geom=connectivity",-5.13669293097,-2.31133494494,72,1.5503,-962.7550768,2.1010,0.316666666667
/home/ccollins/allmols/H/noopt/b3lyp/1212134.log,1212134,---,[],"td B3LYP/6-31g(d,p) geom=connectivity",-4.46212272512,-1.51703465011,72,1.1775,-898.6437917,2.8554,0.466666666667
/home/ccollins/allmols/H/noopt/b3lyp/135-5-.log,135-5-,---,[],"td B3LYP/6-31g(d,p) geom=connectivity",-4.64525533848,-1.45472058107,60,2.1112,-1313.5822123,3.0973,0.2
/home/ccollins/allmols/H/noopt/b3lyp/128-5-.log,128-5-,---,[],"td B3LYP/6-31g(d,p) geom=connectivity",-5.86296476615,-2.53337983723,59,0.1248,-1076.8001154,2.0917,0.183333333333
/home/ccollins/allmols/H/noopt/b3lyp/45-.log,45-,---,[],"td B3LYP/6-31g(d,p) geom=connectivity",-5.50622352377,-1.23757373788,42,0.5054,-783.9108484,4.0669,0.1
/home/ccollins/allmols/H/noopt/b3lyp/88-48-.log,88-48-,---,[],"td B3LYP/6-31g(d,p) geom=connectivity",-6.32909577165,-4.00061765488,81,3.1183,-1117.4457678,1.4218,0.433333333333
/home/ccollins/allmols/H/noopt/b3lyp/88-8.log,88-8,---,[],"td B3LYP/6-31g(d,p) geom=connectivity",-6.58161741385,-4.53668191689,61,1.1620,-886.4247481,1.0529,0.183333333333
/home/ccollins/allmols/H/noopt/b3lyp/1212128-.log,1212128-,---,[],"td B3LYP/6-31g(d,p) geom=connectivity",-5.14023041087,-2.47297056506,72,4.9539,-982.5907612,2.0520,0.283333333333
/home/ccollins/allmols/H/noopt/b3lyp/558-4-.log,558-4-,---,[],"td B3LYP/6-31g(d,p) geom=connectivity",-5.43928351947,-2.58236032817,83,1.8872,-1630.7771331,2.0550,0.4
/home/ccollins/allmols/H/noopt/b3lyp/512-124-.log,512-124-,---,[],"td B3LYP/6-31g(d,p) geom=connectivity",-4.62838428049,-1.79486287931,76,0.6775,-1241.4818725,2.7391,0.416666666667
/home/ccollins/allmols/H/noopt/b3lyp/1213-4.log,1213-4,---,[],"td B3LYP/6-31g(d,p) geom=connectivity",-4.73151542531,-1.19838934513,55,1.4590,-669.8636958,3.4332,0.3
/home/ccollins/allmols/H/noopt/b3lyp/135-58.log,135-58,---,[],"td B3LYP/6-31g(d,p) geom=connectivity",-5.12444780823,-2.51596455156,80,5.7007,-1608.6879513,2.0681,0.316666666667
/home/ccollins/allmols/H/noopt/b3lyp/124-8-.log,124-8-,---,[],"td B3LYP/6-31g(d,p) geom=connectivity",-5.77153451639,-2.62508220083,58,3.8282,-756.0317073,1.9982,0.233333333333
/home/ccollins/allmols/H/noopt/b3lyp/1354.log,1354,---,[],"td B3LYP/6-31g(d,p) geom=connectivity",-4.73695770209,-1.45444846724,59,0.9049,-992.8300147,3.1800,0.266666666667
/home/ccollins/allmols/H/noopt/b3lyp/121312-.log,121312-,---,[],"td B3LYP/6-31g(d,p) geom=connectivity",-4.57641053732,-1.10587064001,52,1.4003,-667.6425857,3.4499,0.2
/home/ccollins/allmols/H/noopt/b3lyp/4445-.log,4445-,---,[],"td B3LYP/6-31g(d,p) geom=connectivity",-4.91111055878,-1.83704052429,82,0.6219,-1245.8529431,2.9364,0.6
/home/ccollins/allmols/H/noopt/b3lyp/135-5-13.log,135-5-13,---,[],"td B3LYP/6-31g(d,p) geom=connectivity",-4.31055531702,-1.56111709196,77,3.1673,-1522.5030512,2.6718,0.383333333333
/home/ccollins/allmols/H/noopt/b3lyp/84-12-.log,84-12-,---,[],"td B3LYP/6-31g(d,p) geom=connectivity",-5.87194452282,-2.57120366079,58,4.9869,-756.0462846,2.0241,0.233333333333
/home/ccollins/allmols/H/noopt/b3lyp/5412-12.log,5412-12,---,[],"td B3LYP/6-31g(d,p) geom=connectivity",-4.65613989203,-1.7962234485,76,0.4925,-1241.4604321,2.7885,0.466666666667
/home/ccollins/allmols/H/noopt/b3lyp/558-5-.log,558-5-,---,[],"td B3LYP/6-31g(d,p) geom=connectivity",-5.37506465357,-2.56467292866,84,1.1687,-1951.5274629,2.1063,0.333333333333
/home/ccollins/allmols/H/noopt/b3lyp/8135-4.log,8135-4,---,[],"td B3LYP/6-31g(d,p) geom=connectivity",-5.34295522061,-2.52848178813,79,4.8374,-1287.9523198,2.0908,0.416666666667
/home/ccollins/allmols/H/noopt/b3lyp/131312-5.log,131312-5,---,[],"td B3LYP/6-31g(d,p) geom=connectivity",-4.28905832378,-1.35077309474,73,2.5647,-1199.5398881,2.8162,0.366666666667
/home/ccollins/allmols/H/noopt/b3lyp/124-13-.log,124-13-,---,[],"td B3LYP/6-31g(d,p) geom=connectivity",-4.73967884047,-1.26750626013,55,1.7567,-669.8532169,3.4316,0.266666666667
/home/ccollins/allmols/H/noopt/b3lyp/12413.log,12413,---,[],"td B3LYP/6-31g(d,p) geom=connectivity",-4.74348843421,-1.27186008155,55,0.9417,-669.8539217,3.4290,0.25
/home/ccollins/allmols/H/noopt/b3lyp/45-12.log,45-12,---,[],"td B3LYP/6-31g(d,p) geom=connectivity",-4.93233543819,-1.66941839972,59,0.5696,-1012.6843424,3.1799,0.25
/home/ccollins/allmols/H/noopt/b3lyp/55-.log,55-,---,[],"td B3LYP/6-31g(d,p) geom=connectivity",-5.2991448926,-1.27975138286,43,0.0001,-1104.664678,3.8566,0.0666666666667
/home/ccollins/allmols/H/noopt/b3lyp/81313-.log,81313-,---,[],"td B3LYP/6-31g(d,p) geom=connectivity",-5.42458937219,-2.44004479059,55,5.3087,-714.1327755,2.0911,0.216666666667
/home/ccollins/allmols/H/noopt/b3lyp/131313-.log,131313-,---,[],"td B3LYP/6-31g(d,p) geom=connectivity",-4.24225474354,-0.461777184079,52,1.4083,-627.9296654,3.6652,0.216666666667
/home/ccollins/allmols/H/noopt/b3lyp/44-4-12-.log,44-4-12-,---,[],"td B3LYP/6-31g(d,p) geom=connectivity",-4.8689329138,-1.79486287931,78,1.0416,-922.8842057,2.9624,0.633333333333
/home/ccollins/allmols/H/noopt/b3lyp/1212-55-.log,1212-55-,---,[],"td B3LYP/6-31g(d,p) geom=connectivity",-4.58076435874,-1.86833361572,77,0.1720,-1562.2206173,2.6472,0.383333333333
/home/ccollins/allmols/H/noopt/b3lyp/88-4-8.log,88-4-8,---,[],"td B3LYP/6-31g(d,p) geom=connectivity",-6.32909577165,-4.00061765488,81,3.1183,-1117.4457682,1.4218,0.433333333333
/home/ccollins/allmols/H/noopt/b3lyp/813-5-.log,813-5-,---,[],"td B3LYP/6-31g(d,p) geom=connectivity",-5.64717849215,-2.52140682833,59,4.7271,-1056.9565871,2.0905,0.2
/home/ccollins/allmols/H/noopt/b3lyp/85-138.log,85-138,---,[],"td B3LYP/6-31g(d,p) geom=connectivity",-6.02432827243,-3.10590735361,79,1.8633,-1352.0571336,2.0684,0.316666666667
/home/ccollins/allmols/H/noopt/b3lyp/88-.log,88-,---,[],"td B3LYP/6-31g(d,p) geom=connectivity",-6.56882806344,-3.88551350115,41,0.7566,-591.3427611,1.5387,0.05
/home/ccollins/allmols/H/noopt/b3lyp/812-.log,812-,---,[],"td B3LYP/6-31g(d,p) geom=connectivity",-6.17562356668,-2.69365488815,38,3.5539,-525.0440203,2.0506,0.0666666666667
/home/ccollins/allmols/H/noopt/b3lyp/1213135.log,1213135,---,[],"td B3LYP/6-31g(d,p) geom=connectivity",-4.26864978588,-1.27839081367,73,1.4384,-1199.5356008,2.8955,0.4
/home/ccollins/allmols/H/noopt/b3lyp/1313-12.log,1313-12,---,[],"td B3LYP/6-31g(d,p) geom=connectivity",-4.44035361803,-0.803007937664,52,0.8007,-647.7884398,3.5450,0.2
/home/ccollins/allmols/H/noopt/b3lyp/44-.log,44-,---,[],"td B3LYP/6-31g(d,p) geom=connectivity",-5.72064922857,-1.18532788088,41,0.0744,-463.1462947,4.2812,0.133333333333
/home/ccollins/allmols/H/noopt/b3lyp/551212-.log,551212-,---,[],"td B3LYP/6-31g(d,p) geom=connectivity",-4.54538955972,-1.87432012017,77,0.4754,-1562.2183728,2.6265,0.333333333333
/home/ccollins/allmols/H/noopt/b3lyp/54-8-4-.log,54-8-4-,---,[],"td B3LYP/6-31g(d,p) geom=connectivity",-5.54187043662,-2.53065869884,82,1.3323,-1310.015514,1.9886,0.483333333333
/home/ccollins/allmols/H/noopt/b3lyp/1312.log,1312,---,[],"td B3LYP/6-31g(d,p) geom=connectivity",-4.87818478431,-0.532798895949,35,1.1512,-438.8655318,4.3102,0.0666666666667
/home/ccollins/allmols/H/noopt/b3lyp/58-13-8.log,58-13-8,---,[],"td B3LYP/6-31g(d,p) geom=connectivity",-6.04555315184,-3.0261779989,79,2.4749,-1352.0616801,2.0626,0.316666666667
/home/ccollins/allmols/H/noopt/b3lyp/4413-13.log,4413-13,---,[],"td B3LYP/6-31g(d,p) geom=connectivity",-4.46429963582,-1.39539976426,75,1.9287,-880.9824337,2.9253,0.55
/home/ccollins/allmols/H/noopt/b3lyp/512138.log,512138,---,[],"td B3LYP/6-31g(d,p) geom=connectivity",-5.07410674809,-2.50099829043,76,4.5583,-1285.7329901,2.0632,0.35
/home/ccollins/allmols/H/noopt/b3lyp/131244-.log,131244-,---,[],"td B3LYP/6-31g(d,p) geom=connectivity",-4.56607021145,-1.64193490202,75,0.5398,-900.8454243,2.8263,0.5
/home/ccollins/allmols/H/noopt/b3lyp/13513-13.log,13513-13,---,[],"td B3LYP/6-31g(d,p) geom=connectivity",-4.19055311421,-1.20954601251,73,1.8384,-1179.6819746,2.8607,0.366666666667
/home/ccollins/allmols/H/noopt/b3lyp/12813.log,12813,---,[],"td B3LYP/6-31g(d,p) geom=connectivity",-5.64091987387,-2.42752755402,55,0.9939,-733.9776463,2.1056,0.183333333333
/home/ccollins/allmols/H/noopt/b3lyp/812.log,812,---,[],"td B3LYP/6-31g(d,p) geom=connectivity",-6.17562356668,-2.69365488815,38,3.5539,-525.0440206,2.0505,0.0666666666667
/home/ccollins/allmols/H/noopt/b3lyp/512-12-4-.log,512-12-4-,---,[],"td B3LYP/6-31g(d,p) geom=connectivity",-4.6066151734,-1.7891484887,76,0.8510,-1241.4790017,2.7023,0.466666666667
/home/ccollins/allmols/H/noopt/b3lyp/412-5.log,412-5,---,[],"td B3LYP/6-31g(d,p) geom=connectivity",-4.91111055878,-1.57826026379,59,0.5071,-1012.7004173,3.2184,0.25
/home/ccollins/allmols/H/noopt/b3lyp/58-134-.log,58-134-,---,[],"td B3LYP/6-31g(d,p) geom=connectivity",-5.36744546609,-2.49065796457,79,1.6770,-1287.9596038,2.1154,0.416666666667
/home/ccollins/allmols/H/noopt/b3lyp/41312-5-.log,41312-5-,---,[],"td B3LYP/6-31g(d,p) geom=connectivity",-4.50457248393,-1.54370180629,76,1.5598,-1221.6217344,2.8423,0.45
/home/ccollins/allmols/H/noopt/b3lyp/513-.log,513-,---,[],"td B3LYP/6-31g(d,p) geom=connectivity",-4.98566975055,-0.75566012975,39,1.7272,-761.8379077,4.0840,0.0666666666667
/home/ccollins/allmols/H/noopt/b3lyp/84-4-8.log,84-4-8,---,[],"td B3LYP/6-31g(d,p) geom=connectivity",-6.26188365352,-3.19053475741,81,1.2780,-1053.3366386,1.9917,0.5
/home/ccollins/allmols/H/noopt/b3lyp/58-58-.log,58-58-,---,[],"td B3LYP/6-31g(d,p) geom=connectivity",-6.2025628367,-3.28876785314,83,3.0262,-1694.8768404,2.0487,0.366666666667
/home/ccollins/allmols/H/noopt/b3lyp/48-12-.log,48-12-,---,[],"td B3LYP/6-31g(d,p) geom=connectivity",-5.97888526139,-2.56412870099,58,1.6597,-756.0446439,2.0130,0.25
/home/ccollins/allmols/H/noopt/b3lyp/84-5.log,84-5,---,[],"td B3LYP/6-31g(d,p) geom=connectivity",-5.95521135743,-2.5875304911,62,4.6351,-1079.0148623,2.0254,0.25
/home/ccollins/allmols/H/noopt/b3lyp/88-1312-.log,88-1312-,---,[],"td B3LYP/6-31g(d,p) geom=connectivity",-5.92663940438,-3.27516216121,75,7.9559,-1029.0710047,1.6854,0.266666666667
/home/ccollins/allmols/H/noopt/b3lyp/41313-.log,41313-,---,[],"td B3LYP/6-31g(d,p) geom=connectivity",-4.55981159317,-0.906683310165,55,1.2448,-650.0115979,3.4943,0.266666666667
/home/ccollins/allmols/H/noopt/b3lyp/85125.log,85125,---,[],"td B3LYP/6-31g(d,p) geom=connectivity",-5.29860066493,-2.65610317843,80,6.2675,-1628.5621548,2.0760,0.333333333333
/home/ccollins/allmols/H/noopt/b3lyp/5134.log,5134,---,[],"td B3LYP/6-31g(d,p) geom=connectivity",-4.73967884047,-1.28764268418,59,0.7842,-992.835731,3.3423,0.266666666667
/home/ccollins/allmols/H/noopt/b3lyp/84-13.log,84-13,---,[],"td B3LYP/6-31g(d,p) geom=connectivity",-5.67738312824,-2.50344731498,58,5.0477,-736.1916501,2.0264,0.233333333333
/home/ccollins/allmols/H/noopt/b3lyp/125-.log,125-,---,[],"td B3LYP/6-31g(d,p) geom=connectivity",-5.21125212274,-1.13879641448,39,0.2115,-781.6908749,4.0011,0.0666666666667
/home/ccollins/allmols/H/noopt/b3lyp/4513-13.log,4513-13,---,[],"td B3LYP/6-31g(d,p) geom=connectivity",-4.40960475427,-1.47866659887,76,1.8930,-1201.7583995,2.7807,0.5
/home/ccollins/allmols/H/noopt/b3lyp/1388.log,1388,---,[],"td B3LYP/6-31g(d,p) geom=connectivity",-6.11303738381,-3.32604744902,58,4.1496,-800.2824706,1.7321,0.183333333333
/home/ccollins/allmols/H/noopt/b3lyp/13125-.log,13125-,---,[],"td B3LYP/6-31g(d,p) geom=connectivity",-4.59028834309,-1.31403772653,56,1.0434,-990.622782,3.1963,0.2
/home/ccollins/allmols/H/noopt/b3lyp/54-4-5-.log,54-4-5-,---,[],"td B3LYP/6-31g(d,p) geom=connectivity",-4.82566681346,-1.83649629661,83,0.0535,-1566.6196938,2.8748,0.533333333333
/home/ccollins/allmols/H/noopt/b3lyp/58-12.log,58-12,---,[],"td B3LYP/6-31g(d,p) geom=connectivity",-5.87657045808,-2.54889032602,59,1.2811,-1076.7982458,2.0785,0.183333333333
/home/ccollins/allmols/H/noopt/b3lyp/124-128-.log,124-128-,---,[],"td B3LYP/6-31g(d,p) geom=connectivity",-5.33152643939,-2.51786934843,75,5.0096,-984.8141469,2.0580,0.366666666667
/home/ccollins/allmols/H/noopt/b3lyp/84-513-.log,84-513-,---,[],"td B3LYP/6-31g(d,p) geom=connectivity",-5.21315691961,-2.50208674579,79,7.1354,-1287.9370093,2.0252,0.416666666667
/home/ccollins/allmols/H/noopt/b3lyp/88-8-.log,88-8-,---,[],"td B3LYP/6-31g(d,p) geom=connectivity",-6.58161741385,-4.53668191689,61,1.1620,-886.4247482,1.0529,0.183333333333
/home/ccollins/allmols/H/noopt/b3lyp/81312-.log,81312-,---,[],"td B3LYP/6-31g(d,p) geom=connectivity",-5.61316426233,-2.55025089522,55,4.5185,-733.983102,2.0903,0.183333333333
/home/ccollins/allmols/H/noopt/b3lyp/1344.log,1344,---,[],"td B3LYP/6-31g(d,p) geom=connectivity",-4.87709632896,-1.32818764613,58,1.4918,-672.056583,3.4251,0.35
/home/ccollins/allmols/H/noopt/b3lyp/125-5.log,125-5,---,[],"td B3LYP/6-31g(d,p) geom=connectivity",-4.82702738266,-1.68003083942,60,0.4661,-1333.4383833,3.0853,0.216666666667
/home/ccollins/allmols/H/noopt/b3lyp/1313-124.log,1313-124,---,[],"td B3LYP/6-31g(d,p) geom=connectivity",-4.37286938606,-1.32465016623,72,1.8733,-878.7980602,2.8945,0.45
/home/ccollins/allmols/H/noopt/b3lyp/13454-.log,13454-,---,[],"td B3LYP/6-31g(d,p) geom=connectivity",-4.64280631394,-1.72955555805,79,1.2479,-1223.8165434,2.7893,0.583333333333
/home/ccollins/allmols/H/noopt/b3lyp/8138-5.log,8138-5,---,[],"td B3LYP/6-31g(d,p) geom=connectivity",-6.1108604731,-3.05556629347,79,4.6524,-1352.0730446,2.0815,0.3
/home/ccollins/allmols/H/noopt/b3lyp/513-1312.log,513-1312,---,[],"td B3LYP/6-31g(d,p) geom=connectivity",-4.32280043976,-1.2158046308,73,0.7177,-1199.5424603,2.9708,0.4
/home/ccollins/allmols/H/noopt/b3lyp/513-12-.log,513-12-,---,[],"td B3LYP/6-31g(d,p) geom=connectivity",-4.61042476714,-1.19866145897,56,1.1623,-990.6173438,3.3410,0.2
/home/ccollins/allmols/H/noopt/b3lyp/125-4-.log,125-4-,---,[],"td B3LYP/6-31g(d,p) geom=connectivity",-4.92798161677,-1.67594913184,59,0.5430,-1012.6842633,3.1709,0.25
/home/ccollins/allmols/H/noopt/b3lyp/1213-12.log,1213-12,---,[],"td B3LYP/6-31g(d,p) geom=connectivity",-4.61205745018,-1.12083690113,52,2.1021,-667.6402658,3.4550,0.2
/home/ccollins/allmols/H/noopt/b3lyp/413-.log,413-,---,[],"td B3LYP/6-31g(d,p) geom=connectivity",-5.15519667199,-0.67103272595,38,1.4405,-441.0862338,4.2944,0.1
/home/ccollins/allmols/H/noopt/b3lyp/8131313-.log,8131313-,---,[],"td B3LYP/6-31g(d,p) geom=connectivity",-4.8928789316,-2.37446535549,72,6.3956,-923.0538742,2.0495,0.35
/home/ccollins/allmols/H/noopt/b3lyp/121313-8.log,121313-8,---,[],"td B3LYP/6-31g(d,p) geom=connectivity",-4.94621324396,-2.47596381728,72,4.7346,-942.9013661,1.9800,0.333333333333
/home/ccollins/allmols/H/noopt/b3lyp/4121312.log,4121312,---,[],"td B3LYP/6-31g(d,p) geom=connectivity",-4.4648438635,-1.5113202595,72,0.5327,-898.6531665,2.8429,0.433333333333
/home/ccollins/allmols/H/noopt/b3lyp/125-4.log,125-4,---,[],"td B3LYP/6-31g(d,p) geom=connectivity",-4.92471625071,-1.67132319659,59,0.5676,-1012.685208,3.1713,0.25
/home/ccollins/allmols/H/noopt/b3lyp/128-124.log,128-124,---,[],"td B3LYP/6-31g(d,p) geom=connectivity",-5.44363734089,-2.55868642421,75,1.2153,-984.8276081,2.0751,0.4
/home/ccollins/allmols/H/noopt/b3lyp/1213-134-.log,1213-134-,---,[],"td B3LYP/6-31g(d,p) geom=connectivity",-4.40633938821,-1.22015845221,72,0.7526,-878.7890163,3.0328,0.45
/home/ccollins/allmols/H/noopt/b3lyp/413-13.log,413-13,---,[],"td B3LYP/6-31g(d,p) geom=connectivity",-4.55763468246,-0.899064122685,55,1.2916,-650.0112155,3.5009,0.266666666667
/home/ccollins/allmols/H/noopt/b3lyp/12413-5.log,12413-5,---,[],"td B3LYP/6-31g(d,p) geom=connectivity",-4.55382508872,-1.55649115671,76,1.6826,-1221.6052374,2.9057,0.483333333333
/home/ccollins/allmols/H/noopt/b3lyp/513.log,513,---,[],"td B3LYP/6-31g(d,p) geom=connectivity",-4.95301608992,-0.766000455617,39,1.1676,-761.836417,4.0745,0.0833333333333
/home/ccollins/allmols/H/noopt/b3lyp/51213-12.log,51213-12,---,[],"td B3LYP/6-31g(d,p) geom=connectivity",-4.42865272297,-1.51295294253,73,2.2809,-1219.3986052,2.8219,0.466666666667
/home/ccollins/allmols/H/noopt/b3lyp/138-5-5-.log,138-5-5-,---,[],"td B3LYP/6-31g(d,p) geom=connectivity",-5.2610489552,-2.43215348927,80,2.4419,-1608.705657,2.1171,0.333333333333
/home/ccollins/allmols/H/noopt/b3lyp/513-4-.log,513-4-,---,[],"td B3LYP/6-31g(d,p) geom=connectivity",-4.77287672878,-1.2800234967,59,1.0888,-992.8371668,3.3572,0.266666666667
/home/ccollins/allmols/H/noopt/b3lyp/5134-.log,5134-,---,[],"td B3LYP/6-31g(d,p) geom=connectivity",-4.74185575118,-1.28818691186,59,0.8317,-992.8369676,3.3392,0.35
/home/ccollins/allmols/H/noopt/b3lyp/88-13-.log,88-13-,---,[],"td B3LYP/6-31g(d,p) geom=connectivity",-6.07602990176,-3.33638777489,58,5.7274,-800.2928689,1.7029,0.15
/home/ccollins/allmols/H/noopt/b3lyp/812-5-8-.log,812-5-8-,---,[],"td B3LYP/6-31g(d,p) geom=connectivity",-6.12011234361,-3.28931208081,79,4.1918,-1371.9002275,2.0524,0.316666666667
/home/ccollins/allmols/H/noopt/b3lyp/85-5.log,85-5,---,[],"td B3LYP/6-31g(d,p) geom=connectivity",-5.86704647373,-2.65828008914,63,4.7518,-1399.7769607,2.0791,0.183333333333
/home/ccollins/allmols/H/noopt/b3lyp/1313128-.log,1313128-,---,[],"td B3LYP/6-31g(d,p) geom=connectivity",-4.91519226636,-2.41718722815,72,3.0413,-942.8942484,1.9876,0.333333333333
/home/ccollins/allmols/H/noopt/b3lyp/58-.log,58-,---,[],"td B3LYP/6-31g(d,p) geom=connectivity",-6.28093162222,-2.79079952853,42,2.1909,-848.0171026,2.0612,0.0666666666667
/home/ccollins/allmols/H/noopt/b3lyp/128-54-.log,128-54-,---,[],"td B3LYP/6-31g(d,p) geom=connectivity",-5.49833222245,-2.60140829687,79,1.2380,-1307.7949684,2.0926,0.466666666667
/home/ccollins/allmols/H/noopt/b3lyp/541313-.log,541313-,---,[],"td B3LYP/6-31g(d,p) geom=connectivity",-4.41042109578,-1.42723708338,76,1.4476,-1201.7469181,2.8595,0.483333333333
/home/ccollins/allmols/H/noopt/b3lyp/138-1312.log,138-1312,---,[],"td B3LYP/6-31g(d,p) geom=connectivity",-5.07084138203,-2.35351258992,72,3.4177,-942.9158315,2.1238,0.35
/home/ccollins/allmols/H/noopt/b3lyp/12813-.log,12813-,---,[],"td B3LYP/6-31g(d,p) geom=connectivity",-5.64010353235,-2.42888812321,55,2.0031,-733.9774546,2.1008,0.183333333333
/home/ccollins/allmols/H/noopt/b3lyp/45-5-.log,45-5-,---,[],"td B3LYP/6-31g(d,p) geom=connectivity",-4.9641727573,-1.73826320088,63,0.9249,-1335.6552273,3.1113,0.25
/home/ccollins/allmols/H/noopt/b3lyp/1388-12-.log,1388-12-,---,[],"td B3LYP/6-31g(d,p) geom=connectivity",-5.82459671491,-3.15951377981,75,2.1127,-1029.0666255,1.7073,0.266666666667
/home/ccollins/allmols/H/noopt/b3lyp/125.log,125,---,[],"td B3LYP/6-31g(d,p) geom=connectivity",-5.20907521203,-1.14641560196,39,0.8119,-781.6913917,4.0087,0.0666666666667
/home/ccollins/allmols/H/noopt/b3lyp/513-8.log,513-8,---,[],"td B3LYP/6-31g(d,p) geom=connectivity",-5.56908182048,-2.58589780807,59,3.4799,-1056.9476995,2.0770,0.2
/home/ccollins/allmols/H/noopt/b3lyp/134-8-.log,134-8-,---,[],"td B3LYP/6-31g(d,p) geom=connectivity",-5.58023848786,-2.56548927018,58,3.8621,-736.1777804,2.0007,0.25
/home/ccollins/allmols/H/noopt/b3lyp/134-13-13-.log,134-13-13-,---,[],"td B3LYP/6-31g(d,p) geom=connectivity",-4.25776523234,-1.15240210641,72,1.1338,-858.9159982,3.0071,0.45
/home/ccollins/allmols/H/noopt/b3lyp/513-48.log,513-48,---,[],"td B3LYP/6-31g(d,p) geom=connectivity",-5.15546878583,-2.55079512289,79,4.2952,-1287.9294466,2.0010,0.416666666667
/home/ccollins/allmols/H/noopt/b3lyp/13138-5-.log,13138-5-,---,[],"td B3LYP/6-31g(d,p) geom=connectivity",-5.00226869471,-2.42507852947,76,3.0345,-1265.8815773,2.0589,0.35
/home/ccollins/allmols/H/noopt/b3lyp/5513-.log,5513-,---,[],"td B3LYP/6-31g(d,p) geom=connectivity",-4.64525533848,-1.45472058107,60,2.1114,-1313.5822107,3.0973,0.2
/home/ccollins/allmols/H/noopt/b3lyp/858-.log,858-,---,[],"td B3LYP/6-31g(d,p) geom=connectivity",-6.55549448535,-3.50020030572,62,1.7010,-1143.1210996,2.0433,0.2
/home/ccollins/allmols/H/noopt/b3lyp/12413-4-.log,12413-4-,---,[],"td B3LYP/6-31g(d,p) geom=connectivity",-4.61940452382,-1.55621904287,75,1.2700,-900.8525434,2.9639,0.6
/home/ccollins/allmols/H/noopt/b3lyp/135-13-12-.log,135-13-12-,---,[],"td B3LYP/6-31g(d,p) geom=connectivity",-4.27599685952,-1.38261041385,73,1.1322,-1199.536348,2.8208,0.366666666667
/home/ccollins/allmols/H/noopt/b3lyp/125-13-8.log,125-13-8,---,[],"td B3LYP/6-31g(d,p) geom=connectivity",-5.11519593772,-2.53446829258,76,4.2659,-1285.7201719,2.0778,0.316666666667
/home/ccollins/allmols/H/noopt/b3lyp/54-13.log,54-13,---,[],"td B3LYP/6-31g(d,p) geom=connectivity",-4.77804689171,-1.35839228222,59,1.1751,-992.8222001,3.3186,0.266666666667
/home/ccollins/allmols/H/noopt/b3lyp/812-12-12-.log,812-12-12-,---,[],"td B3LYP/6-31g(d,p) geom=connectivity",-5.21887131022,-2.5529720336,72,5.9714,-982.6003263,2.0464,0.283333333333
/home/ccollins/allmols/H/noopt/b3lyp/12138-13-.log,12138-13-,---,[],"td B3LYP/6-31g(d,p) geom=connectivity",-5.01369747593,-2.36657405417,72,0.5893,-942.915855,2.1258,0.35
/home/ccollins/allmols/H/noopt/b3lyp/48-.log,48-,---,[],"td B3LYP/6-31g(d,p) geom=connectivity",-6.22895787905,-2.81746668471,41,1.5807,-527.2633645,1.9946,0.116666666667
/home/ccollins/allmols/H/noopt/b3lyp/128-.log,128-,---,[],"td B3LYP/6-31g(d,p) geom=connectivity",-6.18705234791,-2.70426732786,38,2.6781,-525.0348839,2.0490,0.0666666666667
/home/ccollins/allmols/H/noopt/b3lyp/131212-.log,131212-,---,[],"td B3LYP/6-31g(d,p) geom=connectivity",-4.56362118691,-1.22614495666,52,1.2984,-667.6471671,3.3120,0.183333333333
/home/ccollins/allmols/H/noopt/b3lyp/545-5-.log,545-5-,---,[],"td B3LYP/6-31g(d,p) geom=connectivity",-4.71273957045,-1.91813044819,84,0.3670,-1887.3908874,2.7082,0.5
/home/ccollins/allmols/H/noopt/b3lyp/544-13.log,544-13,---,[],"td B3LYP/6-31g(d,p) geom=connectivity",-4.66185428264,-1.6495540895,79,1.1820,-1223.7921195,2.8969,0.55
/home/ccollins/allmols/H/noopt/b3lyp/812-1212-.log,812-1212-,---,[],"td B3LYP/6-31g(d,p) geom=connectivity",-5.29533529886,-2.62671488386,72,6.1312,-982.6100228,2.0551,0.266666666667
/home/ccollins/allmols/H/noopt/b3lyp/513-4-5.log,513-4-5,---,[],"td B3LYP/6-31g(d,p) geom=connectivity",-4.57777110651,-1.614995632,80,1.4333,-1544.5726354,2.8498,0.466666666667
/home/ccollins/allmols/H/noopt/b3lyp/13812.log,13812,---,[],"td B3LYP/6-31g(d,p) geom=connectivity",-5.62867475113,-2.44276592898,55,1.0853,-733.9767269,2.0907,0.183333333333
/home/ccollins/allmols/H/noopt/b3lyp/81388.log,81388,---,[],"td B3LYP/6-31g(d,p) geom=connectivity",-6.43358748566,-3.8999355346,78,0.6734,-1095.3911596,1.5621,0.333333333333
/home/ccollins/allmols/H/noopt/b3lyp/13135-.log,13135-,---,[],"td B3LYP/6-31g(d,p) geom=connectivity",-4.44742857783,-0.986956892547,56,2.5080,-970.756665,3.3503,0.216666666667
/home/ccollins/allmols/H/noopt/b3lyp/135-13-.log,135-13-,---,[],"td B3LYP/6-31g(d,p) geom=connectivity",-4.44089784571,-1.10423795698,56,0.8115,-970.7565247,3.2507,0.216666666667
/home/ccollins/allmols/H/noopt/b3lyp/12812-12-.log,12812-12-,---,[],"td B3LYP/6-31g(d,p) geom=connectivity",-5.30621985241,-2.51542032388,72,2.4237,-982.5945024,2.0669,0.3
/home/ccollins/allmols/H/noopt/b3lyp/13512-.log,13512-,---,[],"td B3LYP/6-31g(d,p) geom=connectivity",-4.60552671805,-1.37988927546,56,1.4531,-990.6099641,3.1945,0.2
/home/ccollins/allmols/H/noopt/b3lyp/445.log,445,---,[],"td B3LYP/6-31g(d,p) geom=connectivity",-5.1192776453,-1.62751286858,62,0.5658,-1014.883321,3.3543,0.383333333333
/home/ccollins/allmols/H/noopt/b3lyp/138-13-.log,138-13-,---,[],"td B3LYP/6-31g(d,p) geom=connectivity",-5.45479400827,-2.41854779734,55,0.4994,-714.1372639,2.1257,0.2
/home/ccollins/allmols/H/noopt/b3lyp/5124-.log,5124-,---,[],"td B3LYP/6-31g(d,p) geom=connectivity",-4.89070202089,-1.58506310976,59,1.0559,-1012.7002397,3.2055,0.25
/home/ccollins/allmols/H/noopt/b3lyp/5512.log,5512,---,[],"td B3LYP/6-31g(d,p) geom=connectivity",-4.79736697425,-1.67867027023,60,1.0277,-1333.4359481,3.0886,0.2
/home/ccollins/allmols/H/noopt/b3lyp/44-124.log,44-124,---,[],"td B3LYP/6-31g(d,p) geom=connectivity",-4.83464657014,-1.82180214933,78,0.8482,-922.9228349,2.8806,0.683333333333
/home/ccollins/allmols/H/noopt/b3lyp/134-412-.log,134-412-,---,[],"td B3LYP/6-31g(d,p) geom=connectivity",-4.63845249252,-1.6008457124,75,1.7886,-900.8252483,2.9497,0.533333333333
/home/ccollins/allmols/H/noopt/b3lyp/5135.log,5135,---,[],"td B3LYP/6-31g(d,p) geom=connectivity",-4.61722761311,-1.30614642521,60,0.4941,-1313.5866593,3.2382,0.216666666667
/home/ccollins/allmols/H/noopt/b3lyp/84-8-.log,84-8-,---,[],"td B3LYP/6-31g(d,p) geom=connectivity",-6.43494805486,-3.39162688412,61,1.0892,-822.3613833,1.9844,0.216666666667
/home/ccollins/allmols/H/noopt/b3lyp/558-.log,558-,---,[],"td B3LYP/6-31g(d,p) geom=connectivity",-5.76364321507,-2.63433407134,63,3.9434,-1399.7628946,2.0671,0.2
/home/ccollins/allmols/H/noopt/b3lyp/8135.log,8135,---,[],"td B3LYP/6-31g(d,p) geom=connectivity",-5.64690637831,-2.52140682833,59,4.7271,-1056.9565866,2.0905,0.2
/home/ccollins/allmols/H/noopt/b3lyp/12138.log,12138,---,[],"td B3LYP/6-31g(d,p) geom=connectivity",-5.48853612426,-2.55052300906,55,3.8898,-733.9745953,2.0750,0.2
/home/ccollins/allmols/H/noopt/b3lyp/8412-.log,8412-,---,[],"td B3LYP/6-31g(d,p) geom=connectivity",-5.87629834424,-2.57474114069,58,4.9397,-756.0469806,2.0245,0.233333333333
/home/ccollins/allmols/H/noopt/b3lyp/138-8-.log,138-8-,---,[],"td B3LYP/6-31g(d,p) geom=connectivity",-6.11303738381,-3.32604744902,58,4.1497,-800.2824699,1.7321,0.183333333333
/home/ccollins/allmols/H/noopt/b3lyp/5124.log,5124,---,[],"td B3LYP/6-31g(d,p) geom=connectivity",-4.89260681776,-1.59023327269,59,1.1018,-1012.7006919,3.2070,0.25
/home/ccollins/allmols/H/noopt/b3lyp/1341312-.log,1341312-,---,[],"td B3LYP/6-31g(d,p) geom=connectivity",-4.41994508013,-1.31920788946,72,2.7685,-878.7729547,3.0010,0.45
/home/ccollins/allmols/H/noopt/b3lyp/8513.log,8513,---,[],"td B3LYP/6-31g(d,p) geom=connectivity",-5.61207580698,-2.50725690872,59,4.6906,-1056.951339,2.0857,0.2
/home/ccollins/allmols/H/noopt/b3lyp/412-4.log,412-4,---,[],"td B3LYP/6-31g(d,p) geom=connectivity",-5.0262147125,-1.57227375934,58,0.7531,-691.9512931,3.3128,0.316666666667
/home/ccollins/allmols/H/noopt/b3lyp/854.log,854,---,[],"td B3LYP/6-31g(d,p) geom=connectivity",-6.01589274344,-2.67542326097,62,4.4154,-1079.022128,2.0771,0.25
/home/ccollins/allmols/H/noopt/b3lyp/84-8.log,84-8,---,[],"td B3LYP/6-31g(d,p) geom=connectivity",-6.43494805486,-3.39162688412,61,1.0892,-822.3613834,1.9844,0.216666666667
/home/ccollins/allmols/H/noopt/b3lyp/135-.log,135-,---,[],"td B3LYP/6-31g(d,p) geom=connectivity",-4.98566975055,-0.75566012975,39,1.7271,-761.837909,4.0839,0.0833333333333
/home/ccollins/allmols/H/noopt/b3lyp/1213-125-.log,1213-125-,---,[],"td B3LYP/6-31g(d,p) geom=connectivity",-4.44334687025,-1.50751066576,73,1.7950,-1219.3981014,2.8284,0.466666666667
/home/ccollins/allmols/H/noopt/b3lyp/813-513.log,813-513,---,[],"td B3LYP/6-31g(d,p) geom=connectivity",-5.05206552717,-2.43324194463,76,5.7128,-1265.8779596,2.0914,0.366666666667
/home/ccollins/allmols/H/noopt/b3lyp/513-13-.log,513-13-,---,[],"td B3LYP/6-31g(d,p) geom=connectivity",-4.44742857783,-0.986684778709,56,2.5081,-970.7566632,3.3504,0.216666666667
/home/ccollins/allmols/H/noopt/b3lyp/124-812.log,124-812,---,[],"td B3LYP/6-31g(d,p) geom=connectivity",-5.40390872046,-2.50099829043,75,1.1368,-984.8127077,2.0152,0.366666666667
/home/ccollins/allmols/H/noopt/b3lyp/513124.log,513124,---,[],"td B3LYP/6-31g(d,p) geom=connectivity",-4.4874293121,-1.57499489773,76,0.3055,-1221.6248922,2.7936,0.45
/home/ccollins/allmols/H/noopt/b3lyp/88-5-5-.log,88-5-5-,---,[],"td B3LYP/6-31g(d,p) geom=connectivity",-5.96800070784,-3.43189973223,83,8.4885,-1694.8613275,1.6146,0.3
/home/ccollins/allmols/H/noopt/b3lyp/1348-8.log,1348-8,---,[],"td B3LYP/6-31g(d,p) geom=connectivity",-5.82405248723,-3.27679484424,78,6.5885,-1031.2633642,1.6499,0.383333333333
/home/ccollins/allmols/H/noopt/b3lyp/131288-.log,131288-,---,[],"td B3LYP/6-31g(d,p) geom=connectivity",-5.76500378426,-3.27461793353,75,6.0835,-1029.0604205,1.6492,0.3
/home/ccollins/allmols/H/noopt/b3lyp/513-5-.log,513-5-,---,[],"td B3LYP/6-31g(d,p) geom=connectivity",-4.64879281838,-1.30070414844,60,1.0430,-1313.5882925,3.2517,0.216666666667
/home/ccollins/allmols/H/noopt/b3lyp/413-4-.log,413-4-,---,[],"td B3LYP/6-31g(d,p) geom=connectivity",-4.87627998744,-1.25308422668,58,0.6486,-672.0850472,3.4697,0.366666666667
/home/ccollins/allmols/H/noopt/b3lyp/513-1213.log,513-1213,---,[],"td B3LYP/6-31g(d,p) geom=connectivity",-4.30946686167,-1.32982032916,73,0.8553,-1199.5471288,2.8639,0.366666666667
/home/ccollins/allmols/H/noopt/b3lyp/84-128.log,84-128,---,[],"td B3LYP/6-31g(d,p) geom=connectivity",-6.20065803983,-3.2313518332,78,2.7539,-1051.147036,2.0248,0.366666666667
/home/ccollins/allmols/H/noopt/b3lyp/5812-8.log,5812-8,---,[],"td B3LYP/6-31g(d,p) geom=connectivity",-6.16174576092,-3.25529785099,79,2.4928,-1371.8944844,2.0394,0.35
/home/ccollins/allmols/H/noopt/b3lyp/55-5.log,55-5,---,[],"td B3LYP/6-31g(d,p) geom=connectivity",-4.86730023077,-1.73554206249,64,0.2812,-1656.4123197,3.0280,0.2
/home/ccollins/allmols/H/noopt/b3lyp/125-13.log,125-13,---,[],"td B3LYP/6-31g(d,p) geom=connectivity",-4.62756793898,-1.35567114383,56,1.3804,-990.6114794,3.2103,0.2
/home/ccollins/allmols/H/noopt/b3lyp/13512.log,13512,---,[],"td B3LYP/6-31g(d,p) geom=connectivity",-4.5889277739,-1.37580756789,56,0.7832,-990.6108667,3.1963,0.183333333333
/home/ccollins/allmols/H/noopt/b3lyp/12813-4.log,12813-4,---,[],"td B3LYP/6-31g(d,p) geom=connectivity",-5.33669660233,-2.39759503177,75,2.1785,-964.9777405,2.1029,0.4
/home/ccollins/allmols/H/noopt/b3lyp/12124-4.log,12124-4,---,[],"td B3LYP/6-31g(d,p) geom=connectivity",-4.6912425772,-1.76547458474,75,1.4091,-920.6913769,2.8454,0.5
/home/ccollins/allmols/H/noopt/b3lyp/585-.log,585-,---,[],"td B3LYP/6-31g(d,p) geom=connectivity",-5.92446249367,-2.62181683477,63,0.5149,-1399.7818465,2.1021,0.183333333333
/home/ccollins/allmols/H/noopt/b3lyp/413-12-.log,413-12-,---,[],"td B3LYP/6-31g(d,p) geom=connectivity",-4.70076656155,-1.17008950592,55,1.0177,-669.8654447,3.4520,0.266666666667
/home/ccollins/allmols/H/noopt/b3lyp/85.log,85,---,[],"td B3LYP/6-31g(d,p) geom=connectivity",-6.26079519816,-2.76005066477,42,3.1320,-848.0281062,2.0772,0.0666666666667
/home/ccollins/allmols/H/noopt/b3lyp/1212-12.log,1212-12,---,[],"td B3LYP/6-31g(d,p) geom=connectivity",-4.73831827128,-1.48302042029,52,0.6485,-687.4967328,3.2546,0.183333333333
/home/ccollins/allmols/H/noopt/b3lyp/412-13.log,412-13,---,[],"td B3LYP/6-31g(d,p) geom=connectivity",-4.69015412185,-1.23458048566,55,2.5397,-669.8730273,3.3249,0.25
/home/ccollins/allmols/H/noopt/b3lyp/84812-.log,84812-,---,[],"td B3LYP/6-31g(d,p) geom=connectivity",-6.20365129206,-3.22944703633,78,5.4284,-1051.1444348,2.0033,0.383333333333
/home/ccollins/allmols/H/noopt/b3lyp/128-12-8-.log,128-12-8-,---,[],"td B3LYP/6-31g(d,p) geom=connectivity",-6.11303738381,-3.25584207867,75,2.8207,-1048.9126059,2.0392,0.316666666667
/home/ccollins/allmols/H/noopt/b3lyp/845-.log,845-,---,[],"td B3LYP/6-31g(d,p) geom=connectivity",-5.95521135743,-2.58725837727,62,4.6351,-1079.0148623,2.0254,0.25
/home/ccollins/allmols/H/noopt/b3lyp/138-125.log,138-125,---,[],"td B3LYP/6-31g(d,p) geom=connectivity",-5.21234057809,-2.36167600508,76,2.5155,-1285.7361944,2.0930,0.333333333333
/home/ccollins/allmols/H/noopt/b3lyp/44-5-12-.log,44-5-12-,---,[],"td B3LYP/6-31g(d,p) geom=connectivity",-4.7532845324,-1.86479613582,79,1.2819,-1243.6573331,2.8063,0.516666666667
/home/ccollins/allmols/H/noopt/b3lyp/584.log,584,---,[],"td B3LYP/6-31g(d,p) geom=connectivity",-6.04310412729,-2.62753122538,62,0.5525,-1079.0314881,2.0502,0.25
/home/ccollins/allmols/H/noopt/b3lyp/455.log,455,---,[],"td B3LYP/6-31g(d,p) geom=connectivity",-4.96090739124,-1.73445360714,63,0.8739,-1335.6567231,3.1104,0.266666666667
/home/ccollins/allmols/H/noopt/b3lyp/48.log,48,---,[],"td B3LYP/6-31g(d,p) geom=connectivity",-6.22895787905,-2.81746668471,41,1.5807,-527.2633644,1.9946,0.116666666667
/home/ccollins/allmols/H/noopt/b3lyp/12125-12.log,12125-12,---,[],"td B3LYP/6-31g(d,p) geom=connectivity",-4.53613768921,-1.80275418063,73,0.7824,-1239.2428212,2.7054,0.433333333333
/home/ccollins/allmols/H/noopt/b3lyp/1313-.log,1313-,---,[],"td B3LYP/6-31g(d,p) geom=connectivity",-4.67954168214,0.0201364240553,35,0.0005,-419.0112701,4.5595,0.0833333333333
/home/ccollins/allmols/H/noopt/b3lyp/131244.log,131244,---,[],"td B3LYP/6-31g(d,p) geom=connectivity",-4.56688655297,-1.64275124354,75,0.4417,-900.8458463,2.8269,0.516666666667
/home/ccollins/allmols/H/noopt/b3lyp/121213.log,121213,---,[],"td B3LYP/6-31g(d,p) geom=connectivity",-4.53695403073,-1.21634885847,52,0.9770,-667.6441344,3.3063,0.183333333333
/home/ccollins/allmols/H/noopt/b3lyp/4813-.log,4813-,---,[],"td B3LYP/6-31g(d,p) geom=connectivity",-5.81588907208,-2.53337983723,58,1.9854,-736.2058622,2.0471,0.25
/home/ccollins/allmols/H/noopt/b3lyp/4128.log,4128,---,[],"td B3LYP/6-31g(d,p) geom=connectivity",-5.8640532215,-2.59297276788,58,3.2578,-756.0457966,2.0579,0.233333333333
/home/ccollins/allmols/H/noopt/b3lyp/412-.log,412-,---,[],"td B3LYP/6-31g(d,p) geom=connectivity",-5.40309237894,-1.09090437889,38,0.8271,-460.9431914,4.2141,0.1
/home/ccollins/allmols/H/noopt/b3lyp/813-4-4-.log,813-4-4-,---,[],"td B3LYP/6-31g(d,p) geom=connectivity",-5.44744693463,-2.51705300691,78,4.8263,-967.1767392,2.0906,0.483333333333
/home/ccollins/allmols/H/noopt/b3lyp/134-128.log,134-128,---,[],"td B3LYP/6-31g(d,p) geom=connectivity",-5.19274838172,-2.44058901827,75,4.2083,-964.9597108,2.0602,0.383333333333
/home/ccollins/allmols/H/noopt/b3lyp/84-.log,84-,---,[],"td B3LYP/6-31g(d,p) geom=connectivity",-6.21861755318,-2.77746595044,41,2.5724,-527.2774336,2.0237,0.116666666667
/home/ccollins/allmols/H/noopt/b3lyp/58-4.log,58-4,---,[],"td B3LYP/6-31g(d,p) geom=connectivity",-6.04310412729,-2.62753122538,62,0.5524,-1079.0314874,2.0501,0.25
/home/ccollins/allmols/H/noopt/b3lyp/1313-13-.log,1313-13-,---,[],"td B3LYP/6-31g(d,p) geom=connectivity",-4.24225474354,-0.461777184079,52,1.4083,-627.9296655,3.6652,0.216666666667
/home/ccollins/allmols/H/noopt/b3lyp/48-44-.log,48-44-,---,[],"td B3LYP/6-31g(d,p) geom=connectivity",-5.72527516383,-2.56821040856,81,1.9798,-989.2496039,1.9847,0.616666666667
/home/ccollins/allmols/H/noopt/b3lyp/1212-5-.log,1212-5-,---,[],"td B3LYP/6-31g(d,p) geom=connectivity",-4.75192396321,-1.54288546478,56,0.1998,-1010.4732972,3.1732,0.183333333333
/home/ccollins/allmols/H/noopt/b3lyp/44-8-.log,44-8-,---,[],"td B3LYP/6-31g(d,p) geom=connectivity",-6.03058689072,-2.67188578107,61,2.8942,-758.2350696,1.9959,0.316666666667
/home/ccollins/allmols/H/noopt/b3lyp/412812.log,412812,---,[],"td B3LYP/6-31g(d,p) geom=connectivity",-5.41261636329,-2.54045479703,75,0.4548,-984.827223,2.0755,0.366666666667
/home/ccollins/allmols/H/noopt/b3lyp/48-5-8-.log,48-5-8-,---,[],"td B3LYP/6-31g(d,p) geom=connectivity",-6.32283715336,-3.315979237,82,2.1567,-1374.123068,2.0282,0.4
/home/ccollins/allmols/H/noopt/b3lyp/84-4-12.log,84-4-12,---,[],"td B3LYP/6-31g(d,p) geom=connectivity",-5.46105262656,-2.59460545091,78,6.0288,-987.0184838,2.0227,0.5
/home/ccollins/allmols/H/noopt/b3lyp/1212-8-13.log,1212-8-13,---,[],"td B3LYP/6-31g(d,p) geom=connectivity",-5.1502986229,-2.35351258992,72,0.6782,-962.7604065,2.1058,0.316666666667
/home/ccollins/allmols/H/noopt/b3lyp/1288-.log,1288-,---,[],"td B3LYP/6-31g(d,p) geom=connectivity",-6.14950063818,-3.52278575432,58,4.0935,-820.1202477,1.5904,0.166666666667
/home/ccollins/allmols/H/noopt/b3lyp/125138-.log,125138-,---,[],"td B3LYP/6-31g(d,p) geom=connectivity",-5.09968544892,-2.50888959175,76,4.9103,-1285.7208915,2.0774,0.35
/home/ccollins/allmols/H/noopt/b3lyp/858-8-.log,858-8-,---,[],"td B3LYP/6-31g(d,p) geom=connectivity",-6.48147952125,-4.08388448948,82,1.4843,-1438.2052641,1.4759,0.316666666667
/home/ccollins/allmols/H/noopt/b3lyp/13125.log,13125,---,[],"td B3LYP/6-31g(d,p) geom=connectivity",-4.5734172851,-1.32056845865,56,0.7043,-990.6237457,3.1919,0.2
/home/ccollins/allmols/H/noopt/b3lyp/588-4.log,588-4,---,[],"td B3LYP/6-31g(d,p) geom=connectivity",-5.94459891773,-3.32114939993,82,0.5612,-1374.120211,1.6660,0.333333333333
/home/ccollins/allmols/H/noopt/b3lyp/1358.log,1358,---,[],"td B3LYP/6-31g(d,p) geom=connectivity",-5.51248214205,-2.55242780593,59,3.6267,-1056.9399924,2.0728,0.2
/home/ccollins/allmols/H/noopt/b3lyp/1312-55.log,1312-55,---,[],"td B3LYP/6-31g(d,p) geom=connectivity",-4.41776816943,-1.69173173448,77,1.7968,-1542.3658679,2.6443,0.35
/home/ccollins/allmols/H/noopt/b3lyp/135-8-.log,135-8-,---,[],"td B3LYP/6-31g(d,p) geom=connectivity",-5.52363880944,-2.54127113854,59,4.7257,-1056.9403598,2.0678,0.2
