/home/ccollins/allmols/H/noopt/cam/84412.log,84412,---,[],"td CAM-B3LYP/6-31g(d,p) geom=connectivity",-6.57046074647,-1.56274977499,78,5.3174,-986.4911749,2.2278,0.5
/home/ccollins/allmols/H/noopt/cam/135.log,135,---,[],"td CAM-B3LYP/6-31g(d,p) geom=connectivity",-6.25099909997,0.422592791322,39,1.1588,-761.6218783,4.2197,0.0833333333333
/home/ccollins/allmols/H/noopt/cam/813-8-5-.log,813-8-5-,---,[],"td CAM-B3LYP/6-31g(d,p) geom=connectivity",-7.22924834969,-1.99704346137,79,4.4208,-1351.5914338,2.2784,0.383333333333
/home/ccollins/allmols/H/noopt/cam/1312-12.log,1312-12,---,[],"td CAM-B3LYP/6-31g(d,p) geom=connectivity",-5.75167020617,-0.036735368209,52,1.6076,-667.3031087,3.4983,0.216666666667
/home/ccollins/allmols/H/noopt/cam/1312-4-.log,1312-4-,---,[],"td CAM-B3LYP/6-31g(d,p) geom=connectivity",-5.87003972595,-0.110206104627,55,2.4475,-669.504308,3.5132,0.266666666667
/home/ccollins/allmols/H/noopt/cam/58-4-5.log,58-4-5,---,[],"td CAM-B3LYP/6-31g(d,p) geom=connectivity",-6.67957839574,-1.53825952952,83,1.7779,-1630.2998517,2.2525,0.583333333333
/home/ccollins/allmols/H/noopt/cam/413-55.log,413-55,---,[],"td CAM-B3LYP/6-31g(d,p) geom=connectivity",-5.67411776217,-0.638923292997,80,1.5606,-1544.1346361,2.9790,0.55
/home/ccollins/allmols/H/noopt/cam/1213-13-8-.log,1213-13-8-,---,[],"td CAM-B3LYP/6-31g(d,p) geom=connectivity",-6.05698193306,-1.26478512174,72,3.1024,-942.4195586,2.2783,0.383333333333
/home/ccollins/allmols/H/noopt/cam/413512-.log,413512-,---,[],"td CAM-B3LYP/6-31g(d,p) geom=connectivity",-5.63874296316,-0.605181177013,76,0.8948,-1221.1470284,2.9975,0.683333333333
/home/ccollins/allmols/H/noopt/cam/48-5.log,48-5,---,[],"td CAM-B3LYP/6-31g(d,p) geom=connectivity",-7.26516737638,-1.43050244944,62,1.2662,-1078.6543666,2.2408,0.233333333333
/home/ccollins/allmols/H/noopt/cam/45124-.log,45124-,---,[],"td CAM-B3LYP/6-31g(d,p) geom=connectivity",-5.82895053633,-0.844641354968,79,1.1126,-1243.2053398,2.9209,0.683333333333
/home/ccollins/allmols/H/noopt/cam/4812.log,4812,---,[],"td CAM-B3LYP/6-31g(d,p) geom=connectivity",-7.20557444573,-1.42261114812,58,1.5995,-755.6546655,2.2195,0.25
/home/ccollins/allmols/H/noopt/cam/12858-.log,12858-,---,[],"td CAM-B3LYP/6-31g(d,p) geom=connectivity",-7.28231054821,-2.26997364148,79,2.9718,-1371.4142418,2.2508,0.333333333333
/home/ccollins/allmols/H/noopt/cam/488-12-.log,488-12-,---,[],"td CAM-B3LYP/6-31g(d,p) geom=connectivity",-7.53102259668,-2.33065502748,78,2.2113,-1050.6103103,2.0797,0.35
/home/ccollins/allmols/H/noopt/cam/1213-13-4.log,1213-13-4,---,[],"td CAM-B3LYP/6-31g(d,p) geom=connectivity",-5.50350238538,-0.184765296399,72,2.0644,-878.3033718,3.2325,0.6
/home/ccollins/allmols/H/noopt/cam/128.log,128,---,[],"td CAM-B3LYP/6-31g(d,p) geom=connectivity",-7.89837627877,-1.3681883804,38,2.4755,-524.782482,2.2493,0.0666666666667
/home/ccollins/allmols/H/noopt/cam/55-5-.log,55-5-,---,[],"td CAM-B3LYP/6-31g(d,p) geom=connectivity",-6.04038298891,-0.68463841788,64,0.3926,-1656.1155211,3.1866,0.25
/home/ccollins/allmols/H/noopt/cam/1212-58-.log,1212-58-,---,[],"td CAM-B3LYP/6-31g(d,p) geom=connectivity",-6.31249682749,-1.58206985753,76,4.0479,-1305.1146564,2.2638,0.366666666667
/home/ccollins/allmols/H/noopt/cam/128-4-4.log,128-4-4,---,[],"td CAM-B3LYP/6-31g(d,p) geom=connectivity",-6.74189246478,-1.52900765901,78,0.9166,-986.4941079,2.2441,0.633333333333
/home/ccollins/allmols/H/noopt/cam/558.log,558,---,[],"td CAM-B3LYP/6-31g(d,p) geom=connectivity",-6.93427694866,-1.50478952737,63,3.5533,-1399.431068,2.2638,0.283333333333
/home/ccollins/allmols/H/noopt/cam/85-4-.log,85-4-,---,[],"td CAM-B3LYP/6-31g(d,p) geom=connectivity",-7.17809094803,-1.59377075259,62,4.1316,-1078.6472477,2.2708,0.283333333333
/home/ccollins/allmols/H/noopt/cam/1348-.log,1348-,---,[],"td CAM-B3LYP/6-31g(d,p) geom=connectivity",-6.74053189559,-1.27811869983,58,3.3213,-735.7873596,2.2109,0.266666666667
/home/ccollins/allmols/H/noopt/cam/55-8.log,55-8,---,[],"td CAM-B3LYP/6-31g(d,p) geom=connectivity",-6.94380093301,-1.49989147828,63,3.1947,-1399.4341859,2.2625,0.266666666667
/home/ccollins/allmols/H/noopt/cam/124-12.log,124-12,---,[],"td CAM-B3LYP/6-31g(d,p) geom=connectivity",-6.09616632582,-0.414701490003,55,0.8602,-689.3430773,3.5797,0.283333333333
/home/ccollins/allmols/H/noopt/cam/1312-8.log,1312-8,---,[],"td CAM-B3LYP/6-31g(d,p) geom=connectivity",-6.63331904318,-1.15240210641,55,4.7675,-733.6038754,2.2568,0.216666666667
/home/ccollins/allmols/H/noopt/cam/85-134-.log,85-134-,---,[],"td CAM-B3LYP/6-31g(d,p) geom=connectivity",-6.40338284958,-1.48410887564,79,5.4766,-1287.4654504,2.2724,0.45
/home/ccollins/allmols/H/noopt/cam/413-13-8.log,413-13-8,---,[],"td CAM-B3LYP/6-31g(d,p) geom=connectivity",-6.15167754889,-1.25852650346,75,3.0615,-944.6155179,2.2784,0.5
/home/ccollins/allmols/H/noopt/cam/45-48-.log,45-48-,---,[],"td CAM-B3LYP/6-31g(d,p) geom=connectivity",-6.52665041846,-1.54887196923,82,3.4279,-1309.4841659,2.2096,0.516666666667
/home/ccollins/allmols/H/noopt/cam/81212.log,81212,---,[],"td CAM-B3LYP/6-31g(d,p) geom=connectivity",-6.90869824783,-1.46206765472,55,4.9941,-753.4572277,2.2448,0.2
/home/ccollins/allmols/H/noopt/cam/1312-134-.log,1312-134-,---,[],"td CAM-B3LYP/6-31g(d,p) geom=connectivity",-5.47356986314,-0.177418222757,72,2.9585,-878.3137823,3.1815,0.433333333333
/home/ccollins/allmols/H/noopt/cam/45-13-.log,45-13-,---,[],"td CAM-B3LYP/6-31g(d,p) geom=connectivity",-5.92446249367,-0.367081568251,59,0.8406,-992.4776336,3.3653,0.25
/home/ccollins/allmols/H/noopt/cam/513-12.log,513-12,---,[],"td CAM-B3LYP/6-31g(d,p) geom=connectivity",-5.83466492694,-0.0900696805716,56,1.9160,-990.2894397,3.5425,0.233333333333
/home/ccollins/allmols/H/noopt/cam/45.log,45,---,[],"td CAM-B3LYP/6-31g(d,p) geom=connectivity",-6.78706336198,-0.0555112230713,42,0.4595,-783.6710343,4.2146,0.15
/home/ccollins/allmols/H/noopt/cam/54-4-12.log,54-4-12,---,[],"td CAM-B3LYP/6-31g(d,p) geom=connectivity",-5.93153745347,-0.774163870774,79,0.7907,-1243.1621424,3.1598,0.633333333333
/home/ccollins/allmols/H/noopt/cam/134-13-5.log,134-13-5,---,[],"td CAM-B3LYP/6-31g(d,p) geom=connectivity",-5.57615678028,-0.317012621951,76,0.7085,-1201.2862081,3.1970,0.566666666667
/home/ccollins/allmols/H/noopt/cam/512-.log,512-,---,[],"td CAM-B3LYP/6-31g(d,p) geom=connectivity",-6.50841879127,0.0519737431697,39,0.1840,-781.47649,4.1366,0.0833333333333
/home/ccollins/allmols/H/noopt/cam/1312-.log,1312-,---,[],"td CAM-B3LYP/6-31g(d,p) geom=connectivity",-6.2074608858,0.720285330734,35,2.0407,-438.6328674,4.4587,0.0833333333333
/home/ccollins/allmols/H/noopt/cam/4138-.log,4138-,---,[],"td CAM-B3LYP/6-31g(d,p) geom=connectivity",-6.86080621224,-1.30179260379,58,2.8146,-735.8054117,2.2736,0.266666666667
/home/ccollins/allmols/H/noopt/cam/58-54-.log,58-54-,---,[],"td CAM-B3LYP/6-31g(d,p) geom=connectivity",-6.66842172836,-1.60247839543,83,1.6290,-1630.3069478,2.2917,0.566666666667
/home/ccollins/allmols/H/noopt/cam/1213-48-.log,1213-48-,---,[],"td CAM-B3LYP/6-31g(d,p) geom=connectivity",-6.20446763357,-1.33607894745,75,3.4691,-964.4542673,2.2109,0.416666666667
/home/ccollins/allmols/H/noopt/cam/41213-5.log,41213-5,---,[],"td CAM-B3LYP/6-31g(d,p) geom=connectivity",-5.65180442741,-0.448987833665,76,2.1597,-1221.1606592,3.1004,0.483333333333
/home/ccollins/allmols/H/noopt/cam/545-.log,545-,---,[],"td CAM-B3LYP/6-31g(d,p) geom=connectivity",-6.19031771397,-0.571439061028,63,0.0294,-1335.3103361,3.4497,0.316666666667
/home/ccollins/allmols/H/noopt/cam/858.log,858,---,[],"td CAM-B3LYP/6-31g(d,p) geom=connectivity",-8.15225849017,-2.3992277148,62,1.7193,-1142.7516136,2.2477,0.233333333333
/home/ccollins/allmols/H/noopt/cam/1212-4-13.log,1212-4-13,---,[],"td CAM-B3LYP/6-31g(d,p) geom=connectivity",-5.64581792296,-0.525723936146,72,1.4398,-898.1562879,3.0906,0.5
/home/ccollins/allmols/H/noopt/cam/128-4.log,128-4,---,[],"td CAM-B3LYP/6-31g(d,p) geom=connectivity",-7.17618615116,-1.41771309903,58,0.8028,-755.659634,2.2453,0.266666666667
/home/ccollins/allmols/H/noopt/cam/8128-12.log,8128-12,---,[],"td CAM-B3LYP/6-31g(d,p) geom=connectivity",-7.31088250126,-2.24058534691,75,4.8794,-1048.4237104,2.2416,0.383333333333
/home/ccollins/allmols/H/noopt/cam/412.log,412,---,[],"td CAM-B3LYP/6-31g(d,p) geom=connectivity",-6.68338798948,0.127621390296,38,0.7867,-460.6855749,4.3684,0.1
/home/ccollins/allmols/H/noopt/cam/131313-8.log,131313-8,---,[],"td CAM-B3LYP/6-31g(d,p) geom=connectivity",-5.90514241113,-1.18396731168,72,3.7706,-922.5663351,2.2763,0.4
/home/ccollins/allmols/H/noopt/cam/138.log,138,---,[],"td CAM-B3LYP/6-31g(d,p) geom=connectivity",-7.59524146258,-1.34288179342,38,2.2755,-504.9434826,2.2704,0.0833333333333
/home/ccollins/allmols/H/noopt/cam/5512-.log,5512-,---,[],"td CAM-B3LYP/6-31g(d,p) geom=connectivity",-6.00147070999,-0.623140690359,60,0.2251,-1333.1257138,3.2451,0.25
/home/ccollins/allmols/H/noopt/cam/448.log,448,---,[],"td CAM-B3LYP/6-31g(d,p) geom=connectivity",-7.19795525825,-1.39295073972,61,2.5120,-757.8199473,2.2074,0.316666666667
/home/ccollins/allmols/H/noopt/cam/1313-84.log,1313-84,---,[],"td CAM-B3LYP/6-31g(d,p) geom=connectivity",-6.19739267377,-1.18396731168,75,2.1329,-944.6346934,2.2673,0.516666666667
/home/ccollins/allmols/H/noopt/cam/8813-5-.log,8813-5-,---,[],"td CAM-B3LYP/6-31g(d,p) geom=connectivity",-7.03876866268,-2.24276225762,79,7.4306,-1351.5629801,2.1026,0.366666666667
/home/ccollins/allmols/H/noopt/cam/455-.log,455-,---,[],"td CAM-B3LYP/6-31g(d,p) geom=connectivity",-6.15875250869,-0.647903049671,63,0.2914,-1335.3234708,3.2893,0.3
/home/ccollins/allmols/H/noopt/cam/812-12-8.log,812-12-8,---,[],"td CAM-B3LYP/6-31g(d,p) geom=connectivity",-7.13564118921,-2.12929078693,75,4.6708,-1048.4209872,2.2398,0.35
/home/ccollins/allmols/H/noopt/cam/444.log,444,---,[],"td CAM-B3LYP/6-31g(d,p) geom=connectivity",-6.42025390757,-0.510485561185,61,0.0809,-693.6962525,3.6739,0.333333333333
/home/ccollins/allmols/H/noopt/cam/1213.log,1213,---,[],"td CAM-B3LYP/6-31g(d,p) geom=connectivity",-6.17888893275,0.707223866482,35,1.1600,-438.6352092,4.4350,0.0833333333333
/home/ccollins/allmols/H/noopt/cam/512-13-.log,512-13-,---,[],"td CAM-B3LYP/6-31g(d,p) geom=connectivity",-5.78024215922,-0.206534403486,56,1.1168,-990.2969726,3.3865,0.25
/home/ccollins/allmols/H/noopt/cam/134-8-13-.log,134-8-13-,---,[],"td CAM-B3LYP/6-31g(d,p) geom=connectivity",-6.29372097263,-1.13716373145,75,0.1670,-944.6183332,2.2531,0.6
/home/ccollins/allmols/H/noopt/cam/51213-.log,51213-,---,[],"td CAM-B3LYP/6-31g(d,p) geom=connectivity",-5.7617384182,-0.14993472506,56,2.2618,-990.295479,3.4067,0.233333333333
/home/ccollins/allmols/H/noopt/cam/1213-13-5.log,1213-13-5,---,[],"td CAM-B3LYP/6-31g(d,p) geom=connectivity",-5.46377376495,-0.210616111065,73,2.4799,-1199.0974261,3.1766,0.416666666667
/home/ccollins/allmols/H/noopt/cam/138-.log,138-,---,[],"td CAM-B3LYP/6-31g(d,p) geom=connectivity",-7.59524146258,-1.34288179342,38,2.2756,-504.9434819,2.2704,0.0833333333333
/home/ccollins/allmols/H/noopt/cam/1212-124-.log,1212-124-,---,[],"td CAM-B3LYP/6-31g(d,p) geom=connectivity",-5.72255402544,-0.693073946876,72,0.7881,-918.0257784,2.9787,0.533333333333
/home/ccollins/allmols/H/noopt/cam/13134.log,13134,---,[],"td CAM-B3LYP/6-31g(d,p) geom=connectivity",-5.70405028442,0.191568142364,55,2.1209,-649.6357803,3.6919,0.25
/home/ccollins/allmols/H/noopt/cam/41248-.log,41248-,---,[],"td CAM-B3LYP/6-31g(d,p) geom=connectivity",-6.45862195881,-1.4922722908,78,3.5188,-986.5142949,2.2093,0.416666666667
/home/ccollins/allmols/H/noopt/cam/1384.log,1384,---,[],"td CAM-B3LYP/6-31g(d,p) geom=connectivity",-6.96665849545,-1.22832186737,58,1.3243,-735.8197236,2.2619,0.266666666667
/home/ccollins/allmols/H/noopt/cam/88-5-.log,88-5-,---,[],"td CAM-B3LYP/6-31g(d,p) geom=connectivity",-7.89701570957,-2.46208601152,62,4.9279,-1142.7439505,2.0994,0.183333333333
/home/ccollins/allmols/H/noopt/cam/4813-12-.log,4813-12-,---,[],"td CAM-B3LYP/6-31g(d,p) geom=connectivity",-6.40746455716,-1.28056772438,75,2.9977,-964.4834232,2.2495,0.466666666667
/home/ccollins/allmols/H/noopt/cam/581313-.log,581313-,---,[],"td CAM-B3LYP/6-31g(d,p) geom=connectivity",-6.2229713746,-1.1621982046,76,2.6870,-1265.4262493,2.3037,0.483333333333
/home/ccollins/allmols/H/noopt/cam/854-8-.log,854-8-,---,[],"td CAM-B3LYP/6-31g(d,p) geom=connectivity",-7.34462461725,-2.21555087376,82,2.1455,-1373.6038909,2.2052,0.7
/home/ccollins/allmols/H/noopt/cam/4135-.log,4135-,---,[],"td CAM-B3LYP/6-31g(d,p) geom=connectivity",-5.95330656056,-0.146397245159,59,1.1958,-992.4857109,3.5634,0.383333333333
/home/ccollins/allmols/H/noopt/cam/124-13.log,124-13,---,[],"td CAM-B3LYP/6-31g(d,p) geom=connectivity",-5.93180956731,-0.164628872344,55,1.0647,-669.4856665,3.6318,0.283333333333
/home/ccollins/allmols/H/noopt/cam/131285-.log,131285-,---,[],"td CAM-B3LYP/6-31g(d,p) geom=connectivity",-6.26324422271,-1.39812090265,76,1.4698,-1285.2771417,2.2959,0.483333333333
/home/ccollins/allmols/H/noopt/cam/85513.log,85513,---,[],"td CAM-B3LYP/6-31g(d,p) geom=connectivity",-6.27031918251,-1.60819278604,80,4.9609,-1608.2513897,2.2743,0.366666666667
/home/ccollins/allmols/H/noopt/cam/48-1212.log,48-1212,---,[],"td CAM-B3LYP/6-31g(d,p) geom=connectivity",-6.53100423988,-1.51349717021,75,3.1742,-984.320875,2.2170,0.366666666667
/home/ccollins/allmols/H/noopt/cam/135-12-.log,135-12-,---,[],"td CAM-B3LYP/6-31g(d,p) geom=connectivity",-5.81017468147,-0.26721578949,56,2.1829,-990.2865053,3.3807,0.3
/home/ccollins/allmols/H/noopt/cam/1258-5-.log,1258-5-,---,[],"td CAM-B3LYP/6-31g(d,p) geom=connectivity",-6.4719555369,-1.54533448932,80,1.1211,-1628.1132402,2.2929,0.5
/home/ccollins/allmols/H/noopt/cam/134-5-.log,134-5-,---,[],"td CAM-B3LYP/6-31g(d,p) geom=connectivity",-5.97643623684,-0.282454164451,59,1.7446,-992.4716003,3.5431,0.466666666667
/home/ccollins/allmols/H/noopt/cam/12131313-.log,12131313-,---,[],"td CAM-B3LYP/6-31g(d,p) geom=connectivity",-5.27792001319,0.131975211714,69,1.0064,-856.2578148,3.3131,0.45
/home/ccollins/allmols/H/noopt/cam/8512.log,8512,---,[],"td CAM-B3LYP/6-31g(d,p) geom=connectivity",-6.96856329232,-1.55839595358,59,4.9441,-1076.4547889,2.2691,0.233333333333
/home/ccollins/allmols/H/noopt/cam/4558.log,4558,---,[],"td CAM-B3LYP/6-31g(d,p) geom=connectivity",-6.47984683822,-1.64683295112,83,4.0068,-1630.288796,2.2647,0.466666666667
/home/ccollins/allmols/H/noopt/cam/125-135-.log,125-135-,---,[],"td CAM-B3LYP/6-31g(d,p) geom=connectivity",-5.62296036052,-0.579058248509,77,1.1872,-1541.9429545,2.9954,0.45
/home/ccollins/allmols/H/noopt/cam/48-12.log,48-12,---,[],"td CAM-B3LYP/6-31g(d,p) geom=connectivity",-7.20557444573,-1.42261114812,58,1.5995,-755.6546653,2.2195,0.266666666667
/home/ccollins/allmols/H/noopt/cam/54-44.log,54-44,---,[],"td CAM-B3LYP/6-31g(d,p) geom=connectivity",-6.02895420769,-0.799198343924,82,0.5303,-1245.3377367,3.1855,0.8
/home/ccollins/allmols/H/noopt/cam/4555-.log,4555-,---,[],"td CAM-B3LYP/6-31g(d,p) geom=connectivity",-5.80935833995,-0.985324209516,84,0.5423,-1886.9731558,2.8019,0.5
/home/ccollins/allmols/H/noopt/cam/124.log,124,---,[],"td CAM-B3LYP/6-31g(d,p) geom=connectivity",-6.67903416807,0.109933990788,38,0.8149,-460.6858393,4.3432,0.1
/home/ccollins/allmols/H/noopt/cam/124-.log,124-,---,[],"td CAM-B3LYP/6-31g(d,p) geom=connectivity",-6.67549668817,0.115920495237,38,0.7404,-460.6853536,4.3506,0.1
/home/ccollins/allmols/H/noopt/cam/1313-813.log,1313-813,---,[],"td CAM-B3LYP/6-31g(d,p) geom=connectivity",-6.02704941082,-1.05770649058,72,1.6322,-922.5877802,2.3166,0.483333333333
/home/ccollins/allmols/H/noopt/cam/513-512-.log,513-512-,---,[],"td CAM-B3LYP/6-31g(d,p) geom=connectivity",-5.62268824668,-0.57878613467,77,1.1867,-1541.9429705,2.9954,0.4
/home/ccollins/allmols/H/noopt/cam/8448-.log,8448-,---,[],"td CAM-B3LYP/6-31g(d,p) geom=connectivity",-7.43768755004,-2.12548119319,81,1.3034,-1052.7891831,2.2045,0.65
/home/ccollins/allmols/H/noopt/cam/138-4.log,138-4,---,[],"td CAM-B3LYP/6-31g(d,p) geom=connectivity",-6.96665849545,-1.22832186737,58,1.3244,-735.8197235,2.2619,0.266666666667
/home/ccollins/allmols/H/noopt/cam/1345-.log,1345-,---,[],"td CAM-B3LYP/6-31g(d,p) geom=connectivity",-5.97181030158,-0.276467660002,59,1.7551,-992.4689249,3.5406,0.316666666667
/home/ccollins/allmols/H/noopt/cam/512-12-13-.log,512-12-13-,---,[],"td CAM-B3LYP/6-31g(d,p) geom=connectivity",-5.51928498802,-0.55756125526,73,0.6653,-1218.9646812,2.9099,0.383333333333
/home/ccollins/allmols/H/noopt/cam/1248-.log,1248-,---,[],"td CAM-B3LYP/6-31g(d,p) geom=connectivity",-6.94951532362,-1.37580756789,58,3.2951,-755.6435033,2.2086,0.266666666667
/home/ccollins/allmols/H/noopt/cam/13121313-.log,13121313-,---,[],"td CAM-B3LYP/6-31g(d,p) geom=connectivity",-5.29397472967,0.0185037410238,69,1.7701,-856.2681211,3.1888,0.466666666667
/home/ccollins/allmols/H/noopt/cam/45-8.log,45-8,---,[],"td CAM-B3LYP/6-31g(d,p) geom=connectivity",-7.09400777191,-1.49662611222,62,2.9249,-1078.6368216,2.2611,0.333333333333
/home/ccollins/allmols/H/noopt/cam/848-5-.log,848-5-,---,[],"td CAM-B3LYP/6-31g(d,p) geom=connectivity",-7.47986519502,-2.18425778232,82,4.6952,-1373.6220919,2.2269,0.533333333333
/home/ccollins/allmols/H/noopt/cam/448-8-.log,448-8-,---,[],"td CAM-B3LYP/6-31g(d,p) geom=connectivity",-7.33700542976,-2.39160852732,81,4.2779,-1052.7730996,2.0757,0.416666666667
/home/ccollins/allmols/H/noopt/cam/1312-5.log,1312-5,---,[],"td CAM-B3LYP/6-31g(d,p) geom=connectivity",-5.7794258177,-0.140682854548,56,1.8047,-990.2951081,3.4129,0.266666666667
/home/ccollins/allmols/H/noopt/cam/1381313-.log,1381313-,---,[],"td CAM-B3LYP/6-31g(d,p) geom=connectivity",-6.09507787046,-1.0416517741,72,3.0505,-922.587862,2.3130,0.433333333333
/home/ccollins/allmols/H/noopt/cam/125-12.log,125-12,---,[],"td CAM-B3LYP/6-31g(d,p) geom=connectivity",-5.98432753816,-0.534159465142,56,0.6167,-1010.1390619,3.3265,0.25
/home/ccollins/allmols/H/noopt/cam/813-8-.log,813-8-,---,[],"td CAM-B3LYP/6-31g(d,p) geom=connectivity",-7.88286578997,-2.03323460191,58,1.0282,-799.9208673,2.2594,0.25
/home/ccollins/allmols/H/noopt/cam/512-8-5.log,512-8-5,---,[],"td CAM-B3LYP/6-31g(d,p) geom=connectivity",-6.45617293427,-1.50506164121,80,1.1897,-1628.1160616,2.2917,0.45
/home/ccollins/allmols/H/noopt/cam/51312.log,51312,---,[],"td CAM-B3LYP/6-31g(d,p) geom=connectivity",-5.76255475971,-0.0789130131896,56,0.5637,-990.2903106,3.5315,0.233333333333
/home/ccollins/allmols/H/noopt/cam/5813-4-.log,5813-4-,---,[],"td CAM-B3LYP/6-31g(d,p) geom=connectivity",-6.48583334267,-1.32220114168,79,2.2338,-1287.4723822,2.3046,0.533333333333
/home/ccollins/allmols/H/noopt/cam/441212-.log,441212-,---,[],"td CAM-B3LYP/6-31g(d,p) geom=connectivity",-5.84173988674,-0.727904518215,75,0.4062,-920.1896916,3.0857,0.566666666667
/home/ccollins/allmols/H/noopt/cam/848-.log,848-,---,[],"td CAM-B3LYP/6-31g(d,p) geom=connectivity",-8.13756434288,-2.27487169057,61,1.1224,-821.9512782,2.1999,0.283333333333
/home/ccollins/allmols/H/noopt/cam/55-4-.log,55-4-,---,[],"td CAM-B3LYP/6-31g(d,p) geom=connectivity",-6.15630348415,-0.658515489375,63,0.3239,-1335.3219071,3.2792,0.3
/home/ccollins/allmols/H/noopt/cam/128-84-.log,128-84-,---,[],"td CAM-B3LYP/6-31g(d,p) geom=connectivity",-7.48966129321,-2.31786567707,78,0.4662,-1050.6152854,2.0961,0.316666666667
/home/ccollins/allmols/H/noopt/cam/5135-4-.log,5135-4-,---,[],"td CAM-B3LYP/6-31g(d,p) geom=connectivity",-5.65915150105,-0.620963779651,80,1.5043,-1544.1344604,2.9870,0.583333333333
/home/ccollins/allmols/H/noopt/cam/1284.log,1284,---,[],"td CAM-B3LYP/6-31g(d,p) geom=connectivity",-7.17618615116,-1.41771309903,58,0.8029,-755.6596338,2.2453,0.266666666667
/home/ccollins/allmols/H/noopt/cam/13131312.log,13131312,---,[],"td CAM-B3LYP/6-31g(d,p) geom=connectivity",-5.26676334581,0.0802735823825,69,2.8784,-856.2505308,3.2821,0.45
/home/ccollins/allmols/H/noopt/cam/4413-.log,4413-,---,[],"td CAM-B3LYP/6-31g(d,p) geom=connectivity",-6.06813860044,-0.231296762797,58,1.5039,-671.6625977,3.6601,0.283333333333
/home/ccollins/allmols/H/noopt/cam/51254.log,51254,---,[],"td CAM-B3LYP/6-31g(d,p) geom=connectivity",-5.74024142495,-0.852804770125,80,1.2700,-1563.995348,2.8640,0.55
/home/ccollins/allmols/H/noopt/cam/135-8-4-.log,135-8-4-,---,[],"td CAM-B3LYP/6-31g(d,p) geom=connectivity",-6.37970894562,-1.41227082226,79,2.6342,-1287.468887,2.2561,0.483333333333
/home/ccollins/allmols/H/noopt/cam/13138-12-.log,13138-12-,---,[],"td CAM-B3LYP/6-31g(d,p) geom=connectivity",-6.11385372533,-1.20002202816,72,3.1457,-942.4224406,2.2857,0.516666666667
/home/ccollins/allmols/H/noopt/cam/81313-5.log,81313-5,---,[],"td CAM-B3LYP/6-31g(d,p) geom=connectivity",-6.19630421842,-1.18696056391,76,4.8817,-1265.4244096,2.2833,0.383333333333
/home/ccollins/allmols/H/noopt/cam/458-.log,458-,---,[],"td CAM-B3LYP/6-31g(d,p) geom=connectivity",-7.09101451968,-1.49172806312,62,2.9388,-1078.6383337,2.2604,0.3
/home/ccollins/allmols/H/noopt/cam/813.log,813,---,[],"td CAM-B3LYP/6-31g(d,p) geom=connectivity",-7.69755626589,-1.3145819542,38,3.1004,-504.9529153,2.2802,0.0833333333333
/home/ccollins/allmols/H/noopt/cam/84-12.log,84-12,---,[],"td CAM-B3LYP/6-31g(d,p) geom=connectivity",-7.04965321622,-1.47893871271,58,4.4521,-755.6575168,2.2291,0.283333333333
/home/ccollins/allmols/H/noopt/cam/5138-5.log,5138-5,---,[],"td CAM-B3LYP/6-31g(d,p) geom=connectivity",-6.31331316901,-1.32002423098,80,1.0805,-1608.2671432,2.3063,0.5
/home/ccollins/allmols/H/noopt/cam/548.log,548,---,[],"td CAM-B3LYP/6-31g(d,p) geom=connectivity",-7.03196581671,-1.40220261023,62,3.0031,-1078.6274451,2.2091,0.3
/home/ccollins/allmols/H/noopt/cam/813-5.log,813-5,---,[],"td CAM-B3LYP/6-31g(d,p) geom=connectivity",-6.83332271454,-1.25907073113,59,4.0698,-1056.6095306,2.2833,0.266666666667
/home/ccollins/allmols/H/noopt/cam/13412-8-.log,13412-8-,---,[],"td CAM-B3LYP/6-31g(d,p) geom=connectivity",-6.28936715121,-1.34859618403,75,5.0812,-964.4569046,2.2586,0.4
/home/ccollins/allmols/H/noopt/cam/13134-.log,13134-,---,[],"td CAM-B3LYP/6-31g(d,p) geom=connectivity",-5.70649930896,0.18258838569,55,2.1853,-649.6370429,3.6867,0.266666666667
/home/ccollins/allmols/H/noopt/cam/55-13.log,55-13,---,[],"td CAM-B3LYP/6-31g(d,p) geom=connectivity",-5.86214842463,-0.3730680727,60,1.5330,-1313.2758745,3.2904,0.25
/home/ccollins/allmols/H/noopt/cam/88-5-12-.log,88-5-12-,---,[],"td CAM-B3LYP/6-31g(d,p) geom=connectivity",-7.17727460652,-2.42834389553,79,7.8317,-1371.4089525,2.0986,0.316666666667
/home/ccollins/allmols/H/noopt/cam/1312-8-4.log,1312-8-4,---,[],"td CAM-B3LYP/6-31g(d,p) geom=connectivity",-6.31059203062,-1.34369813493,75,2.9955,-964.4805737,2.2513,0.55
/home/ccollins/allmols/H/noopt/cam/1244-4-.log,1244-4-,---,[],"td CAM-B3LYP/6-31g(d,p) geom=connectivity",-5.99575631938,-0.759197609652,78,0.7797,-922.3531545,3.2176,0.75
/home/ccollins/allmols/H/noopt/cam/848-8-.log,848-8-,---,[],"td CAM-B3LYP/6-31g(d,p) geom=connectivity",-8.13402686298,-2.95515628703,81,0.2776,-1116.9028004,2.0516,0.533333333333
/home/ccollins/allmols/H/noopt/cam/84-512-.log,84-512-,---,[],"td CAM-B3LYP/6-31g(d,p) geom=connectivity",-6.46433634942,-1.63431571454,79,5.0904,-1307.304141,2.2300,0.4
/home/ccollins/allmols/H/noopt/cam/41212.log,41212,---,[],"td CAM-B3LYP/6-31g(d,p) geom=connectivity",-6.02677729698,-0.373884414216,55,1.2695,-689.3520144,3.4646,0.283333333333
/home/ccollins/allmols/H/noopt/cam/444-.log,444-,---,[],"td CAM-B3LYP/6-31g(d,p) geom=connectivity",-6.41943756606,-0.50966921967,61,0.0574,-693.695771,3.6716,0.35
/home/ccollins/allmols/H/noopt/cam/44-13.log,44-13,---,[],"td CAM-B3LYP/6-31g(d,p) geom=connectivity",-6.06813860044,-0.231296762797,58,1.5150,-671.6621334,3.6571,0.3
/home/ccollins/allmols/H/noopt/cam/1388-.log,1388-,---,[],"td CAM-B3LYP/6-31g(d,p) geom=connectivity",-7.74055025239,-2.25119778661,58,3.5430,-799.8970275,2.1058,0.216666666667
/home/ccollins/allmols/H/noopt/cam/58-48.log,58-48,---,[],"td CAM-B3LYP/6-31g(d,p) geom=connectivity",-7.39333299435,-2.16466558594,82,2.2292,-1373.6115992,2.2022,0.5
/home/ccollins/allmols/H/noopt/cam/124-5-12-.log,124-5-12-,---,[],"td CAM-B3LYP/6-31g(d,p) geom=connectivity",-5.79031037125,-0.80763387292,76,0.3126,-1240.9912823,3.0085,0.483333333333
/home/ccollins/allmols/H/noopt/cam/5413.log,5413,---,[],"td CAM-B3LYP/6-31g(d,p) geom=connectivity",-5.98215062745,-0.290617579609,59,0.9758,-992.4698211,3.5391,0.45
/home/ccollins/allmols/H/noopt/cam/54-55-.log,54-55-,---,[],"td CAM-B3LYP/6-31g(d,p) geom=connectivity",-5.85861094473,-0.897431439653,84,0.3485,-1886.9640313,2.9395,0.55
/home/ccollins/allmols/H/noopt/cam/41313.log,41313,---,[],"td CAM-B3LYP/6-31g(d,p) geom=connectivity",-5.71058101654,0.191296028525,55,2.1432,-649.6367505,3.6990,0.233333333333
/home/ccollins/allmols/H/noopt/cam/54-13-8-.log,54-13-8-,---,[],"td CAM-B3LYP/6-31g(d,p) geom=connectivity",-6.37426666885,-1.28655422883,79,3.6678,-1287.4475983,2.2748,0.483333333333
/home/ccollins/allmols/H/noopt/cam/413.log,413,---,[],"td CAM-B3LYP/6-31g(d,p) geom=connectivity",-6.44311147001,0.521914342406,38,1.3858,-440.8291911,4.4864,0.116666666667
/home/ccollins/allmols/H/noopt/cam/134-.log,134-,---,[],"td CAM-B3LYP/6-31g(d,p) geom=connectivity",-6.43440382718,0.512390358055,38,1.4417,-440.8294818,4.4673,0.116666666667
/home/ccollins/allmols/H/noopt/cam/512-5.log,512-5,---,[],"td CAM-B3LYP/6-31g(d,p) geom=connectivity",-5.98405542432,-0.477015559039,60,0.2781,-1333.1387144,3.2989,0.25
/home/ccollins/allmols/H/noopt/cam/84.log,84,---,[],"td CAM-B3LYP/6-31g(d,p) geom=connectivity",-7.94028180991,-1.43839375076,41,2.4212,-526.9983964,2.2290,0.1
/home/ccollins/allmols/H/noopt/cam/588-13.log,588-13,---,[],"td CAM-B3LYP/6-31g(d,p) geom=connectivity",-7.27686827144,-2.13282826683,79,1.6278,-1351.568647,2.1218,0.333333333333
/home/ccollins/allmols/H/noopt/cam/555-.log,555-,---,[],"td CAM-B3LYP/6-31g(d,p) geom=connectivity",-6.04038298891,-0.68463841788,64,0.3924,-1656.1155214,3.1866,0.25
/home/ccollins/allmols/H/noopt/cam/4138-8-.log,4138-8-,---,[],"td CAM-B3LYP/6-31g(d,p) geom=connectivity",-7.04502728096,-2.25419103884,78,4.8662,-1030.7596693,2.1079,0.45
/home/ccollins/allmols/H/noopt/cam/1313-5.log,1313-5,---,[],"td CAM-B3LYP/6-31g(d,p) geom=connectivity",-5.67411776217,0.181227816498,56,0.7264,-970.4376518,3.6125,0.266666666667
/home/ccollins/allmols/H/noopt/cam/445-8-.log,445-8-,---,[],"td CAM-B3LYP/6-31g(d,p) geom=connectivity",-6.61971335126,-1.5804371745,82,3.6110,-1309.4712465,2.2622,0.683333333333
/home/ccollins/allmols/H/noopt/cam/12413-.log,12413-,---,[],"td CAM-B3LYP/6-31g(d,p) geom=connectivity",-5.93317013651,-0.168710579923,55,1.9275,-669.4859563,3.6265,0.283333333333
/home/ccollins/allmols/H/noopt/cam/812-12-5.log,812-12-5,---,[],"td CAM-B3LYP/6-31g(d,p) geom=connectivity",-6.35304178944,-1.54288546478,76,4.6086,-1305.1217489,2.2498,0.35
/home/ccollins/allmols/H/noopt/cam/12128-5-.log,12128-5-,---,[],"td CAM-B3LYP/6-31g(d,p) geom=connectivity",-6.40855301251,-1.48492521716,76,1.4861,-1305.1180066,2.2863,0.416666666667
/home/ccollins/allmols/H/noopt/cam/812-5-.log,812-5-,---,[],"td CAM-B3LYP/6-31g(d,p) geom=connectivity",-6.96665849545,-1.48955115241,59,4.7265,-1076.4551405,2.2499,0.216666666667
/home/ccollins/allmols/H/noopt/cam/45-8-.log,45-8-,---,[],"td CAM-B3LYP/6-31g(d,p) geom=connectivity",-7.09400777191,-1.49689822606,62,2.9250,-1078.6368219,2.2611,0.333333333333
/home/ccollins/allmols/H/noopt/cam/854-4.log,854-4,---,[],"td CAM-B3LYP/6-31g(d,p) geom=connectivity",-6.69073506313,-1.6650645783,82,4.9746,-1309.4823799,2.2698,0.516666666667
/home/ccollins/allmols/H/noopt/cam/8134.log,8134,---,[],"td CAM-B3LYP/6-31g(d,p) geom=connectivity",-6.94897109594,-1.26505723558,58,3.8341,-735.814175,2.2833,0.266666666667
/home/ccollins/allmols/H/noopt/cam/4485.log,4485,---,[],"td CAM-B3LYP/6-31g(d,p) geom=connectivity",-6.74651840004,-1.50914334879,82,0.4763,-1309.488978,2.2422,0.7
/home/ccollins/allmols/H/noopt/cam/85-5-4.log,85-5-4,---,[],"td CAM-B3LYP/6-31g(d,p) geom=connectivity",-6.55739928222,-1.73608629017,83,5.2468,-1630.2987689,2.2738,0.383333333333
/home/ccollins/allmols/H/noopt/cam/1312-4.log,1312-4,---,[],"td CAM-B3LYP/6-31g(d,p) geom=connectivity",-5.86922338444,-0.105580169371,55,2.3917,-669.5037742,3.5132,0.266666666667
/home/ccollins/allmols/H/noopt/cam/55-88.log,55-88,---,[],"td CAM-B3LYP/6-31g(d,p) geom=connectivity",-7.1108788299,-2.40167673935,83,5.2278,-1694.3879135,2.1033,0.35
/home/ccollins/allmols/H/noopt/cam/13124.log,13124,---,[],"td CAM-B3LYP/6-31g(d,p) geom=connectivity",-5.86514167686,-0.171431718308,55,0.4932,-669.5059936,3.4861,0.233333333333
/home/ccollins/allmols/H/noopt/cam/125-412-.log,125-412-,---,[],"td CAM-B3LYP/6-31g(d,p) geom=connectivity",-5.80826988459,-0.828042410814,76,0.3896,-1240.9910795,2.9952,0.483333333333
/home/ccollins/allmols/H/noopt/cam/134.log,134,---,[],"td CAM-B3LYP/6-31g(d,p) geom=connectivity",-6.42841732273,0.524363366953,38,1.3836,-440.8282885,4.4681,0.116666666667
/home/ccollins/allmols/H/noopt/cam/51212-.log,51212-,---,[],"td CAM-B3LYP/6-31g(d,p) geom=connectivity",-5.9345307057,-0.431300434157,56,0.2637,-1010.1472551,3.3477,0.283333333333
/home/ccollins/allmols/H/noopt/cam/48-1212-.log,48-1212-,---,[],"td CAM-B3LYP/6-31g(d,p) geom=connectivity",-6.54406570413,-1.53499416346,75,2.5033,-984.3262839,2.2231,0.333333333333
/home/ccollins/allmols/H/noopt/cam/44-813.log,44-813,---,[],"td CAM-B3LYP/6-31g(d,p) geom=connectivity",-6.59549521962,-1.28873113954,78,1.4766,-966.649751,2.2498,0.633333333333
/home/ccollins/allmols/H/noopt/cam/1312-8-.log,1312-8-,---,[],"td CAM-B3LYP/6-31g(d,p) geom=connectivity",-6.63331904318,-1.15267422025,55,4.7676,-733.6038758,2.2568,0.233333333333
/home/ccollins/allmols/H/noopt/cam/121213-.log,121213-,---,[],"td CAM-B3LYP/6-31g(d,p) geom=connectivity",-5.72554727767,-0.0280277253742,52,2.1885,-667.2989228,3.4965,0.2
/home/ccollins/allmols/H/noopt/cam/48-513.log,48-513,---,[],"td CAM-B3LYP/6-31g(d,p) geom=connectivity",-6.43821342092,-1.44737350743,79,2.5987,-1287.4654553,2.2461,0.566666666667
/home/ccollins/allmols/H/noopt/cam/45-5.log,45-5,---,[],"td CAM-B3LYP/6-31g(d,p) geom=connectivity",-6.16201787476,-0.651712643411,63,0.3311,-1335.3219509,3.2892,0.266666666667
/home/ccollins/allmols/H/noopt/cam/12844-.log,12844-,---,[],"td CAM-B3LYP/6-31g(d,p) geom=connectivity",-6.74216457862,-1.52955188669,78,0.9533,-986.4941033,2.2445,0.55
/home/ccollins/allmols/H/noopt/cam/548-.log,548-,---,[],"td CAM-B3LYP/6-31g(d,p) geom=connectivity",-7.03196581671,-1.40220261023,62,3.0031,-1078.6274452,2.2091,0.35
/home/ccollins/allmols/H/noopt/cam/845.log,845,---,[],"td CAM-B3LYP/6-31g(d,p) geom=connectivity",-7.12747777405,-1.50234050283,62,4.1809,-1078.6426401,2.2301,0.3
/home/ccollins/allmols/H/noopt/cam/51313.log,51313,---,[],"td CAM-B3LYP/6-31g(d,p) geom=connectivity",-5.60091913959,0.119457975139,56,2.1388,-970.4296839,3.5550,0.233333333333
/home/ccollins/allmols/H/noopt/cam/54-1312-.log,54-1312-,---,[],"td CAM-B3LYP/6-31g(d,p) geom=connectivity",-5.67983215278,-0.534975806658,76,1.2495,-1221.1366089,3.1500,0.533333333333
/home/ccollins/allmols/H/noopt/cam/81313.log,81313,---,[],"td CAM-B3LYP/6-31g(d,p) geom=connectivity",-6.56746749425,-1.18750479158,55,3.9183,-713.7634809,2.2866,0.233333333333
/home/ccollins/allmols/H/noopt/cam/88-13.log,88-13,---,[],"td CAM-B3LYP/6-31g(d,p) geom=connectivity",-7.81973537941,-2.25827274642,58,5.2088,-799.9068128,2.1021,0.216666666667
/home/ccollins/allmols/H/noopt/cam/1213-13-.log,1213-13-,---,[],"td CAM-B3LYP/6-31g(d,p) geom=connectivity",-5.61343637617,0.31347514205,52,2.8971,-647.4404203,3.7202,0.25
/home/ccollins/allmols/H/noopt/cam/1312-813-.log,1312-813-,---,[],"td CAM-B3LYP/6-31g(d,p) geom=connectivity",-6.13888819848,-1.09825145253,72,2.2221,-942.4340463,2.3025,0.416666666667
/home/ccollins/allmols/H/noopt/cam/128-12-.log,128-12-,---,[],"td CAM-B3LYP/6-31g(d,p) geom=connectivity",-7.02162549085,-1.41662464367,55,0.4759,-753.4523459,2.2664,0.25
/home/ccollins/allmols/H/noopt/cam/1313.log,1313,---,[],"td CAM-B3LYP/6-31g(d,p) geom=connectivity",-5.93344225034,1.27049951235,35,3.0627,-418.7740605,4.6929,0.0833333333333
/home/ccollins/allmols/H/noopt/cam/12513-.log,12513-,---,[],"td CAM-B3LYP/6-31g(d,p) geom=connectivity",-5.81017468147,-0.267487903329,56,2.1831,-990.2864927,3.3806,0.3
/home/ccollins/allmols/H/noopt/cam/58-5.log,58-5,---,[],"td CAM-B3LYP/6-31g(d,p) geom=connectivity",-7.13292005083,-1.43540049854,63,1.1018,-1399.4497509,2.2925,0.25
/home/ccollins/allmols/H/noopt/cam/44-84.log,44-84,---,[],"td CAM-B3LYP/6-31g(d,p) geom=connectivity",-6.81318629049,-1.50995969031,81,0.4259,-988.6961319,2.2017,0.816666666667
/home/ccollins/allmols/H/noopt/cam/54-.log,54-,---,[],"td CAM-B3LYP/6-31g(d,p) geom=connectivity",-6.77781149147,-0.0653073212604,42,0.4181,-783.6704594,4.1974,0.15
/home/ccollins/allmols/H/noopt/cam/55.log,55,---,[],"td CAM-B3LYP/6-31g(d,p) geom=connectivity",-6.58733180446,-0.133607894745,43,0.7094,-1104.4629642,3.9813,0.0666666666667
/home/ccollins/allmols/H/noopt/cam/44.log,44,---,[],"td CAM-B3LYP/6-31g(d,p) geom=connectivity",-6.98625069183,0.00979609818906,41,0.0533,-462.8625712,4.4571,0.15
/home/ccollins/allmols/H/noopt/cam/512-48.log,512-48,---,[],"td CAM-B3LYP/6-31g(d,p) geom=connectivity",-6.35549081399,-1.48329253413,79,3.6279,-1307.3054077,2.2096,0.416666666667
/home/ccollins/allmols/H/noopt/cam/812-8.log,812-8,---,[],"td CAM-B3LYP/6-31g(d,p) geom=connectivity",-8.07252913546,-2.34072323951,58,2.3225,-819.7520569,2.2384,0.2
/home/ccollins/allmols/H/noopt/cam/1212-4.log,1212-4,---,[],"td CAM-B3LYP/6-31g(d,p) geom=connectivity",-6.04446469649,-0.399463115043,55,0.3926,-689.3553286,3.4438,0.283333333333
/home/ccollins/allmols/H/noopt/cam/125-124.log,125-124,---,[],"td CAM-B3LYP/6-31g(d,p) geom=connectivity",-5.76962971952,-0.814436718885,76,0.8910,-1241.0106078,2.9212,0.433333333333
/home/ccollins/allmols/H/noopt/cam/8412.log,8412,---,[],"td CAM-B3LYP/6-31g(d,p) geom=connectivity",-7.04502728096,-1.4732243221,58,4.5034,-755.6568606,2.2288,0.283333333333
/home/ccollins/allmols/H/noopt/cam/54.log,54,---,[],"td CAM-B3LYP/6-31g(d,p) geom=connectivity",-6.78107685754,-0.0680284596462,42,0.5278,-783.6694393,4.1948,0.166666666667
/home/ccollins/allmols/H/noopt/cam/48-1213.log,48-1213,---,[],"td CAM-B3LYP/6-31g(d,p) geom=connectivity",-6.38896081614,-1.40329106558,75,2.1387,-964.4803054,2.2293,0.55
/home/ccollins/allmols/H/noopt/cam/88-13-12.log,88-13-12,---,[],"td CAM-B3LYP/6-31g(d,p) geom=connectivity",-7.01210150649,-2.26888518612,75,6.9734,-1028.5733871,2.1027,0.35
/home/ccollins/allmols/H/noopt/cam/813-13.log,813-13,---,[],"td CAM-B3LYP/6-31g(d,p) geom=connectivity",-6.59304619507,-1.15920495237,55,4.8021,-713.7681963,2.2827,0.216666666667
/home/ccollins/allmols/H/noopt/cam/1212-5.log,1212-5,---,[],"td CAM-B3LYP/6-31g(d,p) geom=connectivity",-5.95140176369,-0.422048563645,56,0.4839,-1010.1467171,3.3517,0.3
/home/ccollins/allmols/H/noopt/cam/813-12-.log,813-12-,---,[],"td CAM-B3LYP/6-31g(d,p) geom=connectivity",-6.7497837661,-1.22260747676,55,4.5118,-733.6204758,2.2802,0.233333333333
/home/ccollins/allmols/H/noopt/cam/13124-.log,13124-,---,[],"td CAM-B3LYP/6-31g(d,p) geom=connectivity",-5.86514167686,-0.169799035277,55,0.5599,-669.5054259,3.4854,0.266666666667
/home/ccollins/allmols/H/noopt/cam/85-.log,85-,---,[],"td CAM-B3LYP/6-31g(d,p) geom=connectivity",-7.98490847944,-1.42533228651,42,2.9842,-847.7909077,2.2708,0.1
/home/ccollins/allmols/H/noopt/cam/81312.log,81312,---,[],"td CAM-B3LYP/6-31g(d,p) geom=connectivity",-6.7497837661,-1.22206324908,55,4.5118,-733.6204757,2.2802,0.233333333333
/home/ccollins/allmols/H/noopt/cam/88-4.log,88-4,---,[],"td CAM-B3LYP/6-31g(d,p) geom=connectivity",-7.89755993725,-2.47786861415,61,4.2448,-821.9510677,2.0832,0.216666666667
/home/ccollins/allmols/H/noopt/cam/813-85.log,813-85,---,[],"td CAM-B3LYP/6-31g(d,p) geom=connectivity",-7.22897623585,-1.99813191673,79,4.2656,-1351.5914214,2.2785,0.466666666667
/home/ccollins/allmols/H/noopt/cam/812-12-.log,812-12-,---,[],"td CAM-B3LYP/6-31g(d,p) geom=connectivity",-6.90869824783,-1.46206765472,55,4.9941,-753.4572273,2.2449,0.233333333333
/home/ccollins/allmols/H/noopt/cam/58-5-.log,58-5-,---,[],"td CAM-B3LYP/6-31g(d,p) geom=connectivity",-7.13155948163,-1.4351283847,63,0.5709,-1399.449731,2.2920,0.233333333333
/home/ccollins/allmols/H/noopt/cam/445-4-.log,445-4-,---,[],"td CAM-B3LYP/6-31g(d,p) geom=connectivity",-6.00119859615,-0.881104609338,82,0.5709,-1245.3589882,3.0476,0.766666666667
/home/ccollins/allmols/H/noopt/cam/51313-.log,51313-,---,[],"td CAM-B3LYP/6-31g(d,p) geom=connectivity",-5.63493336942,0.166261555375,56,0.7944,-970.4360246,3.5930,0.333333333333
/home/ccollins/allmols/H/noopt/cam/135-4-8.log,135-4-8,---,[],"td CAM-B3LYP/6-31g(d,p) geom=connectivity",-6.23140690359,-1.40220261023,79,4.9455,-1287.4379967,2.2106,0.466666666667
/home/ccollins/allmols/H/noopt/cam/125-413.log,125-413,---,[],"td CAM-B3LYP/6-31g(d,p) geom=connectivity",-5.69479841391,-0.680828824139,76,1.2388,-1221.1336401,3.0119,0.45
/home/ccollins/allmols/H/noopt/cam/8131312.log,8131312,---,[],"td CAM-B3LYP/6-31g(d,p) geom=connectivity",-6.10596242401,-1.17362698582,72,4.6969,-942.431976,2.2860,0.383333333333
/home/ccollins/allmols/H/noopt/cam/13812-13.log,13812-13,---,[],"td CAM-B3LYP/6-31g(d,p) geom=connectivity",-6.17698413588,-1.14396657741,72,3.7617,-942.4332175,2.2809,0.45
/home/ccollins/allmols/H/noopt/cam/1284-13.log,1284-13,---,[],"td CAM-B3LYP/6-31g(d,p) geom=connectivity",-6.44664894992,-1.37553545405,75,1.6739,-964.4623416,2.2460,0.516666666667
/home/ccollins/allmols/H/noopt/cam/1212-413.log,1212-413,---,[],"td CAM-B3LYP/6-31g(d,p) geom=connectivity",-5.65207654125,-0.529261416048,72,1.3107,-898.1560718,3.0918,0.566666666667
/home/ccollins/allmols/H/noopt/cam/812-13-.log,812-13-,---,[],"td CAM-B3LYP/6-31g(d,p) geom=connectivity",-6.73019156972,-1.29934357924,55,3.6563,-733.6171312,2.2583,0.3
/home/ccollins/allmols/H/noopt/cam/584-8-.log,584-8-,---,[],"td CAM-B3LYP/6-31g(d,p) geom=connectivity",-7.39306088051,-2.1643934721,82,2.2185,-1373.6116035,2.2022,0.5
/home/ccollins/allmols/H/noopt/cam/4412-.log,4412-,---,[],"td CAM-B3LYP/6-31g(d,p) geom=connectivity",-6.24746162007,-0.464498322464,58,0.8056,-691.5201651,3.6235,0.333333333333
/home/ccollins/allmols/H/noopt/cam/854-.log,854-,---,[],"td CAM-B3LYP/6-31g(d,p) geom=connectivity",-7.17482558197,-1.58669579279,62,4.0857,-1078.6483111,2.2701,0.25
/home/ccollins/allmols/H/noopt/cam/84-13-.log,84-13-,---,[],"td CAM-B3LYP/6-31g(d,p) geom=connectivity",-6.84801686183,-1.29988780692,58,4.3075,-735.8019304,2.2306,0.333333333333
/home/ccollins/allmols/H/noopt/cam/121254-.log,121254-,---,[],"td CAM-B3LYP/6-31g(d,p) geom=connectivity",-5.71275792725,-0.800558913117,76,1.3171,-1240.9999525,2.9030,0.516666666667
/home/ccollins/allmols/H/noopt/cam/8128-.log,8128-,---,[],"td CAM-B3LYP/6-31g(d,p) geom=connectivity",-8.07252913546,-2.34072323951,58,2.3226,-819.7520574,2.2384,0.183333333333
/home/ccollins/allmols/H/noopt/cam/812-124-.log,812-124-,---,[],"td CAM-B3LYP/6-31g(d,p) geom=connectivity",-6.49345253015,-1.58724002047,75,4.8824,-984.3339218,2.2511,0.383333333333
/home/ccollins/allmols/H/noopt/cam/1244.log,1244,---,[],"td CAM-B3LYP/6-31g(d,p) geom=connectivity",-6.23902609107,-0.468580030043,58,0.8474,-691.5197923,3.6133,0.333333333333
/home/ccollins/allmols/H/noopt/cam/128-512-.log,128-512-,---,[],"td CAM-B3LYP/6-31g(d,p) geom=connectivity",-6.5114120435,-1.58696790663,76,1.4690,-1305.1154878,2.2894,0.4
/home/ccollins/allmols/H/noopt/cam/8413-8.log,8413-8,---,[],"td CAM-B3LYP/6-31g(d,p) geom=connectivity",-7.15006322266,-1.95541004407,78,1.1886,-1030.774898,2.2328,0.65
/home/ccollins/allmols/H/noopt/cam/41313-5-.log,41313-5-,---,[],"td CAM-B3LYP/6-31g(d,p) geom=connectivity",-5.51738019115,-0.174152856694,76,0.4715,-1201.2984436,3.2444,0.583333333333
/home/ccollins/allmols/H/noopt/cam/13812-13-.log,13812-13-,---,[],"td CAM-B3LYP/6-31g(d,p) geom=connectivity",-6.18623600639,-1.19730088977,72,0.8977,-942.4376125,2.2892,0.45
/home/ccollins/allmols/H/noopt/cam/124-5.log,124-5,---,[],"td CAM-B3LYP/6-31g(d,p) geom=connectivity",-6.13970453999,-0.496607755417,59,0.8161,-1012.326387,3.5115,0.283333333333
/home/ccollins/allmols/H/noopt/cam/81212-13-.log,81212-13-,---,[],"td CAM-B3LYP/6-31g(d,p) geom=connectivity",-6.23140690359,-1.46506090694,72,5.3972,-962.284837,2.2506,0.333333333333
/home/ccollins/allmols/H/noopt/cam/48-13.log,48-13,---,[],"td CAM-B3LYP/6-31g(d,p) geom=connectivity",-7.01210150649,-1.24056699011,58,1.9739,-735.8157327,2.2494,0.266666666667
/home/ccollins/allmols/H/noopt/cam/12125.log,12125,---,[],"td CAM-B3LYP/6-31g(d,p) geom=connectivity",-5.91466639548,-0.411980351618,56,1.0338,-1010.1429431,3.3598,0.316666666667
/home/ccollins/allmols/H/noopt/cam/512-12.log,512-12,---,[],"td CAM-B3LYP/6-31g(d,p) geom=connectivity",-5.95140176369,-0.421776449807,56,0.4849,-1010.1467335,3.3519,0.3
/home/ccollins/allmols/H/noopt/cam/138-5-4.log,138-5-4,---,[],"td CAM-B3LYP/6-31g(d,p) geom=connectivity",-6.49617366854,-1.43403992934,79,1.9971,-1287.4689567,2.3020,0.55
/home/ccollins/allmols/H/noopt/cam/1244-12-.log,1244-12-,---,[],"td CAM-B3LYP/6-31g(d,p) geom=connectivity",-5.90051647588,-0.726271835183,75,0.0488,-920.1764209,3.1926,0.683333333333
/home/ccollins/allmols/H/noopt/cam/54812.log,54812,---,[],"td CAM-B3LYP/6-31g(d,p) geom=connectivity",-6.60774034236,-1.50560586889,79,0.8805,-1307.2967773,2.2224,0.516666666667
/home/ccollins/allmols/H/noopt/cam/545.log,545,---,[],"td CAM-B3LYP/6-31g(d,p) geom=connectivity",-6.19058982781,-0.570350605674,63,0.7343,-1335.3118759,3.4523,0.266666666667
/home/ccollins/allmols/H/noopt/cam/1384-5-.log,1384-5-,---,[],"td CAM-B3LYP/6-31g(d,p) geom=connectivity",-6.51685432027,-1.36165764828,79,2.2657,-1287.4634127,2.2631,0.6
/home/ccollins/allmols/H/noopt/cam/58-4-.log,58-4-,---,[],"td CAM-B3LYP/6-31g(d,p) geom=connectivity",-7.24611940768,-1.4302303356,62,0.3717,-1078.6574822,2.2519,0.266666666667
/home/ccollins/allmols/H/noopt/cam/1213-.log,1213-,---,[],"td CAM-B3LYP/6-31g(d,p) geom=connectivity",-6.2074608858,0.720013216896,35,2.0402,-438.6328553,4.4585,0.0833333333333
/home/ccollins/allmols/H/noopt/cam/121312.log,121312,---,[],"td CAM-B3LYP/6-31g(d,p) geom=connectivity",-5.73262223747,0.0617698413588,52,0.5591,-667.3031975,3.6406,0.233333333333
/home/ccollins/allmols/H/noopt/cam/5124-8.log,5124-8,---,[],"td CAM-B3LYP/6-31g(d,p) geom=connectivity",-6.338619756,-1.47458489129,79,4.1937,-1307.3060417,2.2095,0.366666666667
/home/ccollins/allmols/H/noopt/cam/485-.log,485-,---,[],"td CAM-B3LYP/6-31g(d,p) geom=connectivity",-7.26543949022,-1.43050244944,62,1.3146,-1078.6543634,2.2406,0.266666666667
/home/ccollins/allmols/H/noopt/cam/513-13.log,513-13,---,[],"td CAM-B3LYP/6-31g(d,p) geom=connectivity",-5.67411776217,0.181499930336,56,0.7265,-970.4376512,3.6125,0.266666666667
/home/ccollins/allmols/H/noopt/cam/413-12.log,413-12,---,[],"td CAM-B3LYP/6-31g(d,p) geom=connectivity",-5.90976834639,-0.0424497588192,55,1.5051,-669.4947087,3.6568,0.233333333333
/home/ccollins/allmols/H/noopt/cam/124-85.log,124-85,---,[],"td CAM-B3LYP/6-31g(d,p) geom=connectivity",-6.57127708799,-1.49200017696,79,1.0906,-1307.3120281,2.2432,0.55
/home/ccollins/allmols/H/noopt/cam/45-413-.log,45-413-,---,[],"td CAM-B3LYP/6-31g(d,p) geom=connectivity",-5.777248907,-0.709128663352,79,1.0097,-1223.3262146,3.0313,0.583333333333
/home/ccollins/allmols/H/noopt/cam/1385-.log,1385-,---,[],"td CAM-B3LYP/6-31g(d,p) geom=connectivity",-6.86842539972,-1.22750552586,59,1.9479,-1056.6118589,2.3032,0.25
/home/ccollins/allmols/H/noopt/cam/854-8.log,854-8,---,[],"td CAM-B3LYP/6-31g(d,p) geom=connectivity",-7.34462461725,-2.21555087376,82,2.1456,-1373.6038909,2.2052,0.7
/home/ccollins/allmols/H/noopt/cam/1385-13-.log,1385-13-,---,[],"td CAM-B3LYP/6-31g(d,p) geom=connectivity",-6.23467226966,-1.26124764184,76,1.3505,-1265.4226211,2.3077,0.45
/home/ccollins/allmols/H/noopt/cam/85124.log,85124,---,[],"td CAM-B3LYP/6-31g(d,p) geom=connectivity",-6.49181984712,-1.66533669214,79,5.2012,-1307.3267678,2.2701,0.4
/home/ccollins/allmols/H/noopt/cam/1312-12-.log,1312-12-,---,[],"td CAM-B3LYP/6-31g(d,p) geom=connectivity",-5.72527516383,-0.0280277253742,52,2.1875,-667.298934,3.4964,0.233333333333
/home/ccollins/allmols/H/noopt/cam/55-4.log,55-4,---,[],"td CAM-B3LYP/6-31g(d,p) geom=connectivity",-6.15331023192,-0.653617440281,63,0.2931,-1335.3229008,3.2810,0.266666666667
/home/ccollins/allmols/H/noopt/cam/1348.log,1348,---,[],"td CAM-B3LYP/6-31g(d,p) geom=connectivity",-6.74053189559,-1.27811869983,58,3.3212,-735.7873595,2.2109,0.233333333333
/home/ccollins/allmols/H/noopt/cam/1212.log,1212,---,[],"td CAM-B3LYP/6-31g(d,p) geom=connectivity",-6.43304325799,0.211976680258,35,1.0369,-458.4800807,4.2612,0.0666666666667
/home/ccollins/allmols/H/noopt/cam/84-13-4.log,84-13-4,---,[],"td CAM-B3LYP/6-31g(d,p) geom=connectivity",-6.41181837858,-1.42805342489,78,4.5265,-966.6642187,2.2309,0.45
/home/ccollins/allmols/H/noopt/cam/813-.log,813-,---,[],"td CAM-B3LYP/6-31g(d,p) geom=connectivity",-7.69755626589,-1.3145819542,38,3.1003,-504.9529157,2.2802,0.0833333333333
/home/ccollins/allmols/H/noopt/cam/1213-8.log,1213-8,---,[],"td CAM-B3LYP/6-31g(d,p) geom=connectivity",-6.67440823281,-1.30369740066,55,3.2005,-733.6090882,2.2735,0.2
/home/ccollins/allmols/H/noopt/cam/8513-.log,8513-,---,[],"td CAM-B3LYP/6-31g(d,p) geom=connectivity",-6.78869604502,-1.36002496525,59,5.3212,-1056.6030538,2.2722,0.283333333333
/home/ccollins/allmols/H/noopt/cam/555-5-.log,555-5-,---,[],"td CAM-B3LYP/6-31g(d,p) geom=connectivity",-5.73969719727,-0.986140551032,85,0.0003,-2207.7651298,2.7625,0.466666666667
/home/ccollins/allmols/H/noopt/cam/813-1313.log,813-1313,---,[],"td CAM-B3LYP/6-31g(d,p) geom=connectivity",-5.99058615645,-1.1347147069,72,4.9657,-922.5760042,2.2832,0.35
/home/ccollins/allmols/H/noopt/cam/5138-12-.log,5138-12-,---,[],"td CAM-B3LYP/6-31g(d,p) geom=connectivity",-6.29861902172,-1.30968390511,76,1.9789,-1285.2675056,2.2826,0.516666666667
/home/ccollins/allmols/H/noopt/cam/4135.log,4135,---,[],"td CAM-B3LYP/6-31g(d,p) geom=connectivity",-5.915482737,-0.155377001832,59,0.7757,-992.4842297,3.5491,0.316666666667
/home/ccollins/allmols/H/noopt/cam/1255.log,1255,---,[],"td CAM-B3LYP/6-31g(d,p) geom=connectivity",-5.98759290422,-0.612256136816,60,1.1083,-1333.1262081,3.2557,0.216666666667
/home/ccollins/allmols/H/noopt/cam/844-.log,844-,---,[],"td CAM-B3LYP/6-31g(d,p) geom=connectivity",-7.28448745892,-1.49444920151,61,3.7621,-757.8331324,2.2282,0.25
/home/ccollins/allmols/H/noopt/cam/1213-13.log,1213-13,---,[],"td CAM-B3LYP/6-31g(d,p) geom=connectivity",-5.64472946761,0.357013356223,52,0.7010,-647.447041,3.7521,0.216666666667
/home/ccollins/allmols/H/noopt/cam/84-55-.log,84-55-,---,[],"td CAM-B3LYP/6-31g(d,p) geom=connectivity",-6.50760244976,-1.64193490202,83,5.0390,-1630.2940157,2.2299,0.383333333333
/home/ccollins/allmols/H/noopt/cam/125-13-.log,125-13-,---,[],"td CAM-B3LYP/6-31g(d,p) geom=connectivity",-5.80364394934,-0.302862702345,56,1.4491,-990.2844655,3.3536,0.25
/home/ccollins/allmols/H/noopt/cam/488.log,488,---,[],"td CAM-B3LYP/6-31g(d,p) geom=connectivity",-7.92368286575,-2.44902454726,61,2.4026,-821.937388,2.0736,0.183333333333
/home/ccollins/allmols/H/noopt/cam/54-8-.log,54-8-,---,[],"td CAM-B3LYP/6-31g(d,p) geom=connectivity",-7.02870045065,-1.40029781336,62,2.9955,-1078.6284593,2.2090,0.3
/home/ccollins/allmols/H/noopt/cam/85-13-.log,85-13-,---,[],"td CAM-B3LYP/6-31g(d,p) geom=connectivity",-6.77128075935,-1.38233830001,59,4.1391,-1056.6025685,2.2768,0.266666666667
/home/ccollins/allmols/H/noopt/cam/55-8-.log,55-8-,---,[],"td CAM-B3LYP/6-31g(d,p) geom=connectivity",-6.94380093301,-1.50016359212,63,3.1948,-1399.4341864,2.2625,0.283333333333
/home/ccollins/allmols/H/noopt/cam/4554-.log,4554-,---,[],"td CAM-B3LYP/6-31g(d,p) geom=connectivity",-5.87520988889,-0.976072339004,83,0.9073,-1566.1772949,2.8518,0.583333333333
/home/ccollins/allmols/H/noopt/cam/5135-.log,5135-,---,[],"td CAM-B3LYP/6-31g(d,p) geom=connectivity",-5.83058321936,-0.187486434785,60,1.1237,-1313.2786179,3.4512,0.25
/home/ccollins/allmols/H/noopt/cam/131355-.log,131355-,---,[],"td CAM-B3LYP/6-31g(d,p) geom=connectivity",-5.43248067351,-0.540690197268,77,1.9408,-1522.0824127,2.9079,0.433333333333
/home/ccollins/allmols/H/noopt/cam/4812-.log,4812-,---,[],"td CAM-B3LYP/6-31g(d,p) geom=connectivity",-7.20584655957,-1.42288326196,58,1.6469,-755.6546541,2.2199,0.25
/home/ccollins/allmols/H/noopt/cam/12135-.log,12135-,---,[],"td CAM-B3LYP/6-31g(d,p) geom=connectivity",-5.79684110337,-0.0672121181305,56,1.2244,-990.291893,3.5453,0.233333333333
/home/ccollins/allmols/H/noopt/cam/48-4.log,48-4,---,[],"td CAM-B3LYP/6-31g(d,p) geom=connectivity",-7.38925128677,-1.42342748964,61,0.6012,-757.8619648,2.2004,0.316666666667
/home/ccollins/allmols/H/noopt/cam/48-88.log,48-88,---,[],"td CAM-B3LYP/6-31g(d,p) geom=connectivity",-7.97021433215,-3.13937735575,81,2.8247,-1116.8880111,1.7316,0.516666666667
/home/ccollins/allmols/H/noopt/cam/41213.log,41213,---,[],"td CAM-B3LYP/6-31g(d,p) geom=connectivity",-5.86976761212,-0.160819278604,55,0.5190,-669.505565,3.4968,0.266666666667
/home/ccollins/allmols/H/noopt/cam/1285.log,1285,---,[],"td CAM-B3LYP/6-31g(d,p) geom=connectivity",-7.06951752644,-1.42342748964,59,1.0406,-1076.4519813,2.2871,0.25
/home/ccollins/allmols/H/noopt/cam/125128.log,125128,---,[],"td CAM-B3LYP/6-31g(d,p) geom=connectivity",-6.30868723375,-1.50642221041,76,4.6821,-1305.109881,2.2549,0.35
/home/ccollins/allmols/H/noopt/cam/13513-.log,13513-,---,[],"td CAM-B3LYP/6-31g(d,p) geom=connectivity",-5.64908328902,-0.0217691070868,56,0.8693,-970.4310273,3.4179,0.25
/home/ccollins/allmols/H/noopt/cam/84-5-.log,84-5-,---,[],"td CAM-B3LYP/6-31g(d,p) geom=connectivity",-7.12747777405,-1.50234050283,62,4.1810,-1078.6426401,2.2301,0.3
/home/ccollins/allmols/H/noopt/cam/135-4.log,135-4,---,[],"td CAM-B3LYP/6-31g(d,p) geom=connectivity",-5.94432680389,-0.340686525908,59,1.9631,-992.4800716,3.3829,0.283333333333
/home/ccollins/allmols/H/noopt/cam/58.log,58,---,[],"td CAM-B3LYP/6-31g(d,p) geom=connectivity",-8.00694970036,-1.45825806098,42,2.0086,-847.7806638,2.2586,0.0833333333333
/home/ccollins/allmols/H/noopt/cam/813138.log,813138,---,[],"td CAM-B3LYP/6-31g(d,p) geom=connectivity",-6.9106030447,-1.73635840401,75,1.6735,-1008.7374674,2.2694,0.466666666667
/home/ccollins/allmols/H/noopt/cam/1312-13-.log,1312-13-,---,[],"td CAM-B3LYP/6-31g(d,p) geom=connectivity",-5.58622499231,0.263950423427,52,1.6988,-647.4533174,3.5924,0.266666666667
/home/ccollins/allmols/H/noopt/cam/1212-1212-.log,1212-1212-,---,[],"td CAM-B3LYP/6-31g(d,p) geom=connectivity",-5.64935540286,-0.669672156757,69,0.0051,-915.8250967,2.9593,0.283333333333
/home/ccollins/allmols/H/noopt/cam/13413.log,13413,---,[],"td CAM-B3LYP/6-31g(d,p) geom=connectivity",-5.7878613467,0.10775708008,55,2.7681,-649.6279766,3.7114,0.283333333333
/home/ccollins/allmols/H/noopt/cam/13512-4-.log,13512-4-,---,[],"td CAM-B3LYP/6-31g(d,p) geom=connectivity",-5.62540938507,-0.643549228253,76,1.7293,-1221.1560904,2.9328,0.633333333333
/home/ccollins/allmols/H/noopt/cam/44-12.log,44-12,---,[],"td CAM-B3LYP/6-31g(d,p) geom=connectivity",-6.24746162007,-0.464226208626,58,0.8098,-691.5196799,3.6213,0.3
/home/ccollins/allmols/H/noopt/cam/4513-.log,4513-,---,[],"td CAM-B3LYP/6-31g(d,p) geom=connectivity",-5.94895273914,-0.333339452267,59,2.0056,-992.4806397,3.3929,0.316666666667
/home/ccollins/allmols/H/noopt/cam/813-12.log,813-12,---,[],"td CAM-B3LYP/6-31g(d,p) geom=connectivity",-6.77563458076,-1.26424089407,55,4.1300,-733.6186129,2.2828,0.25
/home/ccollins/allmols/H/noopt/cam/12138-.log,12138-,---,[],"td CAM-B3LYP/6-31g(d,p) geom=connectivity",-6.64855741815,-1.26124764184,55,3.4639,-733.6109592,2.2721,0.216666666667
/home/ccollins/allmols/H/noopt/cam/125-8.log,125-8,---,[],"td CAM-B3LYP/6-31g(d,p) geom=connectivity",-6.87658881488,-1.48138773726,59,3.2871,-1076.4440773,2.2630,0.266666666667
/home/ccollins/allmols/H/noopt/cam/131312-.log,131312-,---,[],"td CAM-B3LYP/6-31g(d,p) geom=connectivity",-5.61343637617,0.313747255888,52,2.8979,-647.4404325,3.7202,0.25
/home/ccollins/allmols/H/noopt/cam/54-4.log,54-4,---,[],"td CAM-B3LYP/6-31g(d,p) geom=connectivity",-6.29263251728,-0.5423228803,62,0.4995,-1014.5038826,3.5466,0.383333333333
/home/ccollins/allmols/H/noopt/cam/5513-4-.log,5513-4-,---,[],"td CAM-B3LYP/6-31g(d,p) geom=connectivity",-5.67112450995,-0.643277114415,80,1.5156,-1544.1340834,2.9736,0.55
/home/ccollins/allmols/H/noopt/cam/81312-13-.log,81312-13-,---,[],"td CAM-B3LYP/6-31g(d,p) geom=connectivity",-6.11140470078,-1.22124690757,72,4.1230,-942.4399715,2.2833,0.366666666667
/home/ccollins/allmols/H/noopt/cam/134-12-.log,134-12-,---,[],"td CAM-B3LYP/6-31g(d,p) geom=connectivity",-5.93507493338,-0.166805783053,55,1.8548,-669.4862929,3.6334,0.383333333333
/home/ccollins/allmols/H/noopt/cam/58-55.log,58-55,---,[],"td CAM-B3LYP/6-31g(d,p) geom=connectivity",-6.56610692505,-1.60547164765,84,2.3221,-1951.1000899,2.2952,0.466666666667
/home/ccollins/allmols/H/noopt/cam/85-13.log,85-13,---,[],"td CAM-B3LYP/6-31g(d,p) geom=connectivity",-6.78869604502,-1.36002496525,59,5.3213,-1056.6030539,2.2722,0.283333333333
/home/ccollins/allmols/H/noopt/cam/8454-.log,8454-,---,[],"td CAM-B3LYP/6-31g(d,p) geom=connectivity",-6.60284229326,-1.64030221899,82,4.7538,-1309.4993432,2.2299,0.516666666667
/home/ccollins/allmols/H/noopt/cam/138-12.log,138-12,---,[],"td CAM-B3LYP/6-31g(d,p) geom=connectivity",-6.82869677929,-1.18233462865,55,1.1581,-733.6124888,2.2836,0.25
/home/ccollins/allmols/H/noopt/cam/125-84-.log,125-84-,---,[],"td CAM-B3LYP/6-31g(d,p) geom=connectivity",-6.53590228897,-1.5649266857,79,1.2521,-1307.3207736,2.2553,0.516666666667
/home/ccollins/allmols/H/noopt/cam/412-12-13.log,412-12-13,---,[],"td CAM-B3LYP/6-31g(d,p) geom=connectivity",-5.55574824239,-0.463681980949,72,2.7283,-898.171541,2.9914,0.533333333333
/home/ccollins/allmols/H/noopt/cam/58-8-13-.log,58-8-13-,---,[],"td CAM-B3LYP/6-31g(d,p) geom=connectivity",-7.27686827144,-2.13282826683,79,2.3325,-1351.5686144,2.1225,0.35
/home/ccollins/allmols/H/noopt/cam/1213-4-5.log,1213-4-5,---,[],"td CAM-B3LYP/6-31g(d,p) geom=connectivity",-5.67874369743,-0.538241172721,76,1.8472,-1221.1350639,3.1458,0.533333333333
/home/ccollins/allmols/H/noopt/cam/4124-.log,4124-,---,[],"td CAM-B3LYP/6-31g(d,p) geom=connectivity",-6.19249462468,-0.435926369413,58,0.7269,-691.5558431,3.4925,0.316666666667
/home/ccollins/allmols/H/noopt/cam/84-4-.log,84-4-,---,[],"td CAM-B3LYP/6-31g(d,p) geom=connectivity",-7.28475957276,-1.49499342919,61,3.7551,-757.8336058,2.2283,0.283333333333
/home/ccollins/allmols/H/noopt/cam/458.log,458,---,[],"td CAM-B3LYP/6-31g(d,p) geom=connectivity",-7.09101451968,-1.49200017696,62,2.9389,-1078.6383339,2.2604,0.333333333333
/home/ccollins/allmols/H/noopt/cam/88-84-.log,88-84-,---,[],"td CAM-B3LYP/6-31g(d,p) geom=connectivity",-7.95497595719,-3.13529564818,81,5.5741,-1116.9019228,1.7341,0.516666666667
/home/ccollins/allmols/H/noopt/cam/51312-.log,51312-,---,[],"td CAM-B3LYP/6-31g(d,p) geom=connectivity",-5.79656898954,-0.102314803308,56,1.3763,-990.287987,3.5263,0.233333333333
/home/ccollins/allmols/H/noopt/cam/41312.log,41312,---,[],"td CAM-B3LYP/6-31g(d,p) geom=connectivity",-5.87711468576,-0.0266671561813,55,0.9266,-669.4975677,3.6558,0.266666666667
/home/ccollins/allmols/H/noopt/cam/5125-.log,5125-,---,[],"td CAM-B3LYP/6-31g(d,p) geom=connectivity",-5.96582379714,-0.484362632681,60,0.4388,-1333.1392678,3.2967,0.25
/home/ccollins/allmols/H/noopt/cam/812-4-13-.log,812-4-13-,---,[],"td CAM-B3LYP/6-31g(d,p) geom=connectivity",-6.37508301037,-1.45716960562,75,4.4013,-964.466734,2.2538,0.4
/home/ccollins/allmols/H/noopt/cam/1212-.log,1212-,---,[],"td CAM-B3LYP/6-31g(d,p) geom=connectivity",-6.43494805486,0.225310258348,35,0.0012,-458.4844111,4.2717,0.0833333333333
/home/ccollins/allmols/H/noopt/cam/5812-5-.log,5812-5-,---,[],"td CAM-B3LYP/6-31g(d,p) geom=connectivity",-6.50052748995,-1.53172879739,80,2.3396,-1628.1141486,2.2719,0.4
/home/ccollins/allmols/H/noopt/cam/544.log,544,---,[],"td CAM-B3LYP/6-31g(d,p) geom=connectivity",-6.2956257695,-0.545044018686,62,0.5763,-1014.5033541,3.5472,0.383333333333
/home/ccollins/allmols/H/noopt/cam/548-12.log,548-12,---,[],"td CAM-B3LYP/6-31g(d,p) geom=connectivity",-6.60774034236,-1.50560586889,79,0.8804,-1307.2967776,2.2224,0.516666666667
/home/ccollins/allmols/H/noopt/cam/412-5-8-.log,412-5-8-,---,[],"td CAM-B3LYP/6-31g(d,p) geom=connectivity",-6.41399528928,-1.57608335308,79,3.9234,-1307.3166144,2.2617,0.4
/home/ccollins/allmols/H/noopt/cam/5412-12-.log,5412-12-,---,[],"td CAM-B3LYP/6-31g(d,p) geom=connectivity",-5.76064996284,-0.727360290537,76,0.7958,-1240.9937866,3.0413,0.433333333333
/home/ccollins/allmols/H/noopt/cam/1212-13-8.log,1212-13-8,---,[],"td CAM-B3LYP/6-31g(d,p) geom=connectivity",-6.1609294194,-1.27893504135,72,3.3679,-962.2813244,2.2737,0.366666666667
/home/ccollins/allmols/H/noopt/cam/813-8.log,813-8,---,[],"td CAM-B3LYP/6-31g(d,p) geom=connectivity",-7.88286578997,-2.03296248807,58,1.0282,-799.9208667,2.2594,0.25
/home/ccollins/allmols/H/noopt/cam/512-12-.log,512-12-,---,[],"td CAM-B3LYP/6-31g(d,p) geom=connectivity",-5.92555094903,-0.399735228881,56,0.6483,-1010.1429096,3.3626,0.333333333333
/home/ccollins/allmols/H/noopt/cam/44-4.log,44-4,---,[],"td CAM-B3LYP/6-31g(d,p) geom=connectivity",-6.4197096799,-0.50966921967,61,0.0614,-693.6953006,3.6692,0.35
/home/ccollins/allmols/H/noopt/cam/88.log,88,---,[],"td CAM-B3LYP/6-31g(d,p) geom=connectivity",-8.26083191176,-2.65991277217,41,0.7664,-591.0692456,2.0529,0.0666666666667
/home/ccollins/allmols/H/noopt/cam/8134-.log,8134-,---,[],"td CAM-B3LYP/6-31g(d,p) geom=connectivity",-6.95196434817,-1.2623360972,58,3.8383,-735.8152968,2.2829,0.25
/home/ccollins/allmols/H/noopt/cam/512.log,512,---,[],"td CAM-B3LYP/6-31g(d,p) geom=connectivity",-6.50678610824,0.043266100335,39,0.8738,-781.4769342,4.1383,0.0833333333333
/home/ccollins/allmols/H/noopt/cam/55-8-4-.log,55-8-4-,---,[],"td CAM-B3LYP/6-31g(d,p) geom=connectivity",-6.58325009688,-1.57309010086,83,1.1640,-1630.3108069,2.2547,0.5
/home/ccollins/allmols/H/noopt/cam/138-13.log,138-13,---,[],"td CAM-B3LYP/6-31g(d,p) geom=connectivity",-6.66134676856,-1.13961275599,55,2.9294,-713.7728995,2.3104,0.216666666667
/home/ccollins/allmols/H/noopt/cam/545-8-.log,545-8-,---,[],"td CAM-B3LYP/6-31g(d,p) geom=connectivity",-6.5149495234,-1.58016506066,83,3.9313,-1630.2784318,2.2626,0.683333333333
/home/ccollins/allmols/H/noopt/cam/485.log,485,---,[],"td CAM-B3LYP/6-31g(d,p) geom=connectivity",-7.26516737638,-1.43050244944,62,1.2662,-1078.6543669,2.2408,0.266666666667
/home/ccollins/allmols/H/noopt/cam/1313-12-13-.log,1313-12-13-,---,[],"td CAM-B3LYP/6-31g(d,p) geom=connectivity",-5.29397472967,0.0187758548624,69,1.7673,-856.2681211,3.1889,0.483333333333
/home/ccollins/allmols/H/noopt/cam/134-8.log,134-8,---,[],"td CAM-B3LYP/6-31g(d,p) geom=connectivity",-6.74542994468,-1.28410520428,58,3.2399,-735.7885049,2.2107,0.266666666667
/home/ccollins/allmols/H/noopt/cam/54-5-13.log,54-5-13,---,[],"td CAM-B3LYP/6-31g(d,p) geom=connectivity",-5.699696463,-0.688175897781,80,1.6383,-1544.1226262,2.9977,0.5
/home/ccollins/allmols/H/noopt/cam/1244-.log,1244-,---,[],"td CAM-B3LYP/6-31g(d,p) geom=connectivity",-6.23820974956,-0.467763688527,58,0.7814,-691.5192983,3.6116,0.266666666667
/home/ccollins/allmols/H/noopt/cam/128-13.log,128-13,---,[],"td CAM-B3LYP/6-31g(d,p) geom=connectivity",-6.84339092657,-1.14369446357,55,0.9227,-733.613499,2.2969,0.2
/home/ccollins/allmols/H/noopt/cam/134-13-.log,134-13-,---,[],"td CAM-B3LYP/6-31g(d,p) geom=connectivity",-5.78867768822,0.0968725265362,55,0.0517,-649.6293408,3.7066,0.216666666667
/home/ccollins/allmols/H/noopt/cam/12128-13-.log,12128-13-,---,[],"td CAM-B3LYP/6-31g(d,p) geom=connectivity",-6.27440089009,-1.25553325123,72,1.6083,-962.2791289,2.2933,0.383333333333
/home/ccollins/allmols/H/noopt/cam/1212134.log,1212134,---,[],"td CAM-B3LYP/6-31g(d,p) geom=connectivity",-5.57180295886,-0.422864905161,72,1.2057,-898.163921,3.0789,0.483333333333
/home/ccollins/allmols/H/noopt/cam/135-5-.log,135-5-,---,[],"td CAM-B3LYP/6-31g(d,p) geom=connectivity",-5.84255622826,-0.387217992306,60,2.1546,-1313.2724743,3.2777,0.233333333333
/home/ccollins/allmols/H/noopt/cam/128-5-.log,128-5-,---,[],"td CAM-B3LYP/6-31g(d,p) geom=connectivity",-7.06870118492,-1.42288326196,59,0.1910,-1076.45203,2.2849,0.25
/home/ccollins/allmols/H/noopt/cam/45-.log,45-,---,[],"td CAM-B3LYP/6-31g(d,p) geom=connectivity",-6.79005661421,-0.0574160199414,42,0.4997,-783.669525,4.2118,0.166666666667
/home/ccollins/allmols/H/noopt/cam/88-48-.log,88-48-,---,[],"td CAM-B3LYP/6-31g(d,p) geom=connectivity",-8.04123604402,-2.94236693662,81,2.9358,-1116.9032547,2.0416,0.5
/home/ccollins/allmols/H/noopt/cam/88-8.log,88-8,---,[],"td CAM-B3LYP/6-31g(d,p) geom=connectivity",-8.27090012379,-3.41611712959,61,1.1808,-886.018962,1.6455,0.283333333333
/home/ccollins/allmols/H/noopt/cam/1212128-.log,1212128-,---,[],"td CAM-B3LYP/6-31g(d,p) geom=connectivity",-6.22569251298,-1.41689675751,72,4.4103,-982.1145176,2.2517,0.316666666667
/home/ccollins/allmols/H/noopt/cam/558-4-.log,558-4-,---,[],"td CAM-B3LYP/6-31g(d,p) geom=connectivity",-6.5720934295,-1.57417855621,83,1.5512,-1630.3076983,2.2563,0.583333333333
/home/ccollins/allmols/H/noopt/cam/512-124-.log,512-124-,---,[],"td CAM-B3LYP/6-31g(d,p) geom=connectivity",-5.73806451424,-0.720557444573,76,0.6114,-1241.0179096,2.9497,0.5
/home/ccollins/allmols/H/noopt/cam/1213-4.log,1213-4,---,[],"td CAM-B3LYP/6-31g(d,p) geom=connectivity",-5.90759143568,-0.0552391092327,55,1.5240,-669.4953276,3.6418,0.333333333333
/home/ccollins/allmols/H/noopt/cam/135-58.log,135-58,---,[],"td CAM-B3LYP/6-31g(d,p) geom=connectivity",-6.2265088545,-1.49308863232,80,4.7868,-1608.2449359,2.2646,0.366666666667
/home/ccollins/allmols/H/noopt/cam/124-8-.log,124-8-,---,[],"td CAM-B3LYP/6-31g(d,p) geom=connectivity",-6.94624995756,-1.3730864295,58,3.3034,-755.6430223,2.2087,0.266666666667
/home/ccollins/allmols/H/noopt/cam/1354.log,1354,---,[],"td CAM-B3LYP/6-31g(d,p) geom=connectivity",-5.91956444458,-0.375517097247,59,0.7925,-992.4775996,3.3540,0.25
/home/ccollins/allmols/H/noopt/cam/121312-.log,121312-,---,[],"td CAM-B3LYP/6-31g(d,p) geom=connectivity",-5.76554801194,0.0468035802366,52,1.4603,-667.3011981,3.6409,0.216666666667
/home/ccollins/allmols/H/noopt/cam/4445-.log,4445-,---,[],"td CAM-B3LYP/6-31g(d,p) geom=connectivity",-6.03711762284,-0.79810988857,82,0.5390,-1245.3372596,3.1940,0.85
/home/ccollins/allmols/H/noopt/cam/135-5-13.log,135-5-13,---,[],"td CAM-B3LYP/6-31g(d,p) geom=connectivity",-5.45914782969,-0.560010279808,77,3.3228,-1522.0821372,2.8677,0.45
/home/ccollins/allmols/H/noopt/cam/84-12-.log,84-12-,---,[],"td CAM-B3LYP/6-31g(d,p) geom=connectivity",-7.04502728096,-1.4732243221,58,4.5035,-755.6568607,2.2288,0.25
/home/ccollins/allmols/H/noopt/cam/5412-12.log,5412-12,---,[],"td CAM-B3LYP/6-31g(d,p) geom=connectivity",-5.78486809448,-0.753483219042,76,0.5055,-1240.9974436,3.0323,0.516666666667
/home/ccollins/allmols/H/noopt/cam/558-5-.log,558-5-,---,[],"td CAM-B3LYP/6-31g(d,p) geom=connectivity",-6.51222838501,-1.5698247348,84,0.8793,-1951.0999287,2.2962,0.533333333333
/home/ccollins/allmols/H/noopt/cam/8135-4.log,8135-4,---,[],"td CAM-B3LYP/6-31g(d,p) geom=connectivity",-6.43902976243,-1.3766239094,79,4.4289,-1287.4661762,2.2834,0.65
/home/ccollins/allmols/H/noopt/cam/131312-5.log,131312-5,---,[],"td CAM-B3LYP/6-31g(d,p) geom=connectivity",-5.42214034764,-0.276739773841,73,2.5002,-1199.1029201,3.0803,0.433333333333
/home/ccollins/allmols/H/noopt/cam/124-13-.log,124-13-,---,[],"td CAM-B3LYP/6-31g(d,p) geom=connectivity",-5.93834029944,-0.173880742856,55,1.8056,-669.4857811,3.6311,0.4
/home/ccollins/allmols/H/noopt/cam/12413.log,12413,---,[],"td CAM-B3LYP/6-31g(d,p) geom=connectivity",-5.9416056655,-0.178506678112,55,0.9577,-669.4864774,3.6289,0.283333333333
/home/ccollins/allmols/H/noopt/cam/45-12.log,45-12,---,[],"td CAM-B3LYP/6-31g(d,p) geom=connectivity",-6.11548640836,-0.582867842249,59,0.4232,-1012.3321324,3.3544,0.266666666667
/home/ccollins/allmols/H/noopt/cam/55-.log,55-,---,[],"td CAM-B3LYP/6-31g(d,p) geom=connectivity",-6.59821635801,-0.119730088977,43,0.0001,-1104.4662026,3.9909,0.0833333333333
/home/ccollins/allmols/H/noopt/cam/81313-.log,81313-,---,[],"td CAM-B3LYP/6-31g(d,p) geom=connectivity",-6.59304619507,-1.15893283853,55,4.8021,-713.7681958,2.2827,0.233333333333
/home/ccollins/allmols/H/noopt/cam/131313-.log,131313-,---,[],"td CAM-B3LYP/6-31g(d,p) geom=connectivity",-5.45479400827,0.70178158971,52,1.4284,-627.5883964,3.8718,0.25
/home/ccollins/allmols/H/noopt/cam/44-4-12-.log,44-4-12-,---,[],"td CAM-B3LYP/6-31g(d,p) geom=connectivity",-5.99956591312,-0.753483219042,78,0.9002,-922.3528554,3.2266,0.8
/home/ccollins/allmols/H/noopt/cam/1212-55-.log,1212-55-,---,[],"td CAM-B3LYP/6-31g(d,p) geom=connectivity",-5.70513873977,-0.838926964357,77,0.1819,-1561.7994952,2.8596,0.316666666667
/home/ccollins/allmols/H/noopt/cam/88-4-8.log,88-4-8,---,[],"td CAM-B3LYP/6-31g(d,p) geom=connectivity",-8.04123604402,-2.94236693662,81,2.9358,-1116.9032551,2.0417,0.433333333333
/home/ccollins/allmols/H/noopt/cam/813-5-.log,813-5-,---,[],"td CAM-B3LYP/6-31g(d,p) geom=connectivity",-6.80583921685,-1.23730162405,59,4.3850,-1056.6080661,2.2829,0.233333333333
/home/ccollins/allmols/H/noopt/cam/85-138.log,85-138,---,[],"td CAM-B3LYP/6-31g(d,p) geom=connectivity",-7.10570866697,-2.03132980504,79,1.9231,-1351.5759344,2.2681,0.516666666667
/home/ccollins/allmols/H/noopt/cam/88-.log,88-,---,[],"td CAM-B3LYP/6-31g(d,p) geom=connectivity",-8.26083191176,-2.65991277217,41,0.7664,-591.0692456,2.0529,0.0666666666667
/home/ccollins/allmols/H/noopt/cam/812-.log,812-,---,[],"td CAM-B3LYP/6-31g(d,p) geom=connectivity",-7.91633579211,-1.35893650989,38,3.3821,-524.7908341,2.2476,0.0666666666667
/home/ccollins/allmols/H/noopt/cam/1213135.log,1213135,---,[],"td CAM-B3LYP/6-31g(d,p) geom=connectivity",-5.3873097763,-0.182860499529,73,1.5598,-1199.0989884,3.1637,0.45
/home/ccollins/allmols/H/noopt/cam/1313-12.log,1313-12,---,[],"td CAM-B3LYP/6-31g(d,p) geom=connectivity",-5.64445735377,0.357285470062,52,0.7001,-647.4470531,3.7523,0.25
/home/ccollins/allmols/H/noopt/cam/44-.log,44-,---,[],"td CAM-B3LYP/6-31g(d,p) geom=connectivity",-6.98597857799,0.0106124397048,41,0.0676,-462.8620996,4.4485,0.133333333333
/home/ccollins/allmols/H/noopt/cam/551212-.log,551212-,---,[],"td CAM-B3LYP/6-31g(d,p) geom=connectivity",-5.66541011934,-0.849539404062,77,0.6055,-1561.7969016,2.8339,0.433333333333
/home/ccollins/allmols/H/noopt/cam/54-8-4-.log,54-8-4-,---,[],"td CAM-B3LYP/6-31g(d,p) geom=connectivity",-6.68529278635,-1.50751066576,82,0.9450,-1309.505068,2.2033,0.533333333333
/home/ccollins/allmols/H/noopt/cam/1312.log,1312,---,[],"td CAM-B3LYP/6-31g(d,p) geom=connectivity",-6.17888893275,0.707495980321,35,1.1602,-438.6352194,4.4352,0.116666666667
/home/ccollins/allmols/H/noopt/cam/58-13-8.log,58-13-8,---,[],"td CAM-B3LYP/6-31g(d,p) geom=connectivity",-7.16775062217,-1.96384557307,79,2.1524,-1351.5807981,2.2631,0.316666666667
/home/ccollins/allmols/H/noopt/cam/4413-13.log,4413-13,---,[],"td CAM-B3LYP/6-31g(d,p) geom=connectivity",-5.59275572444,-0.337965387522,75,1.4718,-880.4769088,3.2416,0.716666666667
/home/ccollins/allmols/H/noopt/cam/512138.log,512138,---,[],"td CAM-B3LYP/6-31g(d,p) geom=connectivity",-6.16528324082,-1.25199577133,76,4.0738,-1285.273686,2.2729,0.366666666667
/home/ccollins/allmols/H/noopt/cam/131244-.log,131244-,---,[],"td CAM-B3LYP/6-31g(d,p) geom=connectivity",-5.68853979562,-0.598650444887,75,0.4215,-900.3396735,3.0825,0.7
/home/ccollins/allmols/H/noopt/cam/13513-13.log,13513-13,---,[],"td CAM-B3LYP/6-31g(d,p) geom=connectivity",-5.34404367597,-0.164628872344,73,1.7702,-1179.2454598,3.0905,0.5
/home/ccollins/allmols/H/noopt/cam/12813.log,12813,---,[],"td CAM-B3LYP/6-31g(d,p) geom=connectivity",-6.84339092657,-1.1431502359,55,0.9227,-733.6134988,2.2970,0.183333333333
/home/ccollins/allmols/H/noopt/cam/812.log,812,---,[],"td CAM-B3LYP/6-31g(d,p) geom=connectivity",-7.91633579211,-1.35920862373,38,3.3821,-524.7908344,2.2475,0.0666666666667
/home/ccollins/allmols/H/noopt/cam/512-12-4-.log,512-12-4-,---,[],"td CAM-B3LYP/6-31g(d,p) geom=connectivity",-5.71493483796,-0.714570940124,76,0.7714,-1241.0150041,2.9133,0.566666666667
/home/ccollins/allmols/H/noopt/cam/412-5.log,412-5,---,[],"td CAM-B3LYP/6-31g(d,p) geom=connectivity",-6.08773079682,-0.458511818016,59,0.4033,-1012.348141,3.3972,0.2
/home/ccollins/allmols/H/noopt/cam/58-134-.log,58-134-,---,[],"td CAM-B3LYP/6-31g(d,p) geom=connectivity",-6.4874660257,-1.31811943411,79,1.5539,-1287.4736462,2.3041,0.566666666667
/home/ccollins/allmols/H/noopt/cam/41312-5-.log,41312-5-,---,[],"td CAM-B3LYP/6-31g(d,p) geom=connectivity",-5.61615751455,-0.455518565791,76,1.6456,-1221.1578299,3.0784,0.483333333333
/home/ccollins/allmols/H/noopt/cam/513-.log,513-,---,[],"td CAM-B3LYP/6-31g(d,p) geom=connectivity",-6.28555755747,0.435110027897,39,1.7818,-761.623383,4.2341,0.0833333333333
/home/ccollins/allmols/H/noopt/cam/84-4-8.log,84-4-8,---,[],"td CAM-B3LYP/6-31g(d,p) geom=connectivity",-7.43768755004,-2.12548119319,81,1.3034,-1052.789183,2.2045,0.65
/home/ccollins/allmols/H/noopt/cam/58-58-.log,58-58-,---,[],"td CAM-B3LYP/6-31g(d,p) geom=connectivity",-7.33646120209,-2.26915729996,83,2.6058,-1694.4120576,2.2510,0.4
/home/ccollins/allmols/H/noopt/cam/48-12-.log,48-12-,---,[],"td CAM-B3LYP/6-31g(d,p) geom=connectivity",-7.20584655957,-1.42288326196,58,1.6469,-755.6546542,2.2199,0.25
/home/ccollins/allmols/H/noopt/cam/84-5.log,84-5,---,[],"td CAM-B3LYP/6-31g(d,p) geom=connectivity",-7.1299267986,-1.50315684434,62,4.1878,-1078.6411192,2.2301,0.3
/home/ccollins/allmols/H/noopt/cam/88-1312-.log,88-1312-,---,[],"td CAM-B3LYP/6-31g(d,p) geom=connectivity",-7.01210150649,-2.26888518612,75,6.9734,-1028.5733873,2.1028,0.35
/home/ccollins/allmols/H/noopt/cam/41313-.log,41313-,---,[],"td CAM-B3LYP/6-31g(d,p) geom=connectivity",-5.74731638475,0.237827494923,55,1.0089,-649.6432992,3.7390,0.25
/home/ccollins/allmols/H/noopt/cam/85125.log,85125,---,[],"td CAM-B3LYP/6-31g(d,p) geom=connectivity",-6.38487910856,-1.64356758505,80,5.7111,-1628.1179303,2.2691,0.35
/home/ccollins/allmols/H/noopt/cam/5134.log,5134,---,[],"td CAM-B3LYP/6-31g(d,p) geom=connectivity",-5.90813566336,-0.161091392442,59,0.7836,-992.4833364,3.5404,0.333333333333
/home/ccollins/allmols/H/noopt/cam/84-13.log,84-13,---,[],"td CAM-B3LYP/6-31g(d,p) geom=connectivity",-6.84175824354,-1.29118016409,58,4.4568,-735.8016448,2.2304,0.316666666667
/home/ccollins/allmols/H/noopt/cam/125-.log,125-,---,[],"td CAM-B3LYP/6-31g(d,p) geom=connectivity",-6.50841879127,0.0514295154925,39,0.1829,-781.4764737,4.1363,0.0833333333333
/home/ccollins/allmols/H/noopt/cam/4513-13.log,4513-13,---,[],"td CAM-B3LYP/6-31g(d,p) geom=connectivity",-5.53914929823,-0.42885140961,76,1.4540,-1201.2950912,3.0502,0.583333333333
/home/ccollins/allmols/H/noopt/cam/1388.log,1388,---,[],"td CAM-B3LYP/6-31g(d,p) geom=connectivity",-7.74055025239,-2.25119778661,58,3.5430,-799.8970275,2.1058,0.216666666667
/home/ccollins/allmols/H/noopt/cam/13125-.log,13125-,---,[],"td CAM-B3LYP/6-31g(d,p) geom=connectivity",-5.77997004538,-0.206806517325,56,1.1179,-990.296966,3.3862,0.283333333333
/home/ccollins/allmols/H/noopt/cam/54-4-5-.log,54-4-5-,---,[],"td CAM-B3LYP/6-31g(d,p) geom=connectivity",-5.96010940653,-0.810899238983,83,0.0549,-1566.1468707,3.1326,0.666666666667
/home/ccollins/allmols/H/noopt/cam/58-12.log,58-12,---,[],"td CAM-B3LYP/6-31g(d,p) geom=connectivity",-7.08094630766,-1.42886976641,59,1.3652,-1076.4501083,2.2719,0.25
/home/ccollins/allmols/H/noopt/cam/124-128-.log,124-128-,---,[],"td CAM-B3LYP/6-31g(d,p) geom=connectivity",-6.43957399011,-1.46397245159,75,4.3867,-984.3134757,2.2575,0.4
/home/ccollins/allmols/H/noopt/cam/84-513-.log,84-513-,---,[],"td CAM-B3LYP/6-31g(d,p) geom=connectivity",-6.31412951052,-1.4958097707,79,6.1966,-1287.4517894,2.2294,0.45
/home/ccollins/allmols/H/noopt/cam/88-8-.log,88-8-,---,[],"td CAM-B3LYP/6-31g(d,p) geom=connectivity",-8.27090012379,-3.41611712959,61,1.1807,-886.0189621,1.6455,0.3
/home/ccollins/allmols/H/noopt/cam/81312-.log,81312-,---,[],"td CAM-B3LYP/6-31g(d,p) geom=connectivity",-6.77563458076,-1.26396878023,55,4.1300,-733.6186128,2.2828,0.233333333333
/home/ccollins/allmols/H/noopt/cam/1344.log,1344,---,[],"td CAM-B3LYP/6-31g(d,p) geom=connectivity",-6.0607915268,-0.234290015022,58,1.3940,-671.6620497,3.6511,0.266666666667
/home/ccollins/allmols/H/noopt/cam/125-5.log,125-5,---,[],"td CAM-B3LYP/6-31g(d,p) geom=connectivity",-6.0191581095,-0.610623453785,60,0.4822,-1333.1289634,3.2552,0.3
/home/ccollins/allmols/H/noopt/cam/1313-124.log,1313-124,---,[],"td CAM-B3LYP/6-31g(d,p) geom=connectivity",-5.50214181619,-0.231568876636,72,1.5095,-878.3186765,3.1644,0.433333333333
/home/ccollins/allmols/H/noopt/cam/13454-.log,13454-,---,[],"td CAM-B3LYP/6-31g(d,p) geom=connectivity",-5.77207874406,-0.704774841935,79,1.0301,-1223.3271181,3.0307,0.716666666667
/home/ccollins/allmols/H/noopt/cam/8138-5.log,8138-5,---,[],"td CAM-B3LYP/6-31g(d,p) geom=connectivity",-7.22897623585,-1.99677134754,79,4.4209,-1351.591433,2.2784,0.383333333333
/home/ccollins/allmols/H/noopt/cam/513-1312.log,513-1312,---,[],"td CAM-B3LYP/6-31g(d,p) geom=connectivity",-5.45533823595,-0.109117649273,73,0.7457,-1199.1060431,3.2527,0.416666666667
/home/ccollins/allmols/H/noopt/cam/513-12-.log,513-12-,---,[],"td CAM-B3LYP/6-31g(d,p) geom=connectivity",-5.79684110337,-0.0669400042919,56,1.2251,-990.291903,3.5455,0.266666666667
/home/ccollins/allmols/H/noopt/cam/125-4-.log,125-4-,---,[],"td CAM-B3LYP/6-31g(d,p) geom=connectivity",-6.11031624542,-0.590759143568,59,0.3936,-1012.3320705,3.3434,0.25
/home/ccollins/allmols/H/noopt/cam/1213-12.log,1213-12,---,[],"td CAM-B3LYP/6-31g(d,p) geom=connectivity",-5.80418817702,0.0302046360829,52,2.1944,-667.2987376,3.6436,0.233333333333
/home/ccollins/allmols/H/noopt/cam/413-.log,413-,---,[],"td CAM-B3LYP/6-31g(d,p) geom=connectivity",-6.43603651021,0.535247920497,38,1.4356,-440.8288747,4.4860,0.1
/home/ccollins/allmols/H/noopt/cam/8131313-.log,8131313-,---,[],"td CAM-B3LYP/6-31g(d,p) geom=connectivity",-5.99602843322,-1.12573495023,72,5.6364,-922.5779629,2.2868,0.4
/home/ccollins/allmols/H/noopt/cam/121313-8.log,121313-8,---,[],"td CAM-B3LYP/6-31g(d,p) geom=connectivity",-6.04636949336,-1.21117869554,72,4.0668,-942.4265842,2.2755,0.383333333333
/home/ccollins/allmols/H/noopt/cam/4121312.log,4121312,---,[],"td CAM-B3LYP/6-31g(d,p) geom=connectivity",-5.57642889412,-0.417694742228,72,0.3595,-898.1738435,3.0892,0.5
/home/ccollins/allmols/H/noopt/cam/125-4.log,125-4,---,[],"td CAM-B3LYP/6-31g(d,p) geom=connectivity",-6.10705087936,-0.585861094473,59,0.4183,-1012.3330838,3.3450,0.3
/home/ccollins/allmols/H/noopt/cam/128-124.log,128-124,---,[],"td CAM-B3LYP/6-31g(d,p) geom=connectivity",-6.57073286031,-1.53717107417,75,1.2316,-984.3255871,2.2715,0.383333333333
/home/ccollins/allmols/H/noopt/cam/1213-134-.log,1213-134-,---,[],"td CAM-B3LYP/6-31g(d,p) geom=connectivity",-5.53125799692,-0.103947486339,72,0.6849,-878.3096787,3.3135,0.416666666667
/home/ccollins/allmols/H/noopt/cam/413-13.log,413-13,---,[],"td CAM-B3LYP/6-31g(d,p) geom=connectivity",-5.7448673602,0.245990910081,55,1.0531,-649.6429743,3.7435,0.216666666667
/home/ccollins/allmols/H/noopt/cam/12413-5.log,12413-5,---,[],"td CAM-B3LYP/6-31g(d,p) geom=connectivity",-5.68228117733,-0.500145235319,76,1.8134,-1221.1427285,3.1567,0.433333333333
/home/ccollins/allmols/H/noopt/cam/513.log,513,---,[],"td CAM-B3LYP/6-31g(d,p) geom=connectivity",-6.25099909997,0.422592791322,39,1.1588,-761.6218766,4.2198,0.0833333333333
/home/ccollins/allmols/H/noopt/cam/51213-12.log,51213-12,---,[],"td CAM-B3LYP/6-31g(d,p) geom=connectivity",-5.5543876732,-0.432933117189,73,2.3606,-1218.9615256,3.0664,0.35
/home/ccollins/allmols/H/noopt/cam/138-5-5-.log,138-5-5-,---,[],"td CAM-B3LYP/6-31g(d,p) geom=connectivity",-6.40610398797,-1.44274757218,80,2.5960,-1608.2620517,2.3055,0.483333333333
/home/ccollins/allmols/H/noopt/cam/513-4-.log,513-4-,---,[],"td CAM-B3LYP/6-31g(d,p) geom=connectivity",-5.94568737308,-0.151295294253,59,1.1810,-992.4848082,3.5554,0.283333333333
/home/ccollins/allmols/H/noopt/cam/5134-.log,5134-,---,[],"td CAM-B3LYP/6-31g(d,p) geom=connectivity",-5.91031257406,-0.161363506281,59,0.8297,-992.4845318,3.5398,0.383333333333
/home/ccollins/allmols/H/noopt/cam/88-13-.log,88-13-,---,[],"td CAM-B3LYP/6-31g(d,p) geom=connectivity",-7.81973537941,-2.25827274642,58,5.2088,-799.9068128,2.1020,0.2
/home/ccollins/allmols/H/noopt/cam/812-5-8-.log,812-5-8-,---,[],"td CAM-B3LYP/6-31g(d,p) geom=connectivity",-7.20312542118,-2.22915656569,79,4.0220,-1371.4187111,2.2508,0.433333333333
/home/ccollins/allmols/H/noopt/cam/85-5.log,85-5,---,[],"td CAM-B3LYP/6-31g(d,p) geom=connectivity",-7.03795232116,-1.59349863875,63,4.3561,-1399.4446434,2.2722,0.266666666667
/home/ccollins/allmols/H/noopt/cam/1313128-.log,1313128-,---,[],"td CAM-B3LYP/6-31g(d,p) geom=connectivity",-5.99602843322,-1.24029487627,72,2.1151,-942.4184538,2.2673,0.366666666667
/home/ccollins/allmols/H/noopt/cam/58-.log,58-,---,[],"td CAM-B3LYP/6-31g(d,p) geom=connectivity",-8.00694970036,-1.45825806098,42,2.0086,-847.7806634,2.2586,0.0833333333333
/home/ccollins/allmols/H/noopt/cam/128-54-.log,128-54-,---,[],"td CAM-B3LYP/6-31g(d,p) geom=connectivity",-6.63359115702,-1.59621977714,79,1.2985,-1307.3092291,2.2866,0.483333333333
/home/ccollins/allmols/H/noopt/cam/541313-.log,541313-,---,[],"td CAM-B3LYP/6-31g(d,p) geom=connectivity",-5.54704059955,-0.38449685392,76,1.1567,-1201.2841239,3.1718,0.6
/home/ccollins/allmols/H/noopt/cam/138-1312.log,138-1312,---,[],"td CAM-B3LYP/6-31g(d,p) geom=connectivity",-6.20909356883,-1.10287738778,72,3.3591,-942.4405509,2.3112,0.466666666667
/home/ccollins/allmols/H/noopt/cam/12813-.log,12813-,---,[],"td CAM-B3LYP/6-31g(d,p) geom=connectivity",-6.84284669889,-1.13798007296,55,2.0248,-733.6133133,2.2925,0.233333333333
/home/ccollins/allmols/H/noopt/cam/45-5-.log,45-5-,---,[],"td CAM-B3LYP/6-31g(d,p) geom=connectivity",-6.14514681676,-0.663141424631,63,0.9255,-1335.3187208,3.2802,0.283333333333
/home/ccollins/allmols/H/noopt/cam/1388-12-.log,1388-12-,---,[],"td CAM-B3LYP/6-31g(d,p) geom=connectivity",-7.20557444573,-2.17391745645,75,2.2712,-1028.5693517,2.1170,0.333333333333
/home/ccollins/allmols/H/noopt/cam/125.log,125,---,[],"td CAM-B3LYP/6-31g(d,p) geom=connectivity",-6.50678610824,0.0429939864964,39,0.8733,-781.476921,4.1380,0.0833333333333
/home/ccollins/allmols/H/noopt/cam/513-8.log,513-8,---,[],"td CAM-B3LYP/6-31g(d,p) geom=connectivity",-6.73318482195,-1.29580609934,59,3.0959,-1056.5999898,2.2741,0.233333333333
/home/ccollins/allmols/H/noopt/cam/134-8-.log,134-8-,---,[],"td CAM-B3LYP/6-31g(d,p) geom=connectivity",-6.74542994468,-1.28410520428,58,3.2400,-735.7885049,2.2107,0.266666666667
/home/ccollins/allmols/H/noopt/cam/134-13-13-.log,134-13-13-,---,[],"td CAM-B3LYP/6-31g(d,p) geom=connectivity",-5.40254815126,-0.10585228321,72,1.2502,-858.4371058,3.2637,0.483333333333
/home/ccollins/allmols/H/noopt/cam/513-48.log,513-48,---,[],"td CAM-B3LYP/6-31g(d,p) geom=connectivity",-6.2420193433,-1.33934431351,79,3.4538,-1287.4450065,2.2109,0.466666666667
/home/ccollins/allmols/H/noopt/cam/13138-5-.log,13138-5-,---,[],"td CAM-B3LYP/6-31g(d,p) geom=connectivity",-6.12446616503,-1.21988633838,76,2.9651,-1265.4219097,2.3099,0.466666666667
/home/ccollins/allmols/H/noopt/cam/5513-.log,5513-,---,[],"td CAM-B3LYP/6-31g(d,p) geom=connectivity",-5.8428283421,-0.386945878468,60,2.1548,-1313.2724737,3.2777,0.25
/home/ccollins/allmols/H/noopt/cam/858-.log,858-,---,[],"td CAM-B3LYP/6-31g(d,p) geom=connectivity",-8.15225849017,-2.3992277148,62,1.7192,-1142.7516136,2.2477,0.25
/home/ccollins/allmols/H/noopt/cam/12413-4-.log,12413-4-,---,[],"td CAM-B3LYP/6-31g(d,p) geom=connectivity",-5.73643183121,-0.489260681776,75,1.3615,-900.3473285,3.2106,0.7
/home/ccollins/allmols/H/noopt/cam/135-13-12-.log,135-13-12-,---,[],"td CAM-B3LYP/6-31g(d,p) geom=connectivity",-5.41180002178,-0.332795224589,73,1.1045,-1199.0997594,3.0390,0.416666666667
/home/ccollins/allmols/H/noopt/cam/125-13-8.log,125-13-8,---,[],"td CAM-B3LYP/6-31g(d,p) geom=connectivity",-6.21535218712,-1.32328959704,76,3.6720,-1285.2612676,2.2747,0.366666666667
/home/ccollins/allmols/H/noopt/cam/54-13.log,54-13,---,[],"td CAM-B3LYP/6-31g(d,p) geom=connectivity",-5.97289875694,-0.279188798388,59,1.1155,-992.47052,3.5393,0.283333333333
/home/ccollins/allmols/H/noopt/cam/812-12-12-.log,812-12-12-,---,[],"td CAM-B3LYP/6-31g(d,p) geom=connectivity",-6.30324495698,-1.50751066576,72,5.4723,-982.1232621,2.2423,0.316666666667
/home/ccollins/allmols/H/noopt/cam/12138-13-.log,12138-13-,---,[],"td CAM-B3LYP/6-31g(d,p) geom=connectivity",-6.14950063818,-1.10968023375,72,0.4321,-942.4405836,2.3140,0.466666666667
/home/ccollins/allmols/H/noopt/cam/48-.log,48-,---,[],"td CAM-B3LYP/6-31g(d,p) geom=connectivity",-7.95633652638,-1.48193196493,41,1.3910,-526.985075,2.2054,0.1
/home/ccollins/allmols/H/noopt/cam/128-.log,128-,---,[],"td CAM-B3LYP/6-31g(d,p) geom=connectivity",-7.89837627877,-1.3681883804,38,2.4755,-524.782482,2.2492,0.0666666666667
/home/ccollins/allmols/H/noopt/cam/131212-.log,131212-,---,[],"td CAM-B3LYP/6-31g(d,p) geom=connectivity",-5.75602402759,-0.0979609818906,52,1.3293,-667.3052329,3.4772,0.316666666667
/home/ccollins/allmols/H/noopt/cam/545-5-.log,545-5-,---,[],"td CAM-B3LYP/6-31g(d,p) geom=connectivity",-5.8428283421,-0.905050627133,84,0.3789,-1886.9598211,2.9318,0.516666666667
/home/ccollins/allmols/H/noopt/cam/544-13.log,544-13,---,[],"td CAM-B3LYP/6-31g(d,p) geom=connectivity",-5.80309972166,-0.626678170261,79,1.0683,-1223.3030451,3.1725,0.616666666667
/home/ccollins/allmols/H/noopt/cam/812-1212-.log,812-1212-,---,[],"td CAM-B3LYP/6-31g(d,p) geom=connectivity",-6.38106951482,-1.58179774369,72,5.4661,-982.1332601,2.2510,0.266666666667
/home/ccollins/allmols/H/noopt/cam/513-4-5.log,513-4-5,---,[],"td CAM-B3LYP/6-31g(d,p) geom=connectivity",-5.70160125987,-0.566813125772,80,1.5673,-1544.1257439,3.1116,0.566666666667
/home/ccollins/allmols/H/noopt/cam/13812.log,13812,---,[],"td CAM-B3LYP/6-31g(d,p) geom=connectivity",-6.82869677929,-1.18260674249,55,1.1579,-733.6124891,2.2835,0.216666666667
/home/ccollins/allmols/H/noopt/cam/81388.log,81388,---,[],"td CAM-B3LYP/6-31g(d,p) geom=connectivity",-7.96368360003,-2.83733099492,78,0.3474,-1094.8728282,2.1000,0.45
/home/ccollins/allmols/H/noopt/cam/13135-.log,13135-,---,[],"td CAM-B3LYP/6-31g(d,p) geom=connectivity",-5.64037564619,0.135512691615,56,2.6050,-970.4310911,3.5755,0.25
/home/ccollins/allmols/H/noopt/cam/135-13-.log,135-13-,---,[],"td CAM-B3LYP/6-31g(d,p) geom=connectivity",-5.64908328902,-0.0217691070868,56,0.8692,-970.431026,3.4179,0.366666666667
/home/ccollins/allmols/H/noopt/cam/12812-12-.log,12812-12-,---,[],"td CAM-B3LYP/6-31g(d,p) geom=connectivity",-6.43766919324,-1.50506164121,72,2.2762,-982.1185341,2.2642,0.35
/home/ccollins/allmols/H/noopt/cam/13512-.log,13512-,---,[],"td CAM-B3LYP/6-31g(d,p) geom=connectivity",-5.8033718355,-0.302590588506,56,1.4500,-990.284483,3.3536,0.25
/home/ccollins/allmols/H/noopt/cam/445.log,445,---,[],"td CAM-B3LYP/6-31g(d,p) geom=connectivity",-6.30161227395,-0.538241172721,62,0.5265,-1014.5049066,3.5598,0.35
/home/ccollins/allmols/H/noopt/cam/138-13-.log,138-13-,---,[],"td CAM-B3LYP/6-31g(d,p) geom=connectivity",-6.65835351633,-1.14287812206,55,0.5564,-713.7730184,2.3127,0.233333333333
/home/ccollins/allmols/H/noopt/cam/5124-.log,5124-,---,[],"td CAM-B3LYP/6-31g(d,p) geom=connectivity",-6.06460112054,-0.46912425772,59,1.0346,-1012.3478873,3.3839,0.233333333333
/home/ccollins/allmols/H/noopt/cam/5512.log,5512,---,[],"td CAM-B3LYP/6-31g(d,p) geom=connectivity",-5.98759290422,-0.611984022977,60,1.1087,-1333.1262208,3.2558,0.25
/home/ccollins/allmols/H/noopt/cam/44-124.log,44-124,---,[],"td CAM-B3LYP/6-31g(d,p) geom=connectivity",-5.94459891773,-0.754571674396,78,0.8004,-922.3907197,3.1170,0.8
/home/ccollins/allmols/H/noopt/cam/134-412-.log,134-412-,---,[],"td CAM-B3LYP/6-31g(d,p) geom=connectivity",-5.78350752528,-0.574160199414,75,1.8325,-900.3204795,3.2129,0.666666666667
/home/ccollins/allmols/H/noopt/cam/5135.log,5135,---,[],"td CAM-B3LYP/6-31g(d,p) geom=connectivity",-5.79466419267,-0.195377736104,60,0.5048,-1313.2769358,3.4380,0.266666666667
/home/ccollins/allmols/H/noopt/cam/84-8-.log,84-8-,---,[],"td CAM-B3LYP/6-31g(d,p) geom=connectivity",-8.13756434288,-2.27487169057,61,1.1224,-821.9512785,2.1999,0.283333333333
/home/ccollins/allmols/H/noopt/cam/558-.log,558-,---,[],"td CAM-B3LYP/6-31g(d,p) geom=connectivity",-6.93427694866,-1.50451741354,63,3.5532,-1399.4310676,2.2638,0.283333333333
/home/ccollins/allmols/H/noopt/cam/8135.log,8135,---,[],"td CAM-B3LYP/6-31g(d,p) geom=connectivity",-6.80583921685,-1.23702951021,59,4.3849,-1056.6080659,2.2829,0.25
/home/ccollins/allmols/H/noopt/cam/12138.log,12138,---,[],"td CAM-B3LYP/6-31g(d,p) geom=connectivity",-6.64855741815,-1.26124764184,55,3.4639,-733.6109601,2.2721,0.2
/home/ccollins/allmols/H/noopt/cam/8412-.log,8412-,---,[],"td CAM-B3LYP/6-31g(d,p) geom=connectivity",-7.04965321622,-1.47893871271,58,4.4521,-755.6575165,2.2291,0.283333333333
/home/ccollins/allmols/H/noopt/cam/138-8-.log,138-8-,---,[],"td CAM-B3LYP/6-31g(d,p) geom=connectivity",-7.74055025239,-2.25146990045,58,3.5431,-799.8970268,2.1058,0.2
/home/ccollins/allmols/H/noopt/cam/5124.log,5124,---,[],"td CAM-B3LYP/6-31g(d,p) geom=connectivity",-6.06623380357,-0.474566534492,59,1.0843,-1012.3483106,3.3838,0.266666666667
/home/ccollins/allmols/H/noopt/cam/1341312-.log,1341312-,---,[],"td CAM-B3LYP/6-31g(d,p) geom=connectivity",-5.56091840532,-0.259052374333,72,2.8037,-878.2941566,3.2502,0.533333333333
/home/ccollins/allmols/H/noopt/cam/8513.log,8513,---,[],"td CAM-B3LYP/6-31g(d,p) geom=connectivity",-6.77128075935,-1.38233830001,59,4.1391,-1056.6025685,2.2768,0.266666666667
/home/ccollins/allmols/H/noopt/cam/412-4.log,412-4,---,[],"td CAM-B3LYP/6-31g(d,p) geom=connectivity",-6.19249462468,-0.438103280122,58,0.7258,-691.5565521,3.4965,0.316666666667
/home/ccollins/allmols/H/noopt/cam/854.log,854,---,[],"td CAM-B3LYP/6-31g(d,p) geom=connectivity",-7.17809094803,-1.59349863875,62,4.1315,-1078.6472475,2.2708,0.3
/home/ccollins/allmols/H/noopt/cam/84-8.log,84-8,---,[],"td CAM-B3LYP/6-31g(d,p) geom=connectivity",-8.13756434288,-2.27487169057,61,1.1224,-821.9512786,2.1999,0.283333333333
/home/ccollins/allmols/H/noopt/cam/135-.log,135-,---,[],"td CAM-B3LYP/6-31g(d,p) geom=connectivity",-6.28555755747,0.435110027897,39,1.7817,-761.6233833,4.2340,0.0833333333333
/home/ccollins/allmols/H/noopt/cam/1213-125-.log,1213-125-,---,[],"td CAM-B3LYP/6-31g(d,p) geom=connectivity",-5.57098661735,-0.424497588192,73,1.7966,-1218.9611243,3.0737,0.4
/home/ccollins/allmols/H/noopt/cam/813-513.log,813-513,---,[],"td CAM-B3LYP/6-31g(d,p) geom=connectivity",-6.16038519172,-1.24138333162,76,4.8945,-1265.4181517,2.2834,0.383333333333
/home/ccollins/allmols/H/noopt/cam/513-13-.log,513-13-,---,[],"td CAM-B3LYP/6-31g(d,p) geom=connectivity",-5.64037564619,0.135784805454,56,2.6051,-970.4310904,3.5756,0.25
/home/ccollins/allmols/H/noopt/cam/124-812.log,124-812,---,[],"td CAM-B3LYP/6-31g(d,p) geom=connectivity",-6.5530454608,-1.48982326625,75,1.0696,-984.3123587,2.2226,0.5
/home/ccollins/allmols/H/noopt/cam/513124.log,513124,---,[],"td CAM-B3LYP/6-31g(d,p) geom=connectivity",-5.5924836106,-0.489804909453,76,0.1388,-1221.1613019,3.0317,0.45
/home/ccollins/allmols/H/noopt/cam/88-5-5-.log,88-5-5-,---,[],"td CAM-B3LYP/6-31g(d,p) geom=connectivity",-7.23115314656,-2.43650731069,83,7.6268,-1694.3957594,2.1001,0.333333333333
/home/ccollins/allmols/H/noopt/cam/1348-8.log,1348-8,---,[],"td CAM-B3LYP/6-31g(d,p) geom=connectivity",-6.91522897996,-2.28031396734,78,5.2513,-1030.7410496,2.0781,0.416666666667
/home/ccollins/allmols/H/noopt/cam/131288-.log,131288-,---,[],"td CAM-B3LYP/6-31g(d,p) geom=connectivity",-6.83305060071,-2.29065429321,75,4.8326,-1028.5627521,2.1034,0.333333333333
/home/ccollins/allmols/H/noopt/cam/513-5-.log,513-5-,---,[],"td CAM-B3LYP/6-31g(d,p) geom=connectivity",-5.83058321936,-0.187214320946,60,1.1238,-1313.2786192,3.4512,0.25
/home/ccollins/allmols/H/noopt/cam/413-4-.log,413-4-,---,[],"td CAM-B3LYP/6-31g(d,p) geom=connectivity",-6.0346685983,-0.111294559981,58,0.7428,-671.689976,3.6725,0.333333333333
/home/ccollins/allmols/H/noopt/cam/513-1213.log,513-1213,---,[],"td CAM-B3LYP/6-31g(d,p) geom=connectivity",-5.44499791008,-0.251161073014,73,1.1119,-1199.1101723,3.1162,0.5
/home/ccollins/allmols/H/noopt/cam/84-128.log,84-128,---,[],"td CAM-B3LYP/6-31g(d,p) geom=connectivity",-7.2921066464,-2.15650217079,78,2.5847,-1050.6246555,2.2311,0.75
/home/ccollins/allmols/H/noopt/cam/5812-8.log,5812-8,---,[],"td CAM-B3LYP/6-31g(d,p) geom=connectivity",-7.28884128034,-2.21255762153,79,2.0131,-1371.4132266,2.2421,0.35
/home/ccollins/allmols/H/noopt/cam/55-5.log,55-5,---,[],"td CAM-B3LYP/6-31g(d,p) geom=connectivity",-6.05915884377,-0.673753864336,64,0.3295,-1656.1188067,3.1959,0.333333333333
/home/ccollins/allmols/H/noopt/cam/125-13.log,125-13,---,[],"td CAM-B3LYP/6-31g(d,p) geom=connectivity",-5.82867842249,-0.271297497069,56,1.3695,-990.2860789,3.3789,0.233333333333
/home/ccollins/allmols/H/noopt/cam/13512.log,13512,---,[],"td CAM-B3LYP/6-31g(d,p) geom=connectivity",-5.78541232215,-0.298780994766,56,0.8414,-990.2853169,3.3569,0.25
/home/ccollins/allmols/H/noopt/cam/12813-4.log,12813-4,---,[],"td CAM-B3LYP/6-31g(d,p) geom=connectivity",-6.45889407265,-1.30206471763,75,2.1934,-964.4758352,2.2956,0.533333333333
/home/ccollins/allmols/H/noopt/cam/12124-4.log,12124-4,---,[],"td CAM-B3LYP/6-31g(d,p) geom=connectivity",-5.81017468147,-0.706679638805,75,1.2606,-920.1855314,3.0864,0.583333333333
/home/ccollins/allmols/H/noopt/cam/585-.log,585-,---,[],"td CAM-B3LYP/6-31g(d,p) geom=connectivity",-7.13155948163,-1.4351283847,63,0.5709,-1399.4497312,2.2920,0.233333333333
/home/ccollins/allmols/H/noopt/cam/413-12-.log,413-12-,---,[],"td CAM-B3LYP/6-31g(d,p) geom=connectivity",-5.87493777505,-0.0228575624411,55,0.9793,-669.4972815,3.6585,0.266666666667
/home/ccollins/allmols/H/noopt/cam/85.log,85,---,[],"td CAM-B3LYP/6-31g(d,p) geom=connectivity",-7.98490847944,-1.42506017267,42,2.9842,-847.7909078,2.2708,0.1
/home/ccollins/allmols/H/noopt/cam/1212-12.log,1212-12,---,[],"td CAM-B3LYP/6-31g(d,p) geom=connectivity",-5.92310192448,-0.35374799016,52,0.6816,-687.1546133,3.4140,0.233333333333
/home/ccollins/allmols/H/noopt/cam/412-13.log,412-13,---,[],"td CAM-B3LYP/6-31g(d,p) geom=connectivity",-5.87493777505,-0.101226347954,55,2.4220,-669.5046628,3.5253,0.233333333333
/home/ccollins/allmols/H/noopt/cam/84812-.log,84812-,---,[],"td CAM-B3LYP/6-31g(d,p) geom=connectivity",-7.42952413488,-2.19459810819,78,5.0118,-1050.6223302,2.2158,0.466666666667
/home/ccollins/allmols/H/noopt/cam/128-12-8-.log,128-12-8-,---,[],"td CAM-B3LYP/6-31g(d,p) geom=connectivity",-7.23877233404,-2.21527875992,75,2.3010,-1048.4153421,2.2420,0.3
/home/ccollins/allmols/H/noopt/cam/845-.log,845-,---,[],"td CAM-B3LYP/6-31g(d,p) geom=connectivity",-7.1299267986,-1.50315684434,62,4.1878,-1078.6411193,2.2301,0.266666666667
/home/ccollins/allmols/H/noopt/cam/138-125.log,138-125,---,[],"td CAM-B3LYP/6-31g(d,p) geom=connectivity",-6.34950430954,-1.35104520857,76,2.5251,-1285.2763055,2.2853,0.516666666667
/home/ccollins/allmols/H/noopt/cam/44-5-12-.log,44-5-12-,---,[],"td CAM-B3LYP/6-31g(d,p) geom=connectivity",-5.87874736879,-0.834028915263,79,1.1542,-1243.1677867,3.0331,0.65
/home/ccollins/allmols/H/noopt/cam/584.log,584,---,[],"td CAM-B3LYP/6-31g(d,p) geom=connectivity",-7.24639152152,-1.4302303356,62,0.5865,-1078.6574763,2.2515,0.266666666667
/home/ccollins/allmols/H/noopt/cam/455.log,455,---,[],"td CAM-B3LYP/6-31g(d,p) geom=connectivity",-6.1418814507,-0.659059717053,63,0.8823,-1335.3202887,3.2800,0.283333333333
/home/ccollins/allmols/H/noopt/cam/48.log,48,---,[],"td CAM-B3LYP/6-31g(d,p) geom=connectivity",-7.95633652638,-1.48193196493,41,1.3910,-526.9850749,2.2054,0.1
/home/ccollins/allmols/H/noopt/cam/12125-12.log,12125-12,---,[],"td CAM-B3LYP/6-31g(d,p) geom=connectivity",-5.66241686711,-0.766544683294,73,0.8177,-1238.8057405,2.9067,0.333333333333
/home/ccollins/allmols/H/noopt/cam/1313-.log,1313-,---,[],"td CAM-B3LYP/6-31g(d,p) geom=connectivity",-5.99194672564,1.27213219538,35,0.0004,-418.7809227,4.7181,0.0833333333333
/home/ccollins/allmols/H/noopt/cam/131244.log,131244,---,[],"td CAM-B3LYP/6-31g(d,p) geom=connectivity",-5.68935613713,-0.599466786403,75,0.3385,-900.3401717,3.0831,0.7
/home/ccollins/allmols/H/noopt/cam/121213.log,121213,---,[],"td CAM-B3LYP/6-31g(d,p) geom=connectivity",-5.72772418837,-0.0884369975401,52,1.1112,-667.3021828,3.4738,0.233333333333
/home/ccollins/allmols/H/noopt/cam/4813-.log,4813-,---,[],"td CAM-B3LYP/6-31g(d,p) geom=connectivity",-7.01210150649,-1.24056699011,58,1.8703,-735.8157507,2.2488,0.266666666667
/home/ccollins/allmols/H/noopt/cam/4128.log,4128,---,[],"td CAM-B3LYP/6-31g(d,p) geom=connectivity",-7.02244183236,-1.39295073972,58,2.9281,-755.6556225,2.2579,0.2
/home/ccollins/allmols/H/noopt/cam/412-.log,412-,---,[],"td CAM-B3LYP/6-31g(d,p) geom=connectivity",-6.68801392474,0.120274316655,38,0.7874,-460.6862343,4.3605,0.1
/home/ccollins/allmols/H/noopt/cam/813-4-4-.log,813-4-4-,---,[],"td CAM-B3LYP/6-31g(d,p) geom=connectivity",-6.54352147645,-1.32111268633,78,4.4462,-966.648471,2.2833,0.533333333333
/home/ccollins/allmols/H/noopt/cam/134-128.log,134-128,---,[],"td CAM-B3LYP/6-31g(d,p) geom=connectivity",-6.29834690789,-1.36247398979,75,3.3435,-964.4584943,2.2593,0.366666666667
/home/ccollins/allmols/H/noopt/cam/84-.log,84-,---,[],"td CAM-B3LYP/6-31g(d,p) geom=connectivity",-7.94028180991,-1.43839375076,41,2.4212,-526.9983964,2.2290,0.1
/home/ccollins/allmols/H/noopt/cam/58-4.log,58-4,---,[],"td CAM-B3LYP/6-31g(d,p) geom=connectivity",-7.24639152152,-1.43050244944,62,0.5864,-1078.6574756,2.2515,0.233333333333
/home/ccollins/allmols/H/noopt/cam/1313-13-.log,1313-13-,---,[],"td CAM-B3LYP/6-31g(d,p) geom=connectivity",-5.45479400827,0.70178158971,52,1.4284,-627.5883965,3.8718,0.266666666667
/home/ccollins/allmols/H/noopt/cam/48-44-.log,48-44-,---,[],"td CAM-B3LYP/6-31g(d,p) geom=connectivity",-6.86135043992,-1.53825952952,81,1.8366,-988.6964259,2.1995,0.533333333333
/home/ccollins/allmols/H/noopt/cam/1212-5-.log,1212-5-,---,[],"td CAM-B3LYP/6-31g(d,p) geom=connectivity",-5.9345307057,-0.431572547996,56,0.2675,-1010.1472418,3.3475,0.3
/home/ccollins/allmols/H/noopt/cam/44-8-.log,44-8-,---,[],"td CAM-B3LYP/6-31g(d,p) geom=connectivity",-7.19795525825,-1.39349496739,61,2.5020,-757.8194779,2.2074,0.333333333333
/home/ccollins/allmols/H/noopt/cam/412812.log,412812,---,[],"td CAM-B3LYP/6-31g(d,p) geom=connectivity",-6.537534972,-1.5148577394,75,0.5692,-984.3252865,2.2727,0.433333333333
/home/ccollins/allmols/H/noopt/cam/48-5-8-.log,48-5-8-,---,[],"td CAM-B3LYP/6-31g(d,p) geom=connectivity",-7.45210958349,-2.28412356108,82,1.7931,-1373.6165101,2.2390,0.5
/home/ccollins/allmols/H/noopt/cam/84-4-12.log,84-4-12,---,[],"td CAM-B3LYP/6-31g(d,p) geom=connectivity",-6.57454245405,-1.56737571025,78,5.2504,-986.491846,2.2278,0.416666666667
/home/ccollins/allmols/H/noopt/cam/1212-8-13.log,1212-8-13,---,[],"td CAM-B3LYP/6-31g(d,p) geom=connectivity",-6.28773446818,-1.27811869983,72,0.7251,-962.2845584,2.2977,0.433333333333
/home/ccollins/allmols/H/noopt/cam/1288-.log,1288-,---,[],"td CAM-B3LYP/6-31g(d,p) geom=connectivity",-7.88558692835,-2.44140535978,58,3.5839,-819.7351381,2.0954,0.183333333333
/home/ccollins/allmols/H/noopt/cam/125138-.log,125138-,---,[],"td CAM-B3LYP/6-31g(d,p) geom=connectivity",-6.19848112913,-1.30070414844,76,4.3538,-1285.2619209,2.2743,0.366666666667
/home/ccollins/allmols/H/noopt/cam/858-8-.log,858-8-,---,[],"td CAM-B3LYP/6-31g(d,p) geom=connectivity",-8.19824572889,-3.03842312164,82,1.4450,-1437.7032111,2.0802,0.4
/home/ccollins/allmols/H/noopt/cam/13125.log,13125,---,[],"td CAM-B3LYP/6-31g(d,p) geom=connectivity",-5.76119419052,-0.216330501675,56,0.8640,-990.2978859,3.3795,0.233333333333
/home/ccollins/allmols/H/noopt/cam/588-4.log,588-4,---,[],"td CAM-B3LYP/6-31g(d,p) geom=connectivity",-7.54843788235,-2.31351185565,82,0.6799,-1373.6134818,2.1006,0.416666666667
/home/ccollins/allmols/H/noopt/cam/1358.log,1358,---,[],"td CAM-B3LYP/6-31g(d,p) geom=connectivity",-6.67250343594,-1.30124837611,59,3.0189,-1056.5919919,2.2681,0.25
/home/ccollins/allmols/H/noopt/cam/1312-55.log,1312-55,---,[],"td CAM-B3LYP/6-31g(d,p) geom=connectivity",-5.54894539642,-0.670216384435,77,1.5639,-1541.9446412,2.8719,0.416666666667
/home/ccollins/allmols/H/noopt/cam/135-8-.log,135-8-,---,[],"td CAM-B3LYP/6-31g(d,p) geom=connectivity",-6.69073506313,-1.28056772438,59,4.2262,-1056.5925006,2.2642,0.283333333333
