/home/ccollins/allmols/H/noopt/m06hf/84412.log,84412,---,[],"td M06HF/6-31g(d,p) geom=connectivity",-7.94436351749,-0.888723796818,78,4.6904,-986.7342776,1.9069,1.21666666667
/home/ccollins/allmols/H/noopt/m06hf/135.log,135,---,[],"td M06HF/6-31g(d,p) geom=connectivity",-7.71279464085,1.39186228436,39,1.1268,-761.7067842,4.5076,0.183333333333
/home/ccollins/allmols/H/noopt/m06hf/813-8-5-.log,813-8-5-,---,[],"td M06HF/6-31g(d,p) geom=connectivity",-8.58791274574,-1.22968243657,79,4.1228,-1351.7643092,1.9497,1.01666666667
/home/ccollins/allmols/H/noopt/m06hf/1312-12.log,1312-12,---,[],"td M06HF/6-31g(d,p) geom=connectivity",-7.14489305972,0.878383470952,52,1.4941,-667.4496122,3.7834,0.366666666667
/home/ccollins/allmols/H/noopt/m06hf/1312-4-.log,1312-4-,---,[],"td M06HF/6-31g(d,p) geom=connectivity",-7.27115388083,0.727360290537,55,2.4093,-669.6817337,3.7957,0.466666666667
/home/ccollins/allmols/H/noopt/m06hf/58-4-5.log,58-4-5,---,[],"td M06HF/6-31g(d,p) geom=connectivity",-8.06545417566,-0.885458430755,83,1.6395,-1630.4763986,1.9298,0.933333333333
/home/ccollins/allmols/H/noopt/m06hf/413-55.log,413-55,---,[],"td M06HF/6-31g(d,p) geom=connectivity",-7.03196581671,0.13850594384,80,1.7380,-1544.3246798,3.2968,0.8
/home/ccollins/allmols/H/noopt/m06hf/1213-13-8-.log,1213-13-8-,---,[],"td M06HF/6-31g(d,p) geom=connectivity",-7.37891096091,-0.248167820789,72,2.6232,-942.6263182,1.9101,0.883333333333
/home/ccollins/allmols/H/noopt/m06hf/413512-.log,413512-,---,[],"td M06HF/6-31g(d,p) geom=connectivity",-6.99822370073,0.179867247305,76,1.0793,-1221.3546798,3.3124,0.7
/home/ccollins/allmols/H/noopt/m06hf/48-5.log,48-5,---,[],"td M06HF/6-31g(d,p) geom=connectivity",-8.69784673653,-0.695250857584,62,1.3585,-1078.8004592,1.9256,0.516666666667
/home/ccollins/allmols/H/noopt/m06hf/45124-.log,45124-,---,[],"td M06HF/6-31g(d,p) geom=connectivity",-7.184893794,-0.105308055532,79,1.1566,-1243.4285091,3.2176,1.21666666667
/home/ccollins/allmols/H/noopt/m06hf/4812.log,4812,---,[],"td M06HF/6-31g(d,p) geom=connectivity",-8.64097494426,-0.684094190202,58,1.6917,-755.8172212,1.8912,0.5
/home/ccollins/allmols/H/noopt/m06hf/12858-.log,12858-,---,[],"td M06HF/6-31g(d,p) geom=connectivity",-8.63934226123,-1.54451814781,79,2.5150,-1371.575123,1.8879,0.916666666667
/home/ccollins/allmols/H/noopt/m06hf/488-12-.log,488-12-,---,[],"td M06HF/6-31g(d,p) geom=connectivity",-8.95445008631,-1.67241165194,78,2.3358,-1050.817469,1.7554,0.933333333333
/home/ccollins/allmols/H/noopt/m06hf/1213-13-4.log,1213-13-4,---,[],"td M06HF/6-31g(d,p) geom=connectivity",-6.86924174124,0.670760612112,72,2.3674,-878.5409971,3.6004,0.883333333333
/home/ccollins/allmols/H/noopt/m06hf/128.log,128,---,[],"td M06HF/6-31g(d,p) geom=connectivity",-9.35336897368,-0.275379204648,38,2.2361,-524.8691616,1.8970,0.183333333333
/home/ccollins/allmols/H/noopt/m06hf/55-5-.log,55-5-,---,[],"td M06HF/6-31g(d,p) geom=connectivity",-7.41972803669,0.111838787658,64,0.4200,-1656.198932,3.4531,0.416666666667
/home/ccollins/allmols/H/noopt/m06hf/1212-58-.log,1212-58-,---,[],"td M06HF/6-31g(d,p) geom=connectivity",-7.61483365896,-0.825049158589,76,3.1811,-1305.2759336,1.8985,0.616666666667
/home/ccollins/allmols/H/noopt/m06hf/128-4-4.log,128-4-4,---,[],"td M06HF/6-31g(d,p) geom=connectivity",-8.15497962855,-0.891444935204,78,0.8476,-986.7339542,1.9283,1.05
/home/ccollins/allmols/H/noopt/m06hf/558.log,558,---,[],"td M06HF/6-31g(d,p) geom=connectivity",-8.28885963713,-0.709945004868,63,3.0427,-1399.5305991,1.8988,0.35
/home/ccollins/allmols/H/noopt/m06hf/85-4-.log,85-4-,---,[],"td M06HF/6-31g(d,p) geom=connectivity",-8.56886477704,-0.824504930912,62,3.6681,-1078.7930673,1.9440,0.583333333333
/home/ccollins/allmols/H/noopt/m06hf/1348-.log,1348-,---,[],"td M06HF/6-31g(d,p) geom=connectivity",-8.13565954601,-0.43075620648,58,2.7182,-735.9681556,1.8601,0.483333333333
/home/ccollins/allmols/H/noopt/m06hf/55-8.log,55-8,---,[],"td M06HF/6-31g(d,p) geom=connectivity",-8.30137687371,-0.703686386581,63,2.6123,-1399.5342819,1.8988,0.35
/home/ccollins/allmols/H/noopt/m06hf/124-12.log,124-12,---,[],"td M06HF/6-31g(d,p) geom=connectivity",-7.50381121282,0.366537340574,55,1.0510,-689.5094784,3.8437,0.4
/home/ccollins/allmols/H/noopt/m06hf/1312-8.log,1312-8,---,[],"td M06HF/6-31g(d,p) geom=connectivity",-7.98735750398,-0.325176037109,55,4.1704,-733.7492886,1.9029,0.333333333333
/home/ccollins/allmols/H/noopt/m06hf/85-134-.log,85-134-,---,[],"td M06HF/6-31g(d,p) geom=connectivity",-7.72857724349,-0.737428502565,79,4.7464,-1287.6705205,1.9464,0.95
/home/ccollins/allmols/H/noopt/m06hf/413-13-8.log,413-13-8,---,[],"td M06HF/6-31g(d,p) geom=connectivity",-7.47959308118,-0.254970666754,75,2.4451,-944.8521703,3.4527,0.766666666667
/home/ccollins/allmols/H/noopt/m06hf/45-48-.log,45-48-,---,[],"td M06HF/6-31g(d,p) geom=connectivity",-7.88123310693,-0.848723062546,82,2.6856,-1309.7114628,1.8589,1.36666666667
/home/ccollins/allmols/H/noopt/m06hf/81212.log,81212,---,[],"td M06HF/6-31g(d,p) geom=connectivity",-8.26055979792,-0.624773373391,55,4.6218,-753.5855578,1.9059,0.366666666667
/home/ccollins/allmols/H/noopt/m06hf/1312-134-.log,1312-134-,---,[],"td M06HF/6-31g(d,p) geom=connectivity",-6.84393515425,0.653617440281,72,3.0215,-878.55078,3.5181,0.683333333333
/home/ccollins/allmols/H/noopt/m06hf/45-13-.log,45-13-,---,[],"td M06HF/6-31g(d,p) geom=connectivity",-7.3302025838,0.407354416362,59,0.8197,-992.6398242,3.6400,0.666666666667
/home/ccollins/allmols/H/noopt/m06hf/513-12.log,513-12,---,[],"td M06HF/6-31g(d,p) geom=connectivity",-7.22543875595,0.827226069298,56,2.1422,-990.4197747,3.8659,0.466666666667
/home/ccollins/allmols/H/noopt/m06hf/45.log,45,---,[],"td M06HF/6-31g(d,p) geom=connectivity",-8.26355305015,0.806817531404,42,0.5050,-783.7718059,4.4689,0.2
/home/ccollins/allmols/H/noopt/m06hf/54-4-12.log,54-4-12,---,[],"td M06HF/6-31g(d,p) geom=connectivity",-7.32149494097,-0.11156667382,79,0.9184,-1243.3890582,3.4388,0.85
/home/ccollins/allmols/H/noopt/m06hf/134-13-5.log,134-13-5,---,[],"td M06HF/6-31g(d,p) geom=connectivity",-6.95631816958,0.447083036795,76,0.5600,-1201.5088061,3.5130,0.783333333333
/home/ccollins/allmols/H/noopt/m06hf/512-.log,512-,---,[],"td M06HF/6-31g(d,p) geom=connectivity",-7.95960189245,1.01362404873,39,0.2339,-781.546959,4.3973,0.15
/home/ccollins/allmols/H/noopt/m06hf/1312-.log,1312-,---,[],"td M06HF/6-31g(d,p) geom=connectivity",-7.6757871588,1.77989661818,35,2.1479,-438.7349632,4.7444,0.166666666667
/home/ccollins/allmols/H/noopt/m06hf/4138-.log,4138-,---,[],"td M06HF/6-31g(d,p) geom=connectivity",-8.24640987832,-0.260140829687,58,2.3271,-735.9821877,1.9078,0.483333333333
/home/ccollins/allmols/H/noopt/m06hf/58-54-.log,58-54-,---,[],"td M06HF/6-31g(d,p) geom=connectivity",-8.04259661322,-0.933078352508,83,1.5328,-1630.4816183,1.9628,0.866666666667
/home/ccollins/allmols/H/noopt/m06hf/1213-48-.log,1213-48-,---,[],"td M06HF/6-31g(d,p) geom=connectivity",-7.54190715022,-0.602732152466,75,2.7714,-964.680653,1.8601,0.983333333333
/home/ccollins/allmols/H/noopt/m06hf/41213-5.log,41213-5,---,[],"td M06HF/6-31g(d,p) geom=connectivity",-7.00965248195,0.380143032503,76,2.2913,-1221.3662361,3.4323,0.8
/home/ccollins/allmols/H/noopt/m06hf/545-.log,545-,---,[],"td M06HF/6-31g(d,p) geom=connectivity",-7.5946972349,0.175513425887,63,0.0377,-1335.4419694,3.7096,0.483333333333
/home/ccollins/allmols/H/noopt/m06hf/858.log,858,---,[],"td M06HF/6-31g(d,p) geom=connectivity",-9.54276020533,-1.56166131964,62,1.7033,-1142.8679495,1.8855,0.566666666667
/home/ccollins/allmols/H/noopt/m06hf/1212-4-13.log,1212-4-13,---,[],"td M06HF/6-31g(d,p) geom=connectivity",-7.0191764663,0.220684323092,72,1.3447,-898.381076,3.3749,0.683333333333
/home/ccollins/allmols/H/noopt/m06hf/128-4.log,128-4,---,[],"td M06HF/6-31g(d,p) geom=connectivity",-8.60832128363,-0.685998987073,58,0.8821,-755.8222068,1.9282,0.5
/home/ccollins/allmols/H/noopt/m06hf/8128-12.log,8128-12,---,[],"td M06HF/6-31g(d,p) geom=connectivity",-8.66682575893,-1.49200017696,75,4.5850,-1048.5962998,1.8936,1.08333333333
/home/ccollins/allmols/H/noopt/m06hf/412.log,412,---,[],"td M06HF/6-31g(d,p) geom=connectivity",-8.15851710845,1.03403258662,38,0.8804,-460.8035638,4.6316,0.3
/home/ccollins/allmols/H/noopt/m06hf/131313-8.log,131313-8,---,[],"td M06HF/6-31g(d,p) geom=connectivity",-7.24040501707,-0.118369519784,72,2.8553,-922.7875965,3.4932,0.616666666667
/home/ccollins/allmols/H/noopt/m06hf/138.log,138,---,[],"td M06HF/6-31g(d,p) geom=connectivity",-9.05513220659,-0.078640899351,38,1.9800,-505.0452256,1.9059,0.183333333333
/home/ccollins/allmols/H/noopt/m06hf/5512-.log,5512-,---,[],"td M06HF/6-31g(d,p) geom=connectivity",-7.38299266849,0.186942207108,60,0.2072,-1333.2261958,3.5180,0.383333333333
/home/ccollins/allmols/H/noopt/m06hf/448.log,448,---,[],"td M06HF/6-31g(d,p) geom=connectivity",-8.62954616304,-0.644909797446,61,1.9905,-758.0162895,1.8577,1.15
/home/ccollins/allmols/H/noopt/m06hf/1313-84.log,1313-84,---,[],"td M06HF/6-31g(d,p) geom=connectivity",-7.57401658317,-0.504226942898,75,1.5758,-944.872197,1.9380,1.0
/home/ccollins/allmols/H/noopt/m06hf/8813-5-.log,8813-5-,---,[],"td M06HF/6-31g(d,p) geom=connectivity",-8.36613996729,-1.52655863446,79,6.5565,-1351.7360232,1.7846,0.816666666667
/home/ccollins/allmols/H/noopt/m06hf/455-.log,455-,---,[],"td M06HF/6-31g(d,p) geom=connectivity",-7.55578495599,0.124356024233,63,0.2567,-1335.4547074,3.5559,0.516666666667
/home/ccollins/allmols/H/noopt/m06hf/812-12-8.log,812-12-8,---,[],"td M06HF/6-31g(d,p) geom=connectivity",-8.43362419926,-1.28519365964,75,4.3295,-1048.5931499,1.8872,1.05
/home/ccollins/allmols/H/noopt/m06hf/444.log,444,---,[],"td M06HF/6-31g(d,p) geom=connectivity",-7.86871587036,0.176329767403,61,0.1100,-693.9212084,3.9469,0.766666666667
/home/ccollins/allmols/H/noopt/m06hf/1213.log,1213,---,[],"td M06HF/6-31g(d,p) geom=connectivity",-7.6447661812,1.7687399508,35,1.1066,-438.7373806,4.7213,0.166666666667
/home/ccollins/allmols/H/noopt/m06hf/512-13-.log,512-13-,---,[],"td M06HF/6-31g(d,p) geom=connectivity",-7.16666216681,0.669944270596,56,1.1645,-990.4266956,3.6760,0.483333333333
/home/ccollins/allmols/H/noopt/m06hf/134-8-13-.log,134-8-13-,---,[],"td M06HF/6-31g(d,p) geom=connectivity",-7.69374667215,-0.481641494295,75,0.1708,-944.8581915,1.9426,1.0
/home/ccollins/allmols/H/noopt/m06hf/51213-.log,51213-,---,[],"td M06HF/6-31g(d,p) geom=connectivity",-7.14706997043,0.731986225793,56,2.2914,-990.4248686,3.7000,0.516666666667
/home/ccollins/allmols/H/noopt/m06hf/1213-13-5.log,1213-13-5,---,[],"td M06HF/6-31g(d,p) geom=connectivity",-6.82352661636,0.681917279494,73,2.8151,-1199.2878501,3.5524,0.7
/home/ccollins/allmols/H/noopt/m06hf/138-.log,138-,---,[],"td M06HF/6-31g(d,p) geom=connectivity",-9.05513220659,-0.0783687855125,38,1.9802,-505.0452249,1.9059,0.183333333333
/home/ccollins/allmols/H/noopt/m06hf/1212-124-.log,1212-124-,---,[],"td M06HF/6-31g(d,p) geom=connectivity",-7.06978964027,0.111022446143,72,0.8646,-918.2329793,3.2724,0.716666666667
/home/ccollins/allmols/H/noopt/m06hf/13134.log,13134,---,[],"td M06HF/6-31g(d,p) geom=connectivity",-7.11359996829,1.04437291249,55,2.1977,-649.8277858,4.0170,0.45
/home/ccollins/allmols/H/noopt/m06hf/41248-.log,41248-,---,[],"td M06HF/6-31g(d,p) geom=connectivity",-7.80095952455,-0.770354277034,78,2.8395,-986.7566306,1.8589,1.1
/home/ccollins/allmols/H/noopt/m06hf/1384.log,1384,---,[],"td M06HF/6-31g(d,p) geom=connectivity",-8.40069842479,-0.456879134984,58,1.3042,-735.9974683,1.9341,0.55
/home/ccollins/allmols/H/noopt/m06hf/88-5-.log,88-5-,---,[],"td M06HF/6-31g(d,p) geom=connectivity",-9.59854354224,-1.68275197781,62,4.5606,-1142.8579753,1.7787,0.45
/home/ccollins/allmols/H/noopt/m06hf/4813-12-.log,4813-12-,---,[],"td M06HF/6-31g(d,p) geom=connectivity",-7.78136732817,-0.570894833351,75,2.8136,-964.7062408,1.9386,0.95
/home/ccollins/allmols/H/noopt/m06hf/581313-.log,581313-,---,[],"td M06HF/6-31g(d,p) geom=connectivity",-7.5946972349,-0.460688728724,76,2.2458,-1265.6147919,1.9821,0.783333333333
/home/ccollins/allmols/H/noopt/m06hf/854-8-.log,854-8-,---,[],"td M06HF/6-31g(d,p) geom=connectivity",-8.68805063834,-1.47186375291,82,2.0941,-1373.7994976,1.8538,1.18333333333
/home/ccollins/allmols/H/noopt/m06hf/4135-.log,4135-,---,[],"td M06HF/6-31g(d,p) geom=connectivity",-7.35169957705,0.709128663352,59,1.2966,-992.6459173,3.8745,0.6
/home/ccollins/allmols/H/noopt/m06hf/124-13.log,124-13,---,[],"td M06HF/6-31g(d,p) geom=connectivity",-7.34816209715,0.616337844395,55,1.0442,-669.6661631,3.8965,0.45
/home/ccollins/allmols/H/noopt/m06hf/131285-.log,131285-,---,[],"td M06HF/6-31g(d,p) geom=connectivity",-7.60884715451,-0.718380533864,76,1.3508,-1285.4495608,1.9706,0.716666666667
/home/ccollins/allmols/H/noopt/m06hf/85513.log,85513,---,[],"td M06HF/6-31g(d,p) geom=connectivity",-7.58163577065,-0.903962171779,80,3.9604,-1608.4108236,1.9490,0.866666666667
/home/ccollins/allmols/H/noopt/m06hf/48-1212.log,48-1212,---,[],"td M06HF/6-31g(d,p) geom=connectivity",-7.89429457119,-0.820423223334,75,3.0737,-984.5264644,1.8855,0.733333333333
/home/ccollins/allmols/H/noopt/m06hf/135-12-.log,135-12-,---,[],"td M06HF/6-31g(d,p) geom=connectivity",-7.20639078724,0.576064996284,56,2.3017,-990.4181449,3.6666,0.416666666667
/home/ccollins/allmols/H/noopt/m06hf/1258-5-.log,1258-5-,---,[],"td M06HF/6-31g(d,p) geom=connectivity",-7.82490554235,-0.857158591542,80,0.8607,-1628.2568899,1.9640,0.75
/home/ccollins/allmols/H/noopt/m06hf/134-5-.log,134-5-,---,[],"td M06HF/6-31g(d,p) geom=connectivity",-7.39142819748,0.475927103685,59,1.7982,-992.6349157,3.8098,0.566666666667
/home/ccollins/allmols/H/noopt/m06hf/12131313-.log,12131313-,---,[],"td M06HF/6-31g(d,p) geom=connectivity",-6.65182278421,1.06260453967,69,0.8657,-856.4803768,3.7092,0.666666666667
/home/ccollins/allmols/H/noopt/m06hf/8512.log,8512,---,[],"td M06HF/6-31g(d,p) geom=connectivity",-8.32722768838,-0.761102406522,59,4.5278,-1076.5698062,1.9420,0.4
/home/ccollins/allmols/H/noopt/m06hf/4558.log,4558,---,[],"td M06HF/6-31g(d,p) geom=connectivity",-7.80123163839,-0.91920054674,83,3.2765,-1630.4659813,1.8996,1.33333333333
/home/ccollins/allmols/H/noopt/m06hf/125-135-.log,125-135-,---,[],"td M06HF/6-31g(d,p) geom=connectivity",-6.97890361819,0.231024648959,77,1.2328,-1542.1034654,3.3173,0.666666666667
/home/ccollins/allmols/H/noopt/m06hf/48-12.log,48-12,---,[],"td M06HF/6-31g(d,p) geom=connectivity",-8.64097494426,-0.684094190202,58,1.6917,-755.8172211,1.8912,0.5
/home/ccollins/allmols/H/noopt/m06hf/54-44.log,54-44,---,[],"td M06HF/6-31g(d,p) geom=connectivity",-7.43088470408,-0.161091392442,82,0.5248,-1245.593993,3.4634,1.2
/home/ccollins/allmols/H/noopt/m06hf/4555-.log,4555-,---,[],"td M06HF/6-31g(d,p) geom=connectivity",-7.16149200388,-0.268032131006,84,0.5024,-1887.134325,3.0862,0.783333333333
/home/ccollins/allmols/H/noopt/m06hf/124.log,124,---,[],"td M06HF/6-31g(d,p) geom=connectivity",-8.15334694552,1.01280770721,38,0.9009,-460.803744,4.6021,0.316666666667
/home/ccollins/allmols/H/noopt/m06hf/124-.log,124-,---,[],"td M06HF/6-31g(d,p) geom=connectivity",-8.14926523794,1.02097112237,38,0.8220,-460.8033328,4.6104,0.3
/home/ccollins/allmols/H/noopt/m06hf/1313-813.log,1313-813,---,[],"td M06HF/6-31g(d,p) geom=connectivity",-7.40857136931,-0.190751800848,72,1.4444,-922.8081506,1.9933,0.75
/home/ccollins/allmols/H/noopt/m06hf/513-512-.log,513-512-,---,[],"td M06HF/6-31g(d,p) geom=connectivity",-6.97890361819,0.231296762797,77,1.2325,-1542.1034787,3.3174,0.666666666667
/home/ccollins/allmols/H/noopt/m06hf/8448-.log,8448-,---,[],"td M06HF/6-31g(d,p) geom=connectivity",-8.82111430541,-1.41444773296,81,1.3533,-1053.0333673,1.8537,1.68333333333
/home/ccollins/allmols/H/noopt/m06hf/138-4.log,138-4,---,[],"td M06HF/6-31g(d,p) geom=connectivity",-8.40042631095,-0.456879134984,58,1.3044,-735.9974682,1.9342,0.55
/home/ccollins/allmols/H/noopt/m06hf/1345-.log,1345-,---,[],"td M06HF/6-31g(d,p) geom=connectivity",-7.38707437606,0.481369380457,59,1.7841,-992.6318688,3.8087,0.566666666667
/home/ccollins/allmols/H/noopt/m06hf/512-12-13-.log,512-12-13-,---,[],"td M06HF/6-31g(d,p) geom=connectivity",-6.86379946447,0.267487903329,73,0.8155,-1219.1382662,3.2193,0.666666666667
/home/ccollins/allmols/H/noopt/m06hf/1248-.log,1248-,---,[],"td M06HF/6-31g(d,p) geom=connectivity",-8.34328240485,-0.60382060782,58,2.7932,-755.8104286,1.8585,0.733333333333
/home/ccollins/allmols/H/noopt/m06hf/13121313-.log,13121313-,---,[],"td M06HF/6-31g(d,p) geom=connectivity",-6.67141498059,0.908315993196,69,1.6481,-856.4899711,3.5369,0.666666666667
/home/ccollins/allmols/H/noopt/m06hf/45-8.log,45-8,---,[],"td M06HF/6-31g(d,p) geom=connectivity",-8.48178834869,-0.714026712447,62,2.3869,-1078.7839667,1.8978,0.416666666667
/home/ccollins/allmols/H/noopt/m06hf/848-5-.log,848-5-,---,[],"td M06HF/6-31g(d,p) geom=connectivity",-8.87091113787,-1.49009538009,82,4.3529,-1373.8160757,1.8993,1.35
/home/ccollins/allmols/H/noopt/m06hf/448-8-.log,448-8-,---,[],"td M06HF/6-31g(d,p) geom=connectivity",-8.73403787706,-1.69336441751,81,3.2957,-1053.0143454,1.7398,1.13333333333
/home/ccollins/allmols/H/noopt/m06hf/1312-5.log,1312-5,---,[],"td M06HF/6-31g(d,p) geom=connectivity",-7.16992753287,0.738789071758,56,1.7382,-990.4249817,3.7053,0.566666666667
/home/ccollins/allmols/H/noopt/m06hf/1381313-.log,1381313-,---,[],"td M06HF/6-31g(d,p) geom=connectivity",-7.4804094227,-0.20190846823,72,2.8025,-922.8081748,1.9887,0.75
/home/ccollins/allmols/H/noopt/m06hf/125-12.log,125-12,---,[],"td M06HF/6-31g(d,p) geom=connectivity",-7.37156388727,0.29796465325,56,0.8009,-1010.2569512,3.5992,0.366666666667
/home/ccollins/allmols/H/noopt/m06hf/813-8-.log,813-8-,---,[],"td M06HF/6-31g(d,p) geom=connectivity",-9.26874156988,-1.12600706406,58,1.0803,-800.0670066,1.8953,0.766666666667
/home/ccollins/allmols/H/noopt/m06hf/512-8-5.log,512-8-5,---,[],"td M06HF/6-31g(d,p) geom=connectivity",-7.80041529688,-0.807361759081,80,1.0000,-1628.2572057,1.9684,0.716666666667
/home/ccollins/allmols/H/noopt/m06hf/51312.log,51312,---,[],"td M06HF/6-31g(d,p) geom=connectivity",-7.14734208427,0.844913468806,56,0.5337,-990.4205095,3.8714,0.45
/home/ccollins/allmols/H/noopt/m06hf/5813-4-.log,5813-4-,---,[],"td M06HF/6-31g(d,p) geom=connectivity",-7.85946399985,-0.616065730556,79,2.1285,-1287.6763297,1.9820,0.916666666667
/home/ccollins/allmols/H/noopt/m06hf/441212-.log,441212-,---,[],"td M06HF/6-31g(d,p) geom=connectivity",-7.21537054392,-0.0174152856694,75,0.3576,-920.4299386,3.3751,0.85
/home/ccollins/allmols/H/noopt/m06hf/848-.log,848-,---,[],"td M06HF/6-31g(d,p) geom=connectivity",-9.70929387455,-1.47594546048,61,1.1820,-822.1185862,1.8496,0.783333333333
/home/ccollins/allmols/H/noopt/m06hf/55-4-.log,55-4-,---,[],"td M06HF/6-31g(d,p) geom=connectivity",-7.55224747609,0.112110901497,63,0.2799,-1335.4528787,3.5439,0.55
/home/ccollins/allmols/H/noopt/m06hf/128-84-.log,128-84-,---,[],"td M06HF/6-31g(d,p) geom=connectivity",-8.90791861992,-1.66343189527,78,0.5880,-1050.822458,1.7881,0.9
/home/ccollins/allmols/H/noopt/m06hf/5135-4-.log,5135-4-,---,[],"td M06HF/6-31g(d,p) geom=connectivity",-7.01318996185,0.151295294253,80,1.4974,-1544.3250682,3.3093,0.883333333333
/home/ccollins/allmols/H/noopt/m06hf/1284.log,1284,---,[],"td M06HF/6-31g(d,p) geom=connectivity",-8.60832128363,-0.685998987073,58,0.8822,-755.8222068,1.9283,0.5
/home/ccollins/allmols/H/noopt/m06hf/13131312.log,13131312,---,[],"td M06HF/6-31g(d,p) geom=connectivity",-6.63712863692,1.00682120276,69,3.1084,-856.4731583,3.6781,0.666666666667
/home/ccollins/allmols/H/noopt/m06hf/4413-.log,4413-,---,[],"td M06HF/6-31g(d,p) geom=connectivity",-7.50272275746,0.487083771067,58,1.4947,-671.8722625,3.9310,0.633333333333
/home/ccollins/allmols/H/noopt/m06hf/51254.log,51254,---,[],"td M06HF/6-31g(d,p) geom=connectivity",-7.08149053533,-0.094423501989,80,1.3096,-1564.16993,3.1621,0.883333333333
/home/ccollins/allmols/H/noopt/m06hf/135-8-4-.log,135-8-4-,---,[],"td M06HF/6-31g(d,p) geom=connectivity",-7.74925789522,-0.757837040459,79,2.3142,-1287.6761113,1.9276,0.983333333333
/home/ccollins/allmols/H/noopt/m06hf/13138-12-.log,13138-12-,---,[],"td M06HF/6-31g(d,p) geom=connectivity",-7.47986519502,-0.500145235319,72,3.3095,-942.6274392,1.9363,0.816666666667
/home/ccollins/allmols/H/noopt/m06hf/81313-5.log,81313-5,---,[],"td M06HF/6-31g(d,p) geom=connectivity",-7.52612454758,-0.267487903329,76,4.1871,-1265.6124046,1.9607,0.833333333333
/home/ccollins/allmols/H/noopt/m06hf/458-.log,458-,---,[],"td M06HF/6-31g(d,p) geom=connectivity",-8.47743452727,-0.708312321837,62,2.4226,-1078.7859238,1.8975,0.416666666667
/home/ccollins/allmols/H/noopt/m06hf/813.log,813,---,[],"td M06HF/6-31g(d,p) geom=connectivity",-9.16180083132,-0.0457151248823,38,2.8143,-505.0533027,1.9585,0.166666666667
/home/ccollins/allmols/H/noopt/m06hf/84-12.log,84-12,---,[],"td M06HF/6-31g(d,p) geom=connectivity",-8.44750200503,-0.722190127604,58,3.9970,-755.8229134,1.9070,0.5
/home/ccollins/allmols/H/noopt/m06hf/5138-5.log,5138-5,---,[],"td M06HF/6-31g(d,p) geom=connectivity",-7.66463049142,-0.603004266304,80,0.8491,-1608.4240289,1.9736,0.716666666667
/home/ccollins/allmols/H/noopt/m06hf/548.log,548,---,[],"td M06HF/6-31g(d,p) geom=connectivity",-8.42600501178,-0.638923292997,62,2.4750,-1078.7771014,1.8586,0.466666666667
/home/ccollins/allmols/H/noopt/m06hf/813-5.log,813-5,---,[],"td M06HF/6-31g(d,p) geom=connectivity",-8.20151109495,-0.333883679944,59,3.6025,-1056.7378528,1.9599,0.35
/home/ccollins/allmols/H/noopt/m06hf/13412-8-.log,13412-8-,---,[],"td M06HF/6-31g(d,p) geom=connectivity",-7.62843935089,-0.601643697111,75,4.2552,-964.6803407,1.9039,0.933333333333
/home/ccollins/allmols/H/noopt/m06hf/13134-.log,13134-,---,[],"td M06HF/6-31g(d,p) geom=connectivity",-7.11604899283,1.03430470046,55,2.2510,-649.8290993,4.0130,0.416666666667
/home/ccollins/allmols/H/noopt/m06hf/55-13.log,55-13,---,[],"td M06HF/6-31g(d,p) geom=connectivity",-7.26026932728,0.438103280122,60,1.4545,-1313.3910105,3.5670,0.566666666667
/home/ccollins/allmols/H/noopt/m06hf/88-5-12-.log,88-5-12-,---,[],"td M06HF/6-31g(d,p) geom=connectivity",-8.50274111426,-1.73690263169,79,7.0317,-1371.5691013,1.7798,0.766666666667
/home/ccollins/allmols/H/noopt/m06hf/1312-8-4.log,1312-8-4,---,[],"td M06HF/6-31g(d,p) geom=connectivity",-7.67279390658,-0.678379799592,75,2.5902,-964.7020466,1.9314,0.916666666667
/home/ccollins/allmols/H/noopt/m06hf/1244-4-.log,1244-4-,---,[],"td M06HF/6-31g(d,p) geom=connectivity",-7.40068006799,-0.118913747462,78,0.8668,-922.6264604,3.4989,1.06666666667
/home/ccollins/allmols/H/noopt/m06hf/848-8-.log,848-8-,---,[],"td M06HF/6-31g(d,p) geom=connectivity",-9.71419192364,-2.21718355679,81,0.5842,-1117.1152088,1.7368,1.36666666667
/home/ccollins/allmols/H/noopt/m06hf/84-512-.log,84-512-,---,[],"td M06HF/6-31g(d,p) geom=connectivity",-7.80612968749,-0.940969653827,79,4.3398,-1307.4994521,1.9092,1.1
/home/ccollins/allmols/H/noopt/m06hf/41212.log,41212,---,[],"td M06HF/6-31g(d,p) geom=connectivity",-7.41673478447,0.480553038941,55,1.4352,-689.5138342,3.7472,0.4
/home/ccollins/allmols/H/noopt/m06hf/444-.log,444-,---,[],"td M06HF/6-31g(d,p) geom=connectivity",-7.87007643955,0.175513425887,61,0.0691,-693.9207174,3.9450,0.666666666667
/home/ccollins/allmols/H/noopt/m06hf/44-13.log,44-13,---,[],"td M06HF/6-31g(d,p) geom=connectivity",-7.50462755433,0.484906860358,58,1.4242,-671.8717792,3.9282,0.633333333333
/home/ccollins/allmols/H/noopt/m06hf/1388-.log,1388-,---,[],"td M06HF/6-31g(d,p) geom=connectivity",-9.14220863494,-1.46179554088,58,2.9040,-800.043799,1.7700,0.483333333333
/home/ccollins/allmols/H/noopt/m06hf/58-48.log,58-48,---,[],"td M06HF/6-31g(d,p) geom=connectivity",-8.77975300194,-1.46669358997,82,1.7407,-1373.806943,1.9181,0.95
/home/ccollins/allmols/H/noopt/m06hf/124-5-12-.log,124-5-12-,---,[],"td M06HF/6-31g(d,p) geom=connectivity",-7.15713818246,-0.0911581359259,76,0.3470,-1241.1873947,3.2992,0.65
/home/ccollins/allmols/H/noopt/m06hf/5413.log,5413,---,[],"td M06HF/6-31g(d,p) geom=connectivity",-7.39741470193,0.467763688527,59,0.9458,-992.6327769,3.8075,0.533333333333
/home/ccollins/allmols/H/noopt/m06hf/54-55-.log,54-55-,---,[],"td M06HF/6-31g(d,p) geom=connectivity",-7.22380607291,-0.199187329844,84,0.3382,-1887.1263534,3.2206,0.75
/home/ccollins/allmols/H/noopt/m06hf/41313.log,41313,---,[],"td M06HF/6-31g(d,p) geom=connectivity",-7.12176338344,1.04355657097,55,2.1998,-649.8286416,4.0280,0.416666666667
/home/ccollins/allmols/H/noopt/m06hf/54-13-8-.log,54-13-8-,---,[],"td M06HF/6-31g(d,p) geom=connectivity",-7.71687634843,-0.468307916205,79,3.0426,-1287.6555516,1.9090,1.31666666667
/home/ccollins/allmols/H/noopt/m06hf/413.log,413,---,[],"td M06HF/6-31g(d,p) geom=connectivity",-7.92912514253,1.41553618832,38,1.3647,-440.9610318,4.7560,0.216666666667
/home/ccollins/allmols/H/noopt/m06hf/134-.log,134-,---,[],"td M06HF/6-31g(d,p) geom=connectivity",-7.91851270282,1.40601220397,38,1.4331,-440.9614996,4.7325,0.216666666667
/home/ccollins/allmols/H/noopt/m06hf/512-5.log,512-5,---,[],"td M06HF/6-31g(d,p) geom=connectivity",-7.35795819534,0.382864170889,60,0.3302,-1333.2369768,3.5776,0.6
/home/ccollins/allmols/H/noopt/m06hf/84.log,84,---,[],"td M06HF/6-31g(d,p) geom=connectivity",-9.80779908412,-0.434293686382,41,2.1892,-527.1161389,1.9060,0.266666666667
/home/ccollins/allmols/H/noopt/m06hf/588-13.log,588-13,---,[],"td M06HF/6-31g(d,p) geom=connectivity",-8.67662185712,-1.46533302078,79,1.5190,-1351.7420851,1.7971,1.08333333333
/home/ccollins/allmols/H/noopt/m06hf/555-.log,555-,---,[],"td M06HF/6-31g(d,p) geom=connectivity",-7.41972803669,0.111838787658,64,0.4198,-1656.1989324,3.4531,0.4
/home/ccollins/allmols/H/noopt/m06hf/4138-8-.log,4138-8-,---,[],"td M06HF/6-31g(d,p) geom=connectivity",-8.38763696054,-1.5303682282,78,3.8459,-1030.9813814,1.7726,1.06666666667
/home/ccollins/allmols/H/noopt/m06hf/1313-5.log,1313-5,---,[],"td M06HF/6-31g(d,p) geom=connectivity",-7.07958573846,1.09634665566,56,0.5575,-970.582608,3.9531,0.516666666667
/home/ccollins/allmols/H/noopt/m06hf/445-8-.log,445-8-,---,[],"td M06HF/6-31g(d,p) geom=connectivity",-7.97919408883,-0.873485421858,82,2.8448,-1309.6958056,1.8979,1.55
/home/ccollins/allmols/H/noopt/m06hf/12413-.log,12413-,---,[],"td M06HF/6-31g(d,p) geom=connectivity",-7.35061112169,0.610895567623,55,2.0635,-669.6662621,3.8910,0.45
/home/ccollins/allmols/H/noopt/m06hf/812-12-5.log,812-12-5,---,[],"td M06HF/6-31g(d,p) geom=connectivity",-7.64912000262,-0.764095658746,76,3.9429,-1305.2774098,1.9128,0.833333333333
/home/ccollins/allmols/H/noopt/m06hf/12128-5-.log,12128-5-,---,[],"td M06HF/6-31g(d,p) geom=connectivity",-7.75551651351,-0.779334033707,76,1.2175,-1305.2747546,1.9633,0.733333333333
/home/ccollins/allmols/H/noopt/m06hf/812-5-.log,812-5-,---,[],"td M06HF/6-31g(d,p) geom=connectivity",-8.31525467948,-0.663685652309,59,4.2894,-1076.5670264,1.9144,0.4
/home/ccollins/allmols/H/noopt/m06hf/45-8-.log,45-8-,---,[],"td M06HF/6-31g(d,p) geom=connectivity",-8.48178834869,-0.714026712447,62,2.3870,-1078.7839669,1.8978,0.416666666667
/home/ccollins/allmols/H/noopt/m06hf/854-4.log,854-4,---,[],"td M06HF/6-31g(d,p) geom=connectivity",-8.05456962211,-0.97117428991,82,4.2639,-1309.7058857,1.9426,1.36666666667
/home/ccollins/allmols/H/noopt/m06hf/8134.log,8134,---,[],"td M06HF/6-31g(d,p) geom=connectivity",-8.33892858343,-0.345312461164,58,3.3663,-735.9895864,1.9597,0.483333333333
/home/ccollins/allmols/H/noopt/m06hf/4485.log,4485,---,[],"td M06HF/6-31g(d,p) geom=connectivity",-8.15416328704,-0.854437453157,82,0.7090,-1309.7124189,1.9257,1.13333333333
/home/ccollins/allmols/H/noopt/m06hf/85-5-4.log,85-5-4,---,[],"td M06HF/6-31g(d,p) geom=connectivity",-7.88204944845,-1.02097112237,83,4.5623,-1630.4745418,1.9476,1.16666666667
/home/ccollins/allmols/H/noopt/m06hf/1312-4.log,1312-4,---,[],"td M06HF/6-31g(d,p) geom=connectivity",-7.27115388083,0.733074681148,55,2.3554,-669.6812471,3.7986,0.45
/home/ccollins/allmols/H/noopt/m06hf/55-88.log,55-88,---,[],"td M06HF/6-31g(d,p) geom=connectivity",-8.43008671936,-1.69826246661,83,4.1727,-1694.5332231,1.7671,1.05
/home/ccollins/allmols/H/noopt/m06hf/13124.log,13124,---,[],"td M06HF/6-31g(d,p) geom=connectivity",-7.26217412415,0.661780855439,55,0.5446,-669.6832746,3.7648,0.45
/home/ccollins/allmols/H/noopt/m06hf/125-412-.log,125-412-,---,[],"td M06HF/6-31g(d,p) geom=connectivity",-7.17863517571,-0.12109065817,76,0.4408,-1241.1877112,3.2786,0.7
/home/ccollins/allmols/H/noopt/m06hf/134.log,134,---,[],"td M06HF/6-31g(d,p) geom=connectivity",-7.91252619837,1.41880155438,38,1.3859,-440.9602363,4.7351,0.233333333333
/home/ccollins/allmols/H/noopt/m06hf/51212-.log,51212-,---,[],"td M06HF/6-31g(d,p) geom=connectivity",-7.30598445217,0.448171492149,56,0.3119,-1010.2617497,3.6280,0.366666666667
/home/ccollins/allmols/H/noopt/m06hf/48-1212-.log,48-1212-,---,[],"td M06HF/6-31g(d,p) geom=connectivity",-7.90653969392,-0.851444200932,75,2.2090,-984.5329392,1.8954,0.733333333333
/home/ccollins/allmols/H/noopt/m06hf/44-813.log,44-813,---,[],"td M06HF/6-31g(d,p) geom=connectivity",-8.01266409097,-0.64218865906,78,1.4309,-966.9049523,1.9403,1.15
/home/ccollins/allmols/H/noopt/m06hf/1312-8-.log,1312-8-,---,[],"td M06HF/6-31g(d,p) geom=connectivity",-7.98735750398,-0.325176037109,55,4.1705,-733.749289,1.9029,0.333333333333
/home/ccollins/allmols/H/noopt/m06hf/121213-.log,121213-,---,[],"td M06HF/6-31g(d,p) geom=connectivity",-7.11496053748,0.891444935204,52,2.2881,-667.4447533,3.7847,0.366666666667
/home/ccollins/allmols/H/noopt/m06hf/48-513.log,48-513,---,[],"td M06HF/6-31g(d,p) geom=connectivity",-7.80776237052,-0.795116636345,79,2.1859,-1287.6725923,1.9337,0.916666666667
/home/ccollins/allmols/H/noopt/m06hf/45-5.log,45-5,---,[],"td M06HF/6-31g(d,p) geom=connectivity",-7.55986666357,0.120002202816,63,0.2985,-1335.4528005,3.5558,0.516666666667
/home/ccollins/allmols/H/noopt/m06hf/12844-.log,12844-,---,[],"td M06HF/6-31g(d,p) geom=connectivity",-8.15525174239,-0.891717049043,78,0.9821,-986.7339552,1.9288,1.01666666667
/home/ccollins/allmols/H/noopt/m06hf/548-.log,548-,---,[],"td M06HF/6-31g(d,p) geom=connectivity",-8.42600501178,-0.638923292997,62,2.4750,-1078.7771015,1.8586,0.466666666667
/home/ccollins/allmols/H/noopt/m06hf/845.log,845,---,[],"td M06HF/6-31g(d,p) geom=connectivity",-8.52532656287,-0.752938991364,62,3.7165,-1078.7910532,1.9094,0.816666666667
/home/ccollins/allmols/H/noopt/m06hf/51313.log,51313,---,[],"td M06HF/6-31g(d,p) geom=connectivity",-6.99822370073,1.02777396834,56,2.2194,-970.5745972,3.9032,0.45
/home/ccollins/allmols/H/noopt/m06hf/54-1312-.log,54-1312-,---,[],"td M06HF/6-31g(d,p) geom=connectivity",-7.05210224077,0.208711314195,76,1.4285,-1221.3453947,3.4679,0.783333333333
/home/ccollins/allmols/H/noopt/m06hf/81313.log,81313,---,[],"td M06HF/6-31g(d,p) geom=connectivity",-7.93919335455,-0.139322285355,55,3.3566,-713.9231524,1.9649,0.366666666667
/home/ccollins/allmols/H/noopt/m06hf/88-13.log,88-13,---,[],"td M06HF/6-31g(d,p) geom=connectivity",-9.28098669262,-1.47594546048,58,4.6925,-800.0522696,1.7831,0.45
/home/ccollins/allmols/H/noopt/m06hf/1213-13-.log,1213-13-,---,[],"td M06HF/6-31g(d,p) geom=connectivity",-7.01972069397,1.27893504135,52,3.0551,-647.6025963,4.0588,0.35
/home/ccollins/allmols/H/noopt/m06hf/1312-813-.log,1312-813-,---,[],"td M06HF/6-31g(d,p) geom=connectivity",-7.50626023736,-0.402728481106,72,1.8829,-942.6384007,1.9858,0.733333333333
/home/ccollins/allmols/H/noopt/m06hf/128-12-.log,128-12-,---,[],"td M06HF/6-31g(d,p) geom=connectivity",-8.43199151623,-0.660148172407,55,0.5251,-753.5824818,1.9345,0.35
/home/ccollins/allmols/H/noopt/m06hf/1313.log,1313,---,[],"td M06HF/6-31g(d,p) geom=connectivity",-7.41809535366,2.36548559882,35,3.0300,-418.8908939,5.0238,0.35
/home/ccollins/allmols/H/noopt/m06hf/12513-.log,12513-,---,[],"td M06HF/6-31g(d,p) geom=connectivity",-7.20639078724,0.575792882446,56,2.3017,-990.418136,3.6665,0.416666666667
/home/ccollins/allmols/H/noopt/m06hf/58-5.log,58-5,---,[],"td M06HF/6-31g(d,p) geom=connectivity",-8.53539477489,-0.685998987073,63,1.2005,-1399.5468979,1.9641,0.45
/home/ccollins/allmols/H/noopt/m06hf/44-84.log,44-84,---,[],"td M06HF/6-31g(d,p) geom=connectivity",-8.23933491851,-0.873757535696,81,0.2439,-988.968462,1.8882,1.36666666667
/home/ccollins/allmols/H/noopt/m06hf/54-.log,54-,---,[],"td M06HF/6-31g(d,p) geom=connectivity",-8.25212426893,0.796477205538,42,0.4483,-783.7713134,4.4485,0.2
/home/ccollins/allmols/H/noopt/m06hf/55.log,55,---,[],"td M06HF/6-31g(d,p) geom=connectivity",-8.03497742574,0.776612895321,43,0.8090,-1104.5159255,4.2292,0.15
/home/ccollins/allmols/H/noopt/m06hf/44.log,44,---,[],"td M06HF/6-31g(d,p) geom=connectivity",-8.49865940668,0.8152530604,41,0.0698,-463.009773,4.7387,0.25
/home/ccollins/allmols/H/noopt/m06hf/512-48.log,512-48,---,[],"td M06HF/6-31g(d,p) geom=connectivity",-7.6806852079,-0.753483219042,79,2.8686,-1307.5002407,1.8592,1.13333333333
/home/ccollins/allmols/H/noopt/m06hf/812-8.log,812-8,---,[],"td M06HF/6-31g(d,p) geom=connectivity",-9.45350686628,-1.45907440249,58,2.2540,-819.8817697,1.8850,0.483333333333
/home/ccollins/allmols/H/noopt/m06hf/1212-4.log,1212-4,---,[],"td M06HF/6-31g(d,p) geom=connectivity",-7.4338779563,0.444634012248,55,0.3632,-689.5178327,3.7195,0.4
/home/ccollins/allmols/H/noopt/m06hf/125-124.log,125-124,---,[],"td M06HF/6-31g(d,p) geom=connectivity",-7.1228518388,-0.0492526047839,76,0.9857,-1241.2037908,3.2113,0.9
/home/ccollins/allmols/H/noopt/m06hf/8412.log,8412,---,[],"td M06HF/6-31g(d,p) geom=connectivity",-8.44205972826,-0.714298826285,58,4.0675,-755.8224372,1.9067,0.516666666667
/home/ccollins/allmols/H/noopt/m06hf/54.log,54,---,[],"td M06HF/6-31g(d,p) geom=connectivity",-8.25593386267,0.793483953314,42,0.5503,-783.770068,4.4481,0.2
/home/ccollins/allmols/H/noopt/m06hf/48-1213.log,48-1213,---,[],"td M06HF/6-31g(d,p) geom=connectivity",-7.74925789522,-0.739333299435,75,1.6871,-964.7015777,1.9080,0.883333333333
/home/ccollins/allmols/H/noopt/m06hf/88-13-12.log,88-13-12,---,[],"td M06HF/6-31g(d,p) geom=connectivity",-8.34437086021,-1.55649115671,75,6.0417,-1028.7638793,1.7848,0.8
/home/ccollins/allmols/H/noopt/m06hf/813-13.log,813-13,---,[],"td M06HF/6-31g(d,p) geom=connectivity",-7.97239124286,-0.102314803308,55,4.1586,-713.9280129,1.9604,0.35
/home/ccollins/allmols/H/noopt/m06hf/1212-5.log,1212-5,---,[],"td M06HF/6-31g(d,p) geom=connectivity",-7.32829778693,0.454702224275,56,0.5929,-1010.2615865,3.6309,0.5
/home/ccollins/allmols/H/noopt/m06hf/813-12-.log,813-12-,---,[],"td M06HF/6-31g(d,p) geom=connectivity",-8.11824426034,-0.268304244845,55,4.0740,-733.7658179,1.9560,0.333333333333
/home/ccollins/allmols/H/noopt/m06hf/13124-.log,13124-,---,[],"td M06HF/6-31g(d,p) geom=connectivity",-7.26271835183,0.663685652309,55,0.5804,-669.6826994,3.7664,0.45
/home/ccollins/allmols/H/noopt/m06hf/85-.log,85-,---,[],"td M06HF/6-31g(d,p) geom=connectivity",-9.5531005312,-0.430211978803,42,2.7816,-847.8597542,1.9435,0.183333333333
/home/ccollins/allmols/H/noopt/m06hf/81312.log,81312,---,[],"td M06HF/6-31g(d,p) geom=connectivity",-8.11824426034,-0.268032131006,55,4.0740,-733.7658179,1.9560,0.333333333333
/home/ccollins/allmols/H/noopt/m06hf/88-4.log,88-4,---,[],"td M06HF/6-31g(d,p) geom=connectivity",-9.80616640108,-1.70914702015,61,3.8367,-822.113957,1.7693,0.616666666667
/home/ccollins/allmols/H/noopt/m06hf/813-85.log,813-85,---,[],"td M06HF/6-31g(d,p) geom=connectivity",-8.58791274574,-1.2313151196,79,3.9901,-1351.7642347,1.9504,1.01666666667
/home/ccollins/allmols/H/noopt/m06hf/812-12-.log,812-12-,---,[],"td M06HF/6-31g(d,p) geom=connectivity",-8.26055979792,-0.624773373391,55,4.6218,-753.5855573,1.9059,0.366666666667
/home/ccollins/allmols/H/noopt/m06hf/58-5-.log,58-5-,---,[],"td M06HF/6-31g(d,p) geom=connectivity",-8.53348997802,-0.685726873234,63,0.6307,-1399.5469956,1.9639,0.416666666667
/home/ccollins/allmols/H/noopt/m06hf/445-4-.log,445-4-,---,[],"td M06HF/6-31g(d,p) geom=connectivity",-7.3908839698,-0.218507412384,82,0.5254,-1245.614671,3.3310,1.06666666667
/home/ccollins/allmols/H/noopt/m06hf/51313-.log,51313-,---,[],"td M06HF/6-31g(d,p) geom=connectivity",-7.03686386581,1.08001982534,56,0.6856,-970.5809443,3.9443,0.516666666667
/home/ccollins/allmols/H/noopt/m06hf/135-4-8.log,135-4-8,---,[],"td M06HF/6-31g(d,p) geom=connectivity",-7.57537715237,-0.706407524966,79,4.0410,-1287.6491229,1.8597,1.21666666667
/home/ccollins/allmols/H/noopt/m06hf/125-413.log,125-413,---,[],"td M06HF/6-31g(d,p) geom=connectivity",-7.07495980321,0.0242181316341,76,1.1127,-1221.34429,3.2967,0.683333333333
/home/ccollins/allmols/H/noopt/m06hf/8131312.log,8131312,---,[],"td M06HF/6-31g(d,p) geom=connectivity",-7.42843567953,-0.267760017168,72,4.1182,-942.6373574,1.9645,0.6
/home/ccollins/allmols/H/noopt/m06hf/13812-13.log,13812-13,---,[],"td M06HF/6-31g(d,p) geom=connectivity",-7.54680519931,-0.452525313567,72,3.7364,-942.6374766,1.9403,0.766666666667
/home/ccollins/allmols/H/noopt/m06hf/1284-13.log,1284-13,---,[],"td M06HF/6-31g(d,p) geom=connectivity",-7.84232082802,-0.730353542762,75,1.3247,-964.6867659,1.9330,0.783333333333
/home/ccollins/allmols/H/noopt/m06hf/1212-413.log,1212-413,---,[],"td M06HF/6-31g(d,p) geom=connectivity",-7.02543508459,0.217963184707,72,1.1963,-898.3810658,3.3769,0.683333333333
/home/ccollins/allmols/H/noopt/m06hf/812-13-.log,812-13-,---,[],"td M06HF/6-31g(d,p) geom=connectivity",-8.08150889213,-0.491165478646,55,3.0024,-733.7608405,1.9280,0.4
/home/ccollins/allmols/H/noopt/m06hf/584-8-.log,584-8-,---,[],"td M06HF/6-31g(d,p) geom=connectivity",-8.7794808881,-1.46669358997,82,1.7229,-1373.8069676,1.8522,1.48333333333
/home/ccollins/allmols/H/noopt/m06hf/4412-.log,4412-,---,[],"td M06HF/6-31g(d,p) geom=connectivity",-7.67524293113,0.264222537266,58,0.8627,-691.7157171,3.8921,0.566666666667
/home/ccollins/allmols/H/noopt/m06hf/854-.log,854-,---,[],"td M06HF/6-31g(d,p) geom=connectivity",-8.56478306946,-0.816613629593,62,3.6323,-1078.7944952,1.9435,0.583333333333
/home/ccollins/allmols/H/noopt/m06hf/84-13-.log,84-13-,---,[],"td M06HF/6-31g(d,p) geom=connectivity",-8.24668199215,-0.551574750812,58,3.7075,-735.9811537,1.9119,0.6
/home/ccollins/allmols/H/noopt/m06hf/121254-.log,121254-,---,[],"td M06HF/6-31g(d,p) geom=connectivity",-7.05754451754,-0.0340142298231,76,1.4246,-1241.1913046,3.2073,0.85
/home/ccollins/allmols/H/noopt/m06hf/8128-.log,8128-,---,[],"td M06HF/6-31g(d,p) geom=connectivity",-9.45350686628,-1.45907440249,58,2.2540,-819.8817702,1.8850,0.483333333333
/home/ccollins/allmols/H/noopt/m06hf/812-124-.log,812-124-,---,[],"td M06HF/6-31g(d,p) geom=connectivity",-7.80667391516,-0.813892491207,75,4.1099,-984.5385099,1.9148,0.9
/home/ccollins/allmols/H/noopt/m06hf/1244.log,1244,---,[],"td M06HF/6-31g(d,p) geom=connectivity",-7.66490260526,0.260140829687,58,0.9299,-691.7153945,3.8800,0.5
/home/ccollins/allmols/H/noopt/m06hf/128-512-.log,128-512-,---,[],"td M06HF/6-31g(d,p) geom=connectivity",-7.87524660249,-0.910220790067,76,1.2639,-1305.2762207,1.9670,0.7
/home/ccollins/allmols/H/noopt/m06hf/8413-8.log,8413-8,---,[],"td M06HF/6-31g(d,p) geom=connectivity",-8.48831908082,-1.17253853046,78,1.1314,-1030.9995754,1.9024,1.53333333333
/home/ccollins/allmols/H/noopt/m06hf/41313-5-.log,41313-5-,---,[],"td M06HF/6-31g(d,p) geom=connectivity",-6.88121475014,0.687359556265,76,0.5089,-1201.5188456,3.6235,1.05
/home/ccollins/allmols/H/noopt/m06hf/13812-13-.log,13812-13-,---,[],"td M06HF/6-31g(d,p) geom=connectivity",-7.55034267922,-0.510757675024,72,0.9064,-942.6417292,1.9523,0.8
/home/ccollins/allmols/H/noopt/m06hf/124-5.log,124-5,---,[],"td M06HF/6-31g(d,p) geom=connectivity",-7.54571674396,0.266399447975,59,0.9367,-1012.4753803,3.7755,0.516666666667
/home/ccollins/allmols/H/noopt/m06hf/81212-13-.log,81212-13-,---,[],"td M06HF/6-31g(d,p) geom=connectivity",-7.53483219042,-0.705046955774,72,4.4253,-962.4730967,1.9157,0.85
/home/ccollins/allmols/H/noopt/m06hf/48-13.log,48-13,---,[],"td M06HF/6-31g(d,p) geom=connectivity",-8.45022314342,-0.406265961007,58,1.8987,-735.9935158,1.9411,0.6
/home/ccollins/allmols/H/noopt/m06hf/12125.log,12125,---,[],"td M06HF/6-31g(d,p) geom=connectivity",-7.28584802811,0.474566534492,56,1.2080,-1010.2564834,3.6446,0.466666666667
/home/ccollins/allmols/H/noopt/m06hf/512-12.log,512-12,---,[],"td M06HF/6-31g(d,p) geom=connectivity",-7.32829778693,0.455246451953,56,0.5937,-1010.2615997,3.6310,0.5
/home/ccollins/allmols/H/noopt/m06hf/138-5-4.log,138-5-4,---,[],"td M06HF/6-31g(d,p) geom=connectivity",-7.88123310693,-0.764639886424,79,2.0578,-1287.6753781,1.9718,0.916666666667
/home/ccollins/allmols/H/noopt/m06hf/1244-12-.log,1244-12-,---,[],"td M06HF/6-31g(d,p) geom=connectivity",-7.29373932943,-0.0593208168115,75,0.1027,-920.4204409,3.4739,0.85
/home/ccollins/allmols/H/noopt/m06hf/54812.log,54812,---,[],"td M06HF/6-31g(d,p) geom=connectivity",-7.99660937449,-0.844369241129,79,1.0782,-1307.4900592,1.8916,0.9
/home/ccollins/allmols/H/noopt/m06hf/545.log,545,---,[],"td M06HF/6-31g(d,p) geom=connectivity",-7.59442512107,0.177690336596,63,0.8229,-1335.443705,3.7119,0.5
/home/ccollins/allmols/H/noopt/m06hf/1384-5-.log,1384-5-,---,[],"td M06HF/6-31g(d,p) geom=connectivity",-7.91252619837,-0.711033460222,79,2.3181,-1287.6720637,1.9379,0.966666666667
/home/ccollins/allmols/H/noopt/m06hf/58-4-.log,58-4-,---,[],"td M06HF/6-31g(d,p) geom=connectivity",-8.67526128793,-0.700693134356,62,0.4094,-1078.8035458,1.9267,0.483333333333
/home/ccollins/allmols/H/noopt/m06hf/1213-.log,1213-,---,[],"td M06HF/6-31g(d,p) geom=connectivity",-7.67605927264,1.77962450435,35,2.1475,-438.734955,4.7442,0.166666666667
/home/ccollins/allmols/H/noopt/m06hf/121312.log,121312,---,[],"td M06HF/6-31g(d,p) geom=connectivity",-7.1228518388,1.03267201743,52,0.4688,-667.4506399,3.9828,0.35
/home/ccollins/allmols/H/noopt/m06hf/5124-8.log,5124-8,---,[],"td M06HF/6-31g(d,p) geom=connectivity",-7.66082089768,-0.741238096305,79,3.5468,-1307.5003867,1.8592,1.11666666667
/home/ccollins/allmols/H/noopt/m06hf/485-.log,485-,---,[],"td M06HF/6-31g(d,p) geom=connectivity",-8.69784673653,-0.694978743746,62,1.3995,-1078.8004531,1.9254,0.516666666667
/home/ccollins/allmols/H/noopt/m06hf/513-13.log,513-13,---,[],"td M06HF/6-31g(d,p) geom=connectivity",-7.07958573846,1.0966187695,56,0.5578,-970.5826093,3.9533,0.516666666667
/home/ccollins/allmols/H/noopt/m06hf/413-12.log,413-12,---,[],"td M06HF/6-31g(d,p) geom=connectivity",-7.31387575349,0.82885875233,55,1.6992,-669.6720354,3.9740,0.416666666667
/home/ccollins/allmols/H/noopt/m06hf/124-85.log,124-85,---,[],"td M06HF/6-31g(d,p) geom=connectivity",-7.95688075406,-0.825049158589,79,1.1067,-1307.5062423,1.9264,0.933333333333
/home/ccollins/allmols/H/noopt/m06hf/45-413-.log,45-413-,---,[],"td M06HF/6-31g(d,p) geom=connectivity",-7.16366891459,-0.0299325222443,79,0.9575,-1223.5669054,3.3186,0.933333333333
/home/ccollins/allmols/H/noopt/m06hf/1385-.log,1385-,---,[],"td M06HF/6-31g(d,p) geom=connectivity",-8.27933565278,-0.447083036795,59,2.0367,-1056.7407372,1.9729,0.35
/home/ccollins/allmols/H/noopt/m06hf/854-8.log,854-8,---,[],"td M06HF/6-31g(d,p) geom=connectivity",-8.68805063834,-1.47186375291,82,2.0942,-1373.7994977,1.8538,1.18333333333
/home/ccollins/allmols/H/noopt/m06hf/1385-13-.log,1385-13-,---,[],"td M06HF/6-31g(d,p) geom=connectivity",-7.60721447148,-0.593480281954,76,1.2032,-1265.6126236,1.9814,0.783333333333
/home/ccollins/allmols/H/noopt/m06hf/85124.log,85124,---,[],"td M06HF/6-31g(d,p) geom=connectivity",-7.80803448436,-0.926003392704,79,4.5581,-1307.5168024,1.9424,0.9
/home/ccollins/allmols/H/noopt/m06hf/1312-12-.log,1312-12-,---,[],"td M06HF/6-31g(d,p) geom=connectivity",-7.11496053748,0.891717049043,52,2.2875,-667.4447609,3.7847,0.366666666667
/home/ccollins/allmols/H/noopt/m06hf/55-4.log,55-4,---,[],"td M06HF/6-31g(d,p) geom=connectivity",-7.54898211002,0.118369519784,63,0.2555,-1335.4541796,3.5464,0.533333333333
/home/ccollins/allmols/H/noopt/m06hf/1348.log,1348,---,[],"td M06HF/6-31g(d,p) geom=connectivity",-8.13565954601,-0.43075620648,58,2.7181,-735.9681555,1.8601,0.483333333333
/home/ccollins/allmols/H/noopt/m06hf/1212.log,1212,---,[],"td M06HF/6-31g(d,p) geom=connectivity",-7.88477058684,1.24219967314,35,1.2750,-458.5665721,4.5220,0.15
/home/ccollins/allmols/H/noopt/m06hf/84-13-4.log,84-13-4,---,[],"td M06HF/6-31g(d,p) geom=connectivity",-7.76204724563,-0.715931509317,78,3.8028,-966.9189093,1.9124,1.23333333333
/home/ccollins/allmols/H/noopt/m06hf/813-.log,813-,---,[],"td M06HF/6-31g(d,p) geom=connectivity",-9.16180083132,-0.0459872387209,38,2.8142,-505.0533031,1.9585,0.166666666667
/home/ccollins/allmols/H/noopt/m06hf/1213-8.log,1213-8,---,[],"td M06HF/6-31g(d,p) geom=connectivity",-8.03933124715,-0.232385218152,55,2.7816,-733.7558967,1.9076,0.333333333333
/home/ccollins/allmols/H/noopt/m06hf/8513-.log,8513-,---,[],"td M06HF/6-31g(d,p) geom=connectivity",-8.15361905936,-0.579874590024,59,4.7371,-1056.7327121,1.9476,0.566666666667
/home/ccollins/allmols/H/noopt/m06hf/555-5-.log,555-5-,---,[],"td M06HF/6-31g(d,p) geom=connectivity",-7.08312321837,-0.250344731498,85,0.0003,-2207.8784665,3.0502,0.65
/home/ccollins/allmols/H/noopt/m06hf/813-1313.log,813-1313,---,[],"td M06HF/6-31g(d,p) geom=connectivity",-7.32993046996,-0.181499930336,72,4.0761,-922.7957673,1.9614,0.833333333333
/home/ccollins/allmols/H/noopt/m06hf/5138-12-.log,5138-12-,---,[],"td M06HF/6-31g(d,p) geom=connectivity",-7.65619496243,-0.589942802052,76,2.0237,-1285.4408581,1.9357,0.8
/home/ccollins/allmols/H/noopt/m06hf/4135.log,4135,---,[],"td M06HF/6-31g(d,p) geom=connectivity",-7.31088250126,0.700148906679,59,0.8088,-992.6442368,3.8687,0.616666666667
/home/ccollins/allmols/H/noopt/m06hf/1255.log,1255,---,[],"td M06HF/6-31g(d,p) geom=connectivity",-7.36584949665,0.204357492777,60,1.2665,-1333.2260197,3.5344,0.383333333333
/home/ccollins/allmols/H/noopt/m06hf/844-.log,844-,---,[],"td M06HF/6-31g(d,p) geom=connectivity",-8.72097641281,-0.762735089554,61,3.3037,-758.0279644,1.9069,0.716666666667
/home/ccollins/allmols/H/noopt/m06hf/1213-13.log,1213-13,---,[],"td M06HF/6-31g(d,p) geom=connectivity",-7.05591183451,1.32764341846,52,0.6310,-647.6092349,4.0943,0.383333333333
/home/ccollins/allmols/H/noopt/m06hf/84-55-.log,84-55-,---,[],"td M06HF/6-31g(d,p) geom=connectivity",-7.84721887711,-0.947772499791,83,4.3101,-1630.472445,1.9094,1.21666666667
/home/ccollins/allmols/H/noopt/m06hf/125-13-.log,125-13-,---,[],"td M06HF/6-31g(d,p) geom=connectivity",-7.19958794128,0.532526782111,56,1.5395,-990.4168125,3.6305,0.383333333333
/home/ccollins/allmols/H/noopt/m06hf/488.log,488,---,[],"td M06HF/6-31g(d,p) geom=connectivity",-9.71337558213,-1.66533669214,61,1.8404,-822.1016684,1.7392,0.6
/home/ccollins/allmols/H/noopt/m06hf/54-8-.log,54-8-,---,[],"td M06HF/6-31g(d,p) geom=connectivity",-8.42246753188,-0.637018496127,62,2.4657,-1078.7783942,1.8585,0.466666666667
/home/ccollins/allmols/H/noopt/m06hf/85-13-.log,85-13-,---,[],"td M06HF/6-31g(d,p) geom=connectivity",-8.13130572459,-0.60763020156,59,3.4777,-1056.7320907,1.9525,0.583333333333
/home/ccollins/allmols/H/noopt/m06hf/55-8-.log,55-8-,---,[],"td M06HF/6-31g(d,p) geom=connectivity",-8.30137687371,-0.703686386581,63,2.6124,-1399.5342824,1.8989,0.35
/home/ccollins/allmols/H/noopt/m06hf/4554-.log,4554-,---,[],"td M06HF/6-31g(d,p) geom=connectivity",-7.23523485413,-0.274018635455,83,0.9238,-1566.3857748,3.1371,0.883333333333
/home/ccollins/allmols/H/noopt/m06hf/5135-.log,5135-,---,[],"td M06HF/6-31g(d,p) geom=connectivity",-7.21210517785,0.706407524966,60,1.2171,-1313.3917151,3.7760,0.45
/home/ccollins/allmols/H/noopt/m06hf/131355-.log,131355-,---,[],"td M06HF/6-31g(d,p) geom=connectivity",-6.79223352492,0.231296762797,77,2.1563,-1522.2578938,3.2323,0.7
/home/ccollins/allmols/H/noopt/m06hf/4812-.log,4812-,---,[],"td M06HF/6-31g(d,p) geom=connectivity",-8.64097494426,-0.684094190202,58,1.7381,-755.8172158,1.8916,0.5
/home/ccollins/allmols/H/noopt/m06hf/12135-.log,12135-,---,[],"td M06HF/6-31g(d,p) geom=connectivity",-7.18380533864,0.859879729928,56,1.2977,-990.4222702,3.8770,0.45
/home/ccollins/allmols/H/noopt/m06hf/48-4.log,48-4,---,[],"td M06HF/6-31g(d,p) geom=connectivity",-8.8534958522,-0.709400777191,61,0.6574,-758.0569584,1.8882,0.683333333333
/home/ccollins/allmols/H/noopt/m06hf/48-88.log,48-88,---,[],"td M06HF/6-31g(d,p) geom=connectivity",-9.72099476961,-2.42861600937,81,2.0261,-1117.0972181,1.7060,1.41666666667
/home/ccollins/allmols/H/noopt/m06hf/41213.log,41213,---,[],"td M06HF/6-31g(d,p) geom=connectivity",-7.26897697012,0.674298092013,55,0.5388,-669.6828722,3.7795,0.45
/home/ccollins/allmols/H/noopt/m06hf/1285.log,1285,---,[],"td M06HF/6-31g(d,p) geom=connectivity",-8.4755297304,-0.671304839789,59,1.2168,-1076.5656923,1.9664,0.366666666667
/home/ccollins/allmols/H/noopt/m06hf/125128.log,125128,---,[],"td M06HF/6-31g(d,p) geom=connectivity",-7.61102406522,-0.722462241443,76,4.0507,-1305.2696066,1.9000,0.55
/home/ccollins/allmols/H/noopt/m06hf/13513-.log,13513-,---,[],"td M06HF/6-31g(d,p) geom=connectivity",-7.06135411128,0.821511678688,56,0.9036,-970.5776904,3.7098,0.416666666667
/home/ccollins/allmols/H/noopt/m06hf/84-5-.log,84-5-,---,[],"td M06HF/6-31g(d,p) geom=connectivity",-8.52532656287,-0.752938991364,62,3.7166,-1078.7910532,1.9094,0.9
/home/ccollins/allmols/H/noopt/m06hf/135-4.log,135-4,---,[],"td M06HF/6-31g(d,p) geom=connectivity",-7.35197169089,0.435654255574,59,1.9074,-992.6426744,3.6583,0.433333333333
/home/ccollins/allmols/H/noopt/m06hf/58.log,58,---,[],"td M06HF/6-31g(d,p) geom=connectivity",-9.46547987518,-0.331978883074,42,1.7464,-847.850866,1.8961,0.2
/home/ccollins/allmols/H/noopt/m06hf/813138.log,813138,---,[],"td M06HF/6-31g(d,p) geom=connectivity",-8.21919849446,-0.856886477704,75,1.2767,-1008.9428447,1.9022,0.933333333333
/home/ccollins/allmols/H/noopt/m06hf/1312-13-.log,1312-13-,---,[],"td M06HF/6-31g(d,p) geom=connectivity",-6.99250931012,1.20002202816,52,1.7520,-647.6148393,3.8941,0.35
/home/ccollins/allmols/H/noopt/m06hf/1212-1212-.log,1212-1212-,---,[],"td M06HF/6-31g(d,p) geom=connectivity",-6.99305353779,0.163268303151,69,0.0042,-916.0011663,3.2523,0.516666666667
/home/ccollins/allmols/H/noopt/m06hf/13413.log,13413,---,[],"td M06HF/6-31g(d,p) geom=connectivity",-7.21537054392,0.885186316917,55,2.7469,-649.8224187,3.9771,0.466666666667
/home/ccollins/allmols/H/noopt/m06hf/13512-4-.log,13512-4-,---,[],"td M06HF/6-31g(d,p) geom=connectivity",-6.98679491951,0.11728106443,76,1.6541,-1221.3637632,3.2230,0.783333333333
/home/ccollins/allmols/H/noopt/m06hf/44-12.log,44-12,---,[],"td M06HF/6-31g(d,p) geom=connectivity",-7.677147728,0.262317740396,58,0.9178,-691.7151826,3.8900,0.566666666667
/home/ccollins/allmols/H/noopt/m06hf/4513-.log,4513-,---,[],"td M06HF/6-31g(d,p) geom=connectivity",-7.35823030917,0.443817670732,59,1.9641,-992.643199,3.6700,0.433333333333
/home/ccollins/allmols/H/noopt/m06hf/813-12.log,813-12,---,[],"td M06HF/6-31g(d,p) geom=connectivity",-8.14654409956,-0.308032865278,55,3.6746,-733.7639784,1.9588,0.333333333333
/home/ccollins/allmols/H/noopt/m06hf/12138-.log,12138-,---,[],"td M06HF/6-31g(d,p) geom=connectivity",-8.01130352178,-0.191296028525,55,2.9769,-733.7577549,1.9069,0.333333333333
/home/ccollins/allmols/H/noopt/m06hf/125-8.log,125-8,---,[],"td M06HF/6-31g(d,p) geom=connectivity",-8.23253207255,-0.678379799592,59,2.6930,-1076.5611852,1.8992,0.333333333333
/home/ccollins/allmols/H/noopt/m06hf/131312-.log,131312-,---,[],"td M06HF/6-31g(d,p) geom=connectivity",-7.01972069397,1.27920715519,52,3.0557,-647.6026044,4.0589,0.35
/home/ccollins/allmols/H/noopt/m06hf/54-4.log,54-4,---,[],"td M06HF/6-31g(d,p) geom=connectivity",-7.71769268995,0.174424970533,62,0.4876,-1014.6824081,3.8080,0.866666666667
/home/ccollins/allmols/H/noopt/m06hf/5513-4-.log,5513-4-,---,[],"td M06HF/6-31g(d,p) geom=connectivity",-7.02788410913,0.134152122422,80,1.6825,-1544.324152,3.2908,0.8
/home/ccollins/allmols/H/noopt/m06hf/81312-13-.log,81312-13-,---,[],"td M06HF/6-31g(d,p) geom=connectivity",-7.43605486701,-0.381231487857,72,3.1741,-942.6444875,1.9607,0.783333333333
/home/ccollins/allmols/H/noopt/m06hf/134-12-.log,134-12-,---,[],"td M06HF/6-31g(d,p) geom=connectivity",-7.35115534937,0.614433047525,55,1.9835,-669.6668012,3.8962,0.45
/home/ccollins/allmols/H/noopt/m06hf/58-55.log,58-55,---,[],"td M06HF/6-31g(d,p) geom=connectivity",-7.92041749969,-0.926547620382,84,2.2347,-1951.2266375,1.9672,0.766666666667
/home/ccollins/allmols/H/noopt/m06hf/85-13.log,85-13,---,[],"td M06HF/6-31g(d,p) geom=connectivity",-8.15361905936,-0.579874590024,59,4.7371,-1056.7327121,1.9476,0.566666666667
/home/ccollins/allmols/H/noopt/m06hf/8454-.log,8454-,---,[],"td M06HF/6-31g(d,p) geom=connectivity",-7.95932977861,-0.952398435047,82,4.0852,-1309.725474,1.9096,1.3
/home/ccollins/allmols/H/noopt/m06hf/138-12.log,138-12,---,[],"td M06HF/6-31g(d,p) geom=connectivity",-8.24341662609,-0.417966856066,55,1.1977,-733.7578816,1.9390,0.416666666667
/home/ccollins/allmols/H/noopt/m06hf/125-84-.log,125-84-,---,[],"td M06HF/6-31g(d,p) geom=connectivity",-7.90164164483,-0.897703553492,79,0.9276,-1307.5138627,1.9276,0.916666666667
/home/ccollins/allmols/H/noopt/m06hf/412-12-13.log,412-12-13,---,[],"td M06HF/6-31g(d,p) geom=connectivity",-6.91359629693,0.337965387522,72,2.6908,-898.3925582,3.2977,0.85
/home/ccollins/allmols/H/noopt/m06hf/58-8-13-.log,58-8-13-,---,[],"td M06HF/6-31g(d,p) geom=connectivity",-8.67689397096,-1.46560513462,79,2.2970,-1351.7420627,1.7972,0.933333333333
/home/ccollins/allmols/H/noopt/m06hf/1213-4-5.log,1213-4-5,---,[],"td M06HF/6-31g(d,p) geom=connectivity",-7.05074167157,0.204901720454,76,2.0748,-1221.3433374,3.4629,0.75
/home/ccollins/allmols/H/noopt/m06hf/4124-.log,4124-,---,[],"td M06HF/6-31g(d,p) geom=connectivity",-7.59687414561,0.362999860672,58,0.7879,-691.7492264,3.7691,0.65
/home/ccollins/allmols/H/noopt/m06hf/84-4-.log,84-4-,---,[],"td M06HF/6-31g(d,p) geom=connectivity",-8.71907161594,-0.761918748038,61,3.2971,-758.0284633,1.9070,0.716666666667
/home/ccollins/allmols/H/noopt/m06hf/458.log,458,---,[],"td M06HF/6-31g(d,p) geom=connectivity",-8.47743452727,-0.708312321837,62,2.4226,-1078.7859239,1.8975,0.416666666667
/home/ccollins/allmols/H/noopt/m06hf/88-84-.log,88-84-,---,[],"td M06HF/6-31g(d,p) geom=connectivity",-9.83718737868,-2.43487462766,81,5.0220,-1117.1097417,1.7214,1.23333333333
/home/ccollins/allmols/H/noopt/m06hf/51312-.log,51312-,---,[],"td M06HF/6-31g(d,p) geom=connectivity",-7.18380533864,0.812531922015,56,1.5220,-990.4182593,3.8588,0.45
/home/ccollins/allmols/H/noopt/m06hf/41312.log,41312,---,[],"td M06HF/6-31g(d,p) geom=connectivity",-7.27768461295,0.854437453157,55,0.9609,-669.674884,3.9818,0.416666666667
/home/ccollins/allmols/H/noopt/m06hf/5125-.log,5125-,---,[],"td M06HF/6-31g(d,p) geom=connectivity",-7.33591697441,0.377694007956,60,0.5069,-1333.2370262,3.5767,0.616666666667
/home/ccollins/allmols/H/noopt/m06hf/812-4-13-.log,812-4-13-,---,[],"td M06HF/6-31g(d,p) geom=connectivity",-7.71687634843,-0.725727607506,75,3.5015,-964.6886542,1.9209,0.9
/home/ccollins/allmols/H/noopt/m06hf/1212-.log,1212-,---,[],"td M06HF/6-31g(d,p) geom=connectivity",-7.88585904219,1.25471690972,35,0.0010,-458.5716068,4.5349,0.166666666667
/home/ccollins/allmols/H/noopt/m06hf/5812-5-.log,5812-5-,---,[],"td M06HF/6-31g(d,p) geom=connectivity",-7.84558619408,-0.831852004554,80,2.1472,-1628.2545517,1.9312,0.716666666667
/home/ccollins/allmols/H/noopt/m06hf/544.log,544,---,[],"td M06HF/6-31g(d,p) geom=connectivity",-7.71932537298,0.173336515179,62,0.6061,-1014.6816359,3.8094,0.716666666667
/home/ccollins/allmols/H/noopt/m06hf/548-12.log,548-12,---,[],"td M06HF/6-31g(d,p) geom=connectivity",-7.99660937449,-0.844369241129,79,1.0781,-1307.4900596,1.8916,0.9
/home/ccollins/allmols/H/noopt/m06hf/412-5-8-.log,412-5-8-,---,[],"td M06HF/6-31g(d,p) geom=connectivity",-7.72748878813,-0.823416475558,79,3.2225,-1307.5080584,1.8967,1.18333333333
/home/ccollins/allmols/H/noopt/m06hf/5412-12-.log,5412-12-,---,[],"td M06HF/6-31g(d,p) geom=connectivity",-7.12094704193,0.0130614642521,76,0.9268,-1241.1862883,3.3360,0.7
/home/ccollins/allmols/H/noopt/m06hf/1212-13-8.log,1212-13-8,---,[],"td M06HF/6-31g(d,p) geom=connectivity",-7.47415080441,-0.380415146342,72,2.6914,-962.4727984,1.9088,0.566666666667
/home/ccollins/allmols/H/noopt/m06hf/813-8.log,813-8,---,[],"td M06HF/6-31g(d,p) geom=connectivity",-9.26874156988,-1.12573495023,58,1.0803,-800.0670059,1.8953,0.766666666667
/home/ccollins/allmols/H/noopt/m06hf/512-12-.log,512-12-,---,[],"td M06HF/6-31g(d,p) geom=connectivity",-7.29999794772,0.485451088035,56,0.7921,-1010.2570733,3.6465,0.5
/home/ccollins/allmols/H/noopt/m06hf/44-4.log,44-4,---,[],"td M06HF/6-31g(d,p) geom=connectivity",-7.87225335026,0.173336515179,61,0.0681,-693.9202373,3.9431,0.666666666667
/home/ccollins/allmols/H/noopt/m06hf/88.log,88,---,[],"td M06HF/6-31g(d,p) geom=connectivity",-11.0687746121,-1.684112547,41,0.8152,-591.1572622,1.7517,0.15
/home/ccollins/allmols/H/noopt/m06hf/8134-.log,8134-,---,[],"td M06HF/6-31g(d,p) geom=connectivity",-8.3421939495,-0.340686525908,58,3.3794,-735.9907977,1.9595,0.483333333333
/home/ccollins/allmols/H/noopt/m06hf/512.log,512,---,[],"td M06HF/6-31g(d,p) geom=connectivity",-7.95415961568,1.00927022731,39,1.0337,-781.5469026,4.4013,0.166666666667
/home/ccollins/allmols/H/noopt/m06hf/55-8-4-.log,55-8-4-,---,[],"td M06HF/6-31g(d,p) geom=connectivity",-7.94735676971,-0.904778513295,83,0.8469,-1630.4870542,1.9271,0.883333333333
/home/ccollins/allmols/H/noopt/m06hf/138-13.log,138-13,---,[],"td M06HF/6-31g(d,p) geom=connectivity",-8.08314157516,-0.103403258662,55,2.9058,-713.9335091,1.9861,0.35
/home/ccollins/allmols/H/noopt/m06hf/545-8-.log,545-8-,---,[],"td M06HF/6-31g(d,p) geom=connectivity",-7.85429383691,-0.865594120539,83,3.1263,-1630.4563112,1.8983,1.35
/home/ccollins/allmols/H/noopt/m06hf/485.log,485,---,[],"td M06HF/6-31g(d,p) geom=connectivity",-8.69784673653,-0.695250857584,62,1.3585,-1078.8004594,1.9256,0.516666666667
/home/ccollins/allmols/H/noopt/m06hf/1313-12-13-.log,1313-12-13-,---,[],"td M06HF/6-31g(d,p) geom=connectivity",-6.67114286675,0.908588107035,69,1.6458,-856.4899713,3.5369,0.666666666667
/home/ccollins/allmols/H/noopt/m06hf/134-8.log,134-8,---,[],"td M06HF/6-31g(d,p) geom=connectivity",-8.14055759511,-0.437831166283,58,2.6206,-735.9693802,1.8599,0.466666666667
/home/ccollins/allmols/H/noopt/m06hf/54-5-13.log,54-5-13,---,[],"td M06HF/6-31g(d,p) geom=connectivity",-7.07904151079,0.00326536606302,80,1.5288,-1544.3164881,3.2839,0.75
/home/ccollins/allmols/H/noopt/m06hf/1244-.log,1244-,---,[],"td M06HF/6-31g(d,p) geom=connectivity",-7.66599106061,0.259052374333,58,0.8897,-691.7148679,3.8786,0.5
/home/ccollins/allmols/H/noopt/m06hf/128-13.log,128-13,---,[],"td M06HF/6-31g(d,p) geom=connectivity",-8.25919922873,-0.371435389668,55,0.7631,-733.7589443,1.9827,0.433333333333
/home/ccollins/allmols/H/noopt/m06hf/134-13-.log,134-13-,---,[],"td M06HF/6-31g(d,p) geom=connectivity",-7.21700322695,0.873485421858,55,0.0569,-649.8238093,3.9711,0.466666666667
/home/ccollins/allmols/H/noopt/m06hf/12128-13-.log,12128-13-,---,[],"td M06HF/6-31g(d,p) geom=connectivity",-7.63551431069,-0.537696945044,72,1.7427,-962.4676306,1.9759,0.533333333333
/home/ccollins/allmols/H/noopt/m06hf/1212134.log,1212134,---,[],"td M06HF/6-31g(d,p) geom=connectivity",-6.9225760536,0.426674498901,72,1.4741,-898.3852499,3.4088,0.783333333333
/home/ccollins/allmols/H/noopt/m06hf/135-5-.log,135-5-,---,[],"td M06HF/6-31g(d,p) geom=connectivity",-7.237139651,0.422320677484,60,2.2005,-1313.3871866,3.5584,0.416666666667
/home/ccollins/allmols/H/noopt/m06hf/128-5-.log,128-5-,---,[],"td M06HF/6-31g(d,p) geom=connectivity",-8.47471338889,-0.670760612112,59,0.3064,-1076.5657739,1.9639,0.383333333333
/home/ccollins/allmols/H/noopt/m06hf/45-.log,45-,---,[],"td M06HF/6-31g(d,p) geom=connectivity",-8.26709053005,0.804640620696,42,0.5115,-783.7700265,4.4686,0.2
/home/ccollins/allmols/H/noopt/m06hf/88-48-.log,88-48-,---,[],"td M06HF/6-31g(d,p) geom=connectivity",-9.74330810437,-2.21555087376,81,2.8253,-1117.1156631,1.7665,1.31666666667
/home/ccollins/allmols/H/noopt/m06hf/88-8.log,88-8,---,[],"td M06HF/6-31g(d,p) geom=connectivity",-11.0241479426,-2.58372089736,61,1.2693,-886.1520278,1.7118,0.483333333333
/home/ccollins/allmols/H/noopt/m06hf/1212128-.log,1212128-,---,[],"td M06HF/6-31g(d,p) geom=connectivity",-7.52285918152,-0.608990770753,72,3.8537,-982.2871018,1.8982,0.533333333333
/home/ccollins/allmols/H/noopt/m06hf/558-4-.log,558-4-,---,[],"td M06HF/6-31g(d,p) geom=connectivity",-7.93375107778,-0.905322740972,83,1.3152,-1630.4832319,1.9284,0.983333333333
/home/ccollins/allmols/H/noopt/m06hf/512-124-.log,512-124-,---,[],"td M06HF/6-31g(d,p) geom=connectivity",-7.08067419382,0.0794572408668,76,0.6390,-1241.2084108,3.2452,0.9
/home/ccollins/allmols/H/noopt/m06hf/1213-4.log,1213-4,---,[],"td M06HF/6-31g(d,p) geom=connectivity",-7.31006615975,0.813892491207,55,1.6939,-669.6728063,3.9575,0.416666666667
/home/ccollins/allmols/H/noopt/m06hf/135-58.log,135-58,---,[],"td M06HF/6-31g(d,p) geom=connectivity",-7.54680519931,-0.765456227939,80,3.7568,-1608.4064231,3.0719,0.633333333333
/home/ccollins/allmols/H/noopt/m06hf/124-8-.log,124-8-,---,[],"td M06HF/6-31g(d,p) geom=connectivity",-8.33947281111,-0.60001101408,58,2.8063,-755.8100423,1.8586,0.75
/home/ccollins/allmols/H/noopt/m06hf/1354.log,1354,---,[],"td M06HF/6-31g(d,p) geom=connectivity",-7.32339973784,0.39810254585,59,0.7651,-992.6399162,3.6260,0.666666666667
/home/ccollins/allmols/H/noopt/m06hf/121312-.log,121312-,---,[],"td M06HF/6-31g(d,p) geom=connectivity",-7.15822663781,1.0106307965,52,1.5810,-667.4487191,3.9743,0.45
/home/ccollins/allmols/H/noopt/m06hf/4445-.log,4445-,---,[],"td M06HF/6-31g(d,p) geom=connectivity",-7.43904811923,-0.158642367895,82,0.5355,-1245.593177,3.4735,1.31666666667
/home/ccollins/allmols/H/noopt/m06hf/135-5-13.log,135-5-13,---,[],"td M06HF/6-31g(d,p) geom=connectivity",-6.83495539758,0.177146108919,77,3.4076,-1522.2587208,3.1615,0.683333333333
/home/ccollins/allmols/H/noopt/m06hf/84-12-.log,84-12-,---,[],"td M06HF/6-31g(d,p) geom=connectivity",-8.44205972826,-0.714298826285,58,4.0675,-755.8224374,1.9067,0.516666666667
/home/ccollins/allmols/H/noopt/m06hf/5412-12.log,5412-12,---,[],"td M06HF/6-31g(d,p) geom=connectivity",-7.14706997043,-0.0228575624411,76,0.6129,-1241.1908209,3.3213,0.716666666667
/home/ccollins/allmols/H/noopt/m06hf/558-5-.log,558-5-,---,[],"td M06HF/6-31g(d,p) geom=connectivity",-7.86272936591,-0.887091113787,84,0.5946,-1951.2266113,1.9662,0.816666666667
/home/ccollins/allmols/H/noopt/m06hf/8135-4.log,8135-4,---,[],"td M06HF/6-31g(d,p) geom=connectivity",-7.77810196211,-0.582051500733,79,3.8209,-1287.6721693,1.9598,1.25
/home/ccollins/allmols/H/noopt/m06hf/131312-5.log,131312-5,---,[],"td M06HF/6-31g(d,p) geom=connectivity",-6.78488645128,0.568717922642,73,2.4889,-1199.2929648,3.4187,0.766666666667
/home/ccollins/allmols/H/noopt/m06hf/124-13-.log,124-13-,---,[],"td M06HF/6-31g(d,p) geom=connectivity",-7.35496494311,0.606541746206,55,1.9221,-669.6661038,3.8945,0.45
/home/ccollins/allmols/H/noopt/m06hf/12413.log,12413,---,[],"td M06HF/6-31g(d,p) geom=connectivity",-7.35850242301,0.600555241757,55,0.9328,-669.6668414,3.8926,0.45
/home/ccollins/allmols/H/noopt/m06hf/45-12.log,45-12,---,[],"td M06HF/6-31g(d,p) geom=connectivity",-7.51469576636,0.199731557521,59,0.4271,-1012.4800534,3.6282,0.416666666667
/home/ccollins/allmols/H/noopt/m06hf/55-.log,55-,---,[],"td M06HF/6-31g(d,p) geom=connectivity",-8.04939945918,0.791034928766,43,0.0001,-1104.5197848,4.2346,0.183333333333
/home/ccollins/allmols/H/noopt/m06hf/81313-.log,81313-,---,[],"td M06HF/6-31g(d,p) geom=connectivity",-7.97239124286,-0.102042689469,55,4.1586,-713.9280126,1.9604,0.35
/home/ccollins/allmols/H/noopt/m06hf/131313-.log,131313-,---,[],"td M06HF/6-31g(d,p) geom=connectivity",-6.87794938407,1.69445287287,52,1.4454,-627.7653195,4.2412,0.366666666667
/home/ccollins/allmols/H/noopt/m06hf/44-4-12-.log,44-4-12-,---,[],"td M06HF/6-31g(d,p) geom=connectivity",-7.40448966173,-0.111294559981,78,0.9548,-922.6262808,3.5089,1.15
/home/ccollins/allmols/H/noopt/m06hf/1212-55-.log,1212-55-,---,[],"td M06HF/6-31g(d,p) geom=connectivity",-7.04938110238,-0.0647630935832,77,0.2570,-1561.9451337,3.1538,0.666666666667
/home/ccollins/allmols/H/noopt/m06hf/88-4-8.log,88-4-8,---,[],"td M06HF/6-31g(d,p) geom=connectivity",-9.74330810437,-2.21555087376,81,2.8253,-1117.1156636,1.7665,1.31666666667
/home/ccollins/allmols/H/noopt/m06hf/813-5-.log,813-5-,---,[],"td M06HF/6-31g(d,p) geom=connectivity",-8.17103434503,-0.328169289333,59,3.9153,-1056.7362031,1.9597,0.35
/home/ccollins/allmols/H/noopt/m06hf/85-138.log,85-138,---,[],"td M06HF/6-31g(d,p) geom=connectivity",-8.41375988905,-1.20954601251,79,2.0225,-1351.7512064,1.9017,1.18333333333
/home/ccollins/allmols/H/noopt/m06hf/88-.log,88-,---,[],"td M06HF/6-31g(d,p) geom=connectivity",-11.0687746121,-1.684112547,41,0.8152,-591.1572622,1.7517,0.15
/home/ccollins/allmols/H/noopt/m06hf/812-.log,812-,---,[],"td M06HF/6-31g(d,p) geom=connectivity",-9.44425499577,-0.383680512405,38,3.1862,-524.8760974,1.9101,0.15
/home/ccollins/allmols/H/noopt/m06hf/1213135.log,1213135,---,[],"td M06HF/6-31g(d,p) geom=connectivity",-6.73835498488,0.718108420026,73,1.7097,-1199.289575,3.5535,0.733333333333
/home/ccollins/allmols/H/noopt/m06hf/1313-12.log,1313-12,---,[],"td M06HF/6-31g(d,p) geom=connectivity",-7.05591183451,1.32791553229,52,0.6305,-647.609243,4.0944,0.383333333333
/home/ccollins/allmols/H/noopt/m06hf/44-.log,44-,---,[],"td M06HF/6-31g(d,p) geom=connectivity",-8.50083631739,0.813076149692,41,0.0403,-463.009296,4.7313,0.233333333333
/home/ccollins/allmols/H/noopt/m06hf/551212-.log,551212-,---,[],"td M06HF/6-31g(d,p) geom=connectivity",-7.0036659775,-0.0745591917723,77,0.6973,-1561.9411758,3.1350,0.966666666667
/home/ccollins/allmols/H/noopt/m06hf/54-8-4-.log,54-8-4-,---,[],"td M06HF/6-31g(d,p) geom=connectivity",-8.08178100597,-0.860423957605,82,0.6977,-1309.7310224,1.8889,1.13333333333
/home/ccollins/allmols/H/noopt/m06hf/1312.log,1312,---,[],"td M06HF/6-31g(d,p) geom=connectivity",-7.64449406737,1.76901206464,35,1.1068,-438.7373872,4.7215,0.166666666667
/home/ccollins/allmols/H/noopt/m06hf/58-13-8.log,58-13-8,---,[],"td M06HF/6-31g(d,p) geom=connectivity",-8.523421766,-1.18587210855,79,1.8597,-1351.7549803,1.8991,1.1
/home/ccollins/allmols/H/noopt/m06hf/4413-13.log,4413-13,---,[],"td M06HF/6-31g(d,p) geom=connectivity",-6.98706703334,0.358918153093,75,1.1941,-880.7466468,3.5673,0.933333333333
/home/ccollins/allmols/H/noopt/m06hf/512138.log,512138,---,[],"td M06HF/6-31g(d,p) geom=connectivity",-7.47251812138,-0.369530592798,76,3.5102,-1285.4477138,1.9079,1.1
/home/ccollins/allmols/H/noopt/m06hf/131244-.log,131244-,---,[],"td M06HF/6-31g(d,p) geom=connectivity",-7.06679638805,0.0887091113787,75,0.4553,-900.5945937,3.3691,0.866666666667
/home/ccollins/allmols/H/noopt/m06hf/13513-13.log,13513-13,---,[],"td M06HF/6-31g(d,p) geom=connectivity",-6.72991945588,0.644909797446,73,1.6462,-1179.4523995,3.4239,0.666666666667
/home/ccollins/allmols/H/noopt/m06hf/12813.log,12813,---,[],"td M06HF/6-31g(d,p) geom=connectivity",-8.25919922873,-0.371435389668,55,0.7631,-733.7589444,1.9828,0.433333333333
/home/ccollins/allmols/H/noopt/m06hf/812.log,812,---,[],"td M06HF/6-31g(d,p) geom=connectivity",-9.44425499577,-0.383952626243,38,3.1862,-524.8760976,1.9101,0.15
/home/ccollins/allmols/H/noopt/m06hf/512-12-4-.log,512-12-4-,---,[],"td M06HF/6-31g(d,p) geom=connectivity",-7.05618394835,0.0884369975401,76,0.7935,-1241.2044048,3.2160,1.01666666667
/home/ccollins/allmols/H/noopt/m06hf/412-5.log,412-5,---,[],"td M06HF/6-31g(d,p) geom=connectivity",-7.47605560128,0.3730680727,59,0.3762,-1012.4938363,3.6728,0.5
/home/ccollins/allmols/H/noopt/m06hf/58-134-.log,58-134-,---,[],"td M06HF/6-31g(d,p) geom=connectivity",-7.86136879672,-0.610351339946,79,1.3323,-1287.6777655,1.9810,0.883333333333
/home/ccollins/allmols/H/noopt/m06hf/41312-5-.log,41312-5-,---,[],"td M06HF/6-31g(d,p) geom=connectivity",-6.96774695081,0.376333438763,76,1.7676,-1221.362519,3.4069,0.783333333333
/home/ccollins/allmols/H/noopt/m06hf/513-.log,513-,---,[],"td M06HF/6-31g(d,p) geom=connectivity",-7.75089057825,1.40301895174,39,1.8352,-761.7082538,4.5086,0.2
/home/ccollins/allmols/H/noopt/m06hf/84-4-8.log,84-4-8,---,[],"td M06HF/6-31g(d,p) geom=connectivity",-8.82111430541,-1.41444773296,81,1.3533,-1053.0333672,1.8537,1.66666666667
/home/ccollins/allmols/H/noopt/m06hf/58-58-.log,58-58-,---,[],"td M06HF/6-31g(d,p) geom=connectivity",-8.69049966289,-1.53934798487,83,2.1344,-1694.5563353,1.8881,0.916666666667
/home/ccollins/allmols/H/noopt/m06hf/48-12-.log,48-12-,---,[],"td M06HF/6-31g(d,p) geom=connectivity",-8.64097494426,-0.684094190202,58,1.7381,-755.8172158,1.8916,0.5
/home/ccollins/allmols/H/noopt/m06hf/84-5.log,84-5,---,[],"td M06HF/6-31g(d,p) geom=connectivity",-8.52859192893,-0.754299560557,62,3.7159,-1078.7892044,1.9094,0.866666666667
/home/ccollins/allmols/H/noopt/m06hf/88-1312-.log,88-1312-,---,[],"td M06HF/6-31g(d,p) geom=connectivity",-8.34437086021,-1.55649115671,75,6.0417,-1028.7638794,1.7849,0.783333333333
/home/ccollins/allmols/H/noopt/m06hf/41313-.log,41313-,---,[],"td M06HF/6-31g(d,p) geom=connectivity",-7.16475736994,1.0952582003,55,0.8407,-649.8352876,4.0733,0.7
/home/ccollins/allmols/H/noopt/m06hf/85125.log,85125,---,[],"td M06HF/6-31g(d,p) geom=connectivity",-7.68177366325,-0.893621845913,80,5.0831,-1628.2597682,1.9412,0.883333333333
/home/ccollins/allmols/H/noopt/m06hf/5134.log,5134,---,[],"td M06HF/6-31g(d,p) geom=connectivity",-7.30190274459,0.69416240223,59,0.8429,-992.6434784,3.8577,0.45
/home/ccollins/allmols/H/noopt/m06hf/84-13.log,84-13,---,[],"td M06HF/6-31g(d,p) geom=connectivity",-8.24096760154,-0.542594994138,58,3.8762,-735.9809408,1.9116,0.6
/home/ccollins/allmols/H/noopt/m06hf/125-.log,125-,---,[],"td M06HF/6-31g(d,p) geom=connectivity",-7.95987400629,1.01307982105,39,0.2331,-781.5469457,4.3970,0.15
/home/ccollins/allmols/H/noopt/m06hf/4513-13.log,4513-13,---,[],"td M06HF/6-31g(d,p) geom=connectivity",-6.91495686612,0.3229991264,76,1.1150,-1201.5177181,3.3783,0.95
/home/ccollins/allmols/H/noopt/m06hf/1388.log,1388,---,[],"td M06HF/6-31g(d,p) geom=connectivity",-9.14220863494,-1.46179554088,58,2.9040,-800.043799,1.7700,0.483333333333
/home/ccollins/allmols/H/noopt/m06hf/13125-.log,13125-,---,[],"td M06HF/6-31g(d,p) geom=connectivity",-7.16666216681,0.669672156757,56,1.1656,-990.4266885,3.6758,0.483333333333
/home/ccollins/allmols/H/noopt/m06hf/54-4-5-.log,54-4-5-,---,[],"td M06HF/6-31g(d,p) geom=connectivity",-7.34680152795,-0.152383749608,83,0.0764,-1566.35671,3.4098,0.883333333333
/home/ccollins/allmols/H/noopt/m06hf/58-12.log,58-12,---,[],"td M06HF/6-31g(d,p) geom=connectivity",-8.48668639779,-0.675658661206,59,1.5098,-1076.5637805,1.9300,0.366666666667
/home/ccollins/allmols/H/noopt/m06hf/124-128-.log,124-128-,---,[],"td M06HF/6-31g(d,p) geom=connectivity",-7.77429236837,-0.706951752644,75,3.7249,-984.5231552,1.9033,1.18333333333
/home/ccollins/allmols/H/noopt/m06hf/84-513-.log,84-513-,---,[],"td M06HF/6-31g(d,p) geom=connectivity",-7.66136512536,-0.814980946562,79,5.3063,-1287.6612464,1.9095,1.0
/home/ccollins/allmols/H/noopt/m06hf/88-8-.log,88-8-,---,[],"td M06HF/6-31g(d,p) geom=connectivity",-11.0241479426,-2.58372089736,61,1.2693,-886.1520278,1.7118,0.516666666667
/home/ccollins/allmols/H/noopt/m06hf/81312-.log,81312-,---,[],"td M06HF/6-31g(d,p) geom=connectivity",-8.14654409956,-0.308032865278,55,3.6746,-733.7639785,1.9588,0.333333333333
/home/ccollins/allmols/H/noopt/m06hf/1344.log,1344,---,[],"td M06HF/6-31g(d,p) geom=connectivity",-7.49292665927,0.484090518843,58,1.3469,-671.8717304,3.9184,0.633333333333
/home/ccollins/allmols/H/noopt/m06hf/125-5.log,125-5,---,[],"td M06HF/6-31g(d,p) geom=connectivity",-7.40476177557,0.201092126714,60,0.6087,-1333.2298161,3.5246,0.516666666667
/home/ccollins/allmols/H/noopt/m06hf/1313-124.log,1313-124,---,[],"td M06HF/6-31g(d,p) geom=connectivity",-6.87468401801,0.58259572841,72,1.2699,-878.5562094,3.4976,0.783333333333
/home/ccollins/allmols/H/noopt/m06hf/13454-.log,13454-,---,[],"td M06HF/6-31g(d,p) geom=connectivity",-7.15659395478,-0.0244902454726,79,0.9336,-1223.568176,3.3179,0.95
/home/ccollins/allmols/H/noopt/m06hf/8138-5.log,8138-5,---,[],"td M06HF/6-31g(d,p) geom=connectivity",-8.58791274574,-1.22941032273,79,4.1229,-1351.7643087,1.9497,1.01666666667
/home/ccollins/allmols/H/noopt/m06hf/513-1312.log,513-1312,---,[],"td M06HF/6-31g(d,p) geom=connectivity",-6.81672377039,0.802463709987,73,0.8877,-1199.2964069,3.6390,0.85
/home/ccollins/allmols/H/noopt/m06hf/513-12-.log,513-12-,---,[],"td M06HF/6-31g(d,p) geom=connectivity",-7.18380533864,0.860151843767,56,1.2983,-990.4222781,3.8772,0.45
/home/ccollins/allmols/H/noopt/m06hf/125-4-.log,125-4-,---,[],"td M06HF/6-31g(d,p) geom=connectivity",-7.50762080656,0.191023914687,59,0.3757,-1012.4801141,3.6153,0.416666666667
/home/ccollins/allmols/H/noopt/m06hf/1213-12.log,1213-12,---,[],"td M06HF/6-31g(d,p) geom=connectivity",-7.20122062431,0.98641266487,52,2.4793,-667.4463058,3.9681,0.35
/home/ccollins/allmols/H/noopt/m06hf/413-.log,413-,---,[],"td M06HF/6-31g(d,p) geom=connectivity",-7.92232229656,1.43050244944,38,1.4487,-440.9608067,4.7580,0.233333333333
/home/ccollins/allmols/H/noopt/m06hf/8131313-.log,8131313-,---,[],"td M06HF/6-31g(d,p) geom=connectivity",-7.33183526683,-0.189119117817,72,4.7390,-922.7978171,1.9659,0.833333333333
/home/ccollins/allmols/H/noopt/m06hf/121313-8.log,121313-8,---,[],"td M06HF/6-31g(d,p) geom=connectivity",-7.37210811494,-0.158370254056,72,3.3636,-942.6334079,1.9090,0.8
/home/ccollins/allmols/H/noopt/m06hf/4121312.log,4121312,---,[],"td M06HF/6-31g(d,p) geom=connectivity",-6.92910678573,0.419871652937,72,0.3511,-898.3968195,3.4304,0.766666666667
/home/ccollins/allmols/H/noopt/m06hf/125-4.log,125-4,---,[],"td M06HF/6-31g(d,p) geom=connectivity",-7.50381121282,0.196738305297,59,0.4153,-1012.4814424,3.6176,0.416666666667
/home/ccollins/allmols/H/noopt/m06hf/128-124.log,128-124,---,[],"td M06HF/6-31g(d,p) geom=connectivity",-7.94137026526,-0.850899973255,75,1.2275,-984.5306935,1.9408,0.833333333333
/home/ccollins/allmols/H/noopt/m06hf/1213-134-.log,1213-134-,---,[],"td M06HF/6-31g(d,p) geom=connectivity",-6.90380019874,0.763007203392,72,0.7814,-878.5475392,3.6875,0.75
/home/ccollins/allmols/H/noopt/m06hf/413-13.log,413-13,---,[],"td M06HF/6-31g(d,p) geom=connectivity",-7.16258045923,1.10532641233,55,0.8768,-649.8349802,4.0778,0.65
/home/ccollins/allmols/H/noopt/m06hf/12413-5.log,12413-5,---,[],"td M06HF/6-31g(d,p) geom=connectivity",-7.05128589925,0.261229285042,76,2.0696,-1221.3512145,3.4706,0.783333333333
/home/ccollins/allmols/H/noopt/m06hf/513.log,513,---,[],"td M06HF/6-31g(d,p) geom=connectivity",-7.71279464085,1.39186228436,39,1.1267,-761.7067838,4.5078,0.183333333333
/home/ccollins/allmols/H/noopt/m06hf/51213-12.log,51213-12,---,[],"td M06HF/6-31g(d,p) geom=connectivity",-6.90434442641,0.427218726578,73,2.5892,-1219.1363985,3.4025,0.866666666667
/home/ccollins/allmols/H/noopt/m06hf/138-5-5-.log,138-5-5-,---,[],"td M06HF/6-31g(d,p) geom=connectivity",-7.77347602686,-0.760830292683,80,2.6856,-1608.4203598,1.9763,0.783333333333
/home/ccollins/allmols/H/noopt/m06hf/513-4-.log,513-4-,---,[],"td M06HF/6-31g(d,p) geom=connectivity",-7.34244770654,0.703958500419,59,1.3121,-992.6450248,3.8642,0.516666666667
/home/ccollins/allmols/H/noopt/m06hf/5134-.log,5134-,---,[],"td M06HF/6-31g(d,p) geom=connectivity",-7.30435176913,0.693618174553,59,0.8731,-992.6447051,3.8581,0.616666666667
/home/ccollins/allmols/H/noopt/m06hf/88-13-.log,88-13-,---,[],"td M06HF/6-31g(d,p) geom=connectivity",-9.28098669262,-1.47594546048,58,4.6925,-800.0522697,1.7831,0.45
/home/ccollins/allmols/H/noopt/m06hf/812-5-8-.log,812-5-8-,---,[],"td M06HF/6-31g(d,p) geom=connectivity",-8.5030132281,-1.42125057893,79,3.7310,-1371.5775622,1.8889,1.21666666667
/home/ccollins/allmols/H/noopt/m06hf/85-5.log,85-5,---,[],"td M06HF/6-31g(d,p) geom=connectivity",-8.40042631095,-0.80953866979,63,3.8436,-1399.5432898,1.9461,0.516666666667
/home/ccollins/allmols/H/noopt/m06hf/1313128-.log,1313128-,---,[],"td M06HF/6-31g(d,p) geom=connectivity",-7.30108640307,-0.474838648331,72,1.0482,-942.6231548,1.9091,0.816666666667
/home/ccollins/allmols/H/noopt/m06hf/58-.log,58-,---,[],"td M06HF/6-31g(d,p) geom=connectivity",-9.46547987518,-0.331978883074,42,1.7463,-847.8508655,1.8961,0.2
/home/ccollins/allmols/H/noopt/m06hf/128-54-.log,128-54-,---,[],"td M06HF/6-31g(d,p) geom=connectivity",-8.01266409097,-0.928996644929,79,1.2981,-1307.5005624,1.9652,0.9
/home/ccollins/allmols/H/noopt/m06hf/541313-.log,541313-,---,[],"td M06HF/6-31g(d,p) geom=connectivity",-6.93155581027,0.34422400581,76,0.9556,-1201.5072003,3.4972,0.833333333333
/home/ccollins/allmols/H/noopt/m06hf/138-1312.log,138-1312,---,[],"td M06HF/6-31g(d,p) geom=connectivity",-7.58381268136,-0.326536606302,72,3.2995,-942.6462394,1.9844,0.566666666667
/home/ccollins/allmols/H/noopt/m06hf/12813-.log,12813-,---,[],"td M06HF/6-31g(d,p) geom=connectivity",-8.25919922873,-0.370891161991,55,2.1220,-733.758696,1.9776,0.433333333333
/home/ccollins/allmols/H/noopt/m06hf/45-5-.log,45-5-,---,[],"td M06HF/6-31g(d,p) geom=connectivity",-7.53945812567,0.10775708008,63,0.9571,-1335.4491258,3.5502,0.533333333333
/home/ccollins/allmols/H/noopt/m06hf/1388-12-.log,1388-12-,---,[],"td M06HF/6-31g(d,p) geom=connectivity",-8.60832128363,-1.5148577394,75,2.5098,-1028.7591426,1.7893,0.783333333333
/home/ccollins/allmols/H/noopt/m06hf/125.log,125,---,[],"td M06HF/6-31g(d,p) geom=connectivity",-7.95415961568,1.00899811347,39,1.0333,-781.5468918,4.4010,0.166666666667
/home/ccollins/allmols/H/noopt/m06hf/513-8.log,513-8,---,[],"td M06HF/6-31g(d,p) geom=connectivity",-8.0953866979,-0.255242780593,59,2.6337,-1056.7297412,1.9081,0.366666666667
/home/ccollins/allmols/H/noopt/m06hf/134-8-.log,134-8-,---,[],"td M06HF/6-31g(d,p) geom=connectivity",-8.14055759511,-0.437831166283,58,2.6207,-735.9693801,1.8599,0.483333333333
/home/ccollins/allmols/H/noopt/m06hf/134-13-13-.log,134-13-13-,---,[],"td M06HF/6-31g(d,p) geom=connectivity",-6.79522677714,0.64028386219,72,1.3336,-858.6915979,3.5794,0.983333333333
/home/ccollins/allmols/H/noopt/m06hf/513-48.log,513-48,---,[],"td M06HF/6-31g(d,p) geom=connectivity",-7.5756492662,-0.604364835497,79,2.7191,-1287.6540818,1.8602,0.983333333333
/home/ccollins/allmols/H/noopt/m06hf/13138-5-.log,13138-5-,---,[],"td M06HF/6-31g(d,p) geom=connectivity",-7.48503535796,-0.523547025437,76,3.0215,-1265.6102588,1.9762,0.766666666667
/home/ccollins/allmols/H/noopt/m06hf/5513-.log,5513-,---,[],"td M06HF/6-31g(d,p) geom=connectivity",-7.23741176484,0.422320677484,60,2.2007,-1313.3871877,3.5585,0.4
/home/ccollins/allmols/H/noopt/m06hf/858-.log,858-,---,[],"td M06HF/6-31g(d,p) geom=connectivity",-9.54276020533,-1.56166131964,62,1.7032,-1142.8679496,1.8855,0.566666666667
/home/ccollins/allmols/H/noopt/m06hf/12413-4-.log,12413-4-,---,[],"td M06HF/6-31g(d,p) geom=connectivity",-7.11251151293,0.251161073014,75,1.5890,-900.6030516,3.5160,0.916666666667
/home/ccollins/allmols/H/noopt/m06hf/135-13-12-.log,135-13-12-,---,[],"td M06HF/6-31g(d,p) geom=connectivity",-6.77889994683,0.492253934,73,0.9785,-1199.2918687,3.3775,0.666666666667
/home/ccollins/allmols/H/noopt/m06hf/125-13-8.log,125-13-8,---,[],"td M06HF/6-31g(d,p) geom=connectivity",-7.53537641809,-0.497424096933,76,2.9992,-1285.4382531,3.2743,0.616666666667
/home/ccollins/allmols/H/noopt/m06hf/54-13.log,54-13,---,[],"td M06HF/6-31g(d,p) geom=connectivity",-7.38761860374,0.479464583587,59,1.0784,-992.6338054,3.8076,0.533333333333
/home/ccollins/allmols/H/noopt/m06hf/812-12-12-.log,812-12-12-,---,[],"td M06HF/6-31g(d,p) geom=connectivity",-7.60258853622,-0.714843053963,72,4.9652,-982.2942821,1.9011,0.8
/home/ccollins/allmols/H/noopt/m06hf/12138-13-.log,12138-13-,---,[],"td M06HF/6-31g(d,p) geom=connectivity",-7.51959381546,-0.299053108605,72,0.3603,-942.6463541,1.9913,0.55
/home/ccollins/allmols/H/noopt/m06hf/48-.log,48-,---,[],"td M06HF/6-31g(d,p) geom=connectivity",-9.73704948608,-0.323543354077,41,1.0939,-527.1042111,1.8565,0.266666666667
/home/ccollins/allmols/H/noopt/m06hf/128-.log,128-,---,[],"td M06HF/6-31g(d,p) geom=connectivity",-9.35336897368,-0.275379204648,38,2.2361,-524.8691615,1.8969,0.183333333333
/home/ccollins/allmols/H/noopt/m06hf/131212-.log,131212-,---,[],"td M06HF/6-31g(d,p) geom=connectivity",-7.1454372874,0.815525174239,52,1.4079,-667.4517514,3.7591,0.366666666667
/home/ccollins/allmols/H/noopt/m06hf/545-5-.log,545-5-,---,[],"td M06HF/6-31g(d,p) geom=connectivity",-7.20639078724,-0.207078631163,84,0.4019,-1887.1211293,3.2162,0.75
/home/ccollins/allmols/H/noopt/m06hf/544-13.log,544-13,---,[],"td M06HF/6-31g(d,p) geom=connectivity",-7.2025811935,0.0272113838585,79,0.9723,-1223.5437575,3.4538,0.95
/home/ccollins/allmols/H/noopt/m06hf/812-1212-.log,812-1212-,---,[],"td M06HF/6-31g(d,p) geom=connectivity",-7.68340634628,-0.80191948231,72,4.6884,-982.3068301,1.9148,0.8
/home/ccollins/allmols/H/noopt/m06hf/513-4-5.log,513-4-5,---,[],"td M06HF/6-31g(d,p) geom=connectivity",-7.06815695724,0.177962450435,80,1.7355,-1544.316688,3.4259,0.783333333333
/home/ccollins/allmols/H/noopt/m06hf/13812.log,13812,---,[],"td M06HF/6-31g(d,p) geom=connectivity",-8.24341662609,-0.417966856066,55,1.1976,-733.7578816,1.9390,0.416666666667
/home/ccollins/allmols/H/noopt/m06hf/81388.log,81388,---,[],"td M06HF/6-31g(d,p) geom=connectivity",-9.32017108537,-2.04874509071,78,0.3085,-1095.0641588,1.7666,1.11666666667
/home/ccollins/allmols/H/noopt/m06hf/13135-.log,13135-,---,[],"td M06HF/6-31g(d,p) geom=connectivity",-7.03985711803,1.04573348168,56,2.7202,-970.5760556,3.9116,0.466666666667
/home/ccollins/allmols/H/noopt/m06hf/135-13-.log,135-13-,---,[],"td M06HF/6-31g(d,p) geom=connectivity",-7.06135411128,0.821511678688,56,0.9034,-970.5776886,3.7098,0.416666666667
/home/ccollins/allmols/H/noopt/m06hf/12812-12-.log,12812-12-,---,[],"td M06HF/6-31g(d,p) geom=connectivity",-7.79361245091,-0.801647368471,72,2.1818,-982.2918631,1.9290,0.566666666667
/home/ccollins/allmols/H/noopt/m06hf/13512-.log,13512-,---,[],"td M06HF/6-31g(d,p) geom=connectivity",-7.19931582744,0.532798895949,56,1.5403,-990.4168255,3.6306,0.383333333333
/home/ccollins/allmols/H/noopt/m06hf/445.log,445,---,[],"td M06HF/6-31g(d,p) geom=connectivity",-7.72667244662,0.180411474982,62,0.5812,-1014.6833787,3.8232,0.816666666667
/home/ccollins/allmols/H/noopt/m06hf/138-13-.log,138-13-,---,[],"td M06HF/6-31g(d,p) geom=connectivity",-8.08042043678,-0.106940738564,55,0.6097,-713.9336023,1.9908,0.35
/home/ccollins/allmols/H/noopt/m06hf/5124-.log,5124-,---,[],"td M06HF/6-31g(d,p) geom=connectivity",-7.44857210358,0.363816202188,59,1.1252,-1012.4932863,3.6615,0.45
/home/ccollins/allmols/H/noopt/m06hf/5512.log,5512,---,[],"td M06HF/6-31g(d,p) geom=connectivity",-7.36584949665,0.204629606616,60,1.2668,-1333.2260303,3.5345,0.383333333333
/home/ccollins/allmols/H/noopt/m06hf/44-124.log,44-124,---,[],"td M06HF/6-31g(d,p) geom=connectivity",-7.3266651039,-0.0625861828745,78,0.8675,-922.6615993,3.4024,1.11666666667
/home/ccollins/allmols/H/noopt/m06hf/134-412-.log,134-412-,---,[],"td M06HF/6-31g(d,p) geom=connectivity",-7.18516590783,0.0838110622842,75,2.0016,-900.5785159,3.4910,0.9
/home/ccollins/allmols/H/noopt/m06hf/5135.log,5135,---,[],"td M06HF/6-31g(d,p) geom=connectivity",-7.17428135429,0.695795085262,60,0.4999,-1313.3898623,3.7695,0.483333333333
/home/ccollins/allmols/H/noopt/m06hf/84-8-.log,84-8-,---,[],"td M06HF/6-31g(d,p) geom=connectivity",-9.70929387455,-1.47594546048,61,1.1820,-822.1185865,1.8496,0.766666666667
/home/ccollins/allmols/H/noopt/m06hf/558-.log,558-,---,[],"td M06HF/6-31g(d,p) geom=connectivity",-8.2885875233,-0.709945004868,63,3.0427,-1399.5305989,1.8988,0.35
/home/ccollins/allmols/H/noopt/m06hf/8135.log,8135,---,[],"td M06HF/6-31g(d,p) geom=connectivity",-8.17103434503,-0.328169289333,59,3.9153,-1056.736203,1.9597,0.35
/home/ccollins/allmols/H/noopt/m06hf/12138.log,12138,---,[],"td M06HF/6-31g(d,p) geom=connectivity",-8.01157563562,-0.191568142364,55,2.9768,-733.7577557,1.9069,0.333333333333
/home/ccollins/allmols/H/noopt/m06hf/8412-.log,8412-,---,[],"td M06HF/6-31g(d,p) geom=connectivity",-8.44750200503,-0.722190127604,58,3.9970,-755.8229133,1.9070,0.516666666667
/home/ccollins/allmols/H/noopt/m06hf/138-8-.log,138-8-,---,[],"td M06HF/6-31g(d,p) geom=connectivity",-9.14220863494,-1.46179554088,58,2.9041,-800.0437983,1.7700,0.483333333333
/home/ccollins/allmols/H/noopt/m06hf/5124.log,5124,---,[],"td M06HF/6-31g(d,p) geom=connectivity",-7.44966055894,0.358101811578,59,1.1652,-1012.4935821,3.6594,0.483333333333
/home/ccollins/allmols/H/noopt/m06hf/1341312-.log,1341312-,---,[],"td M06HF/6-31g(d,p) geom=connectivity",-6.94543361604,0.506948081284,72,2.9547,-878.5340374,3.5647,0.7
/home/ccollins/allmols/H/noopt/m06hf/8513.log,8513,---,[],"td M06HF/6-31g(d,p) geom=connectivity",-8.13130572459,-0.607358087722,59,3.4777,-1056.7320909,1.9524,0.583333333333
/home/ccollins/allmols/H/noopt/m06hf/412-4.log,412-4,---,[],"td M06HF/6-31g(d,p) geom=connectivity",-7.59632991794,0.361095063802,58,0.7608,-691.7499079,3.7718,0.65
/home/ccollins/allmols/H/noopt/m06hf/854.log,854,---,[],"td M06HF/6-31g(d,p) geom=connectivity",-8.56886477704,-0.824504930912,62,3.6681,-1078.7930671,1.9440,0.566666666667
/home/ccollins/allmols/H/noopt/m06hf/84-8.log,84-8,---,[],"td M06HF/6-31g(d,p) geom=connectivity",-9.70929387455,-1.47594546048,61,1.1820,-822.1185867,1.8496,0.783333333333
/home/ccollins/allmols/H/noopt/m06hf/135-.log,135-,---,[],"td M06HF/6-31g(d,p) geom=connectivity",-7.75061846441,1.40301895174,39,1.8351,-761.7082522,4.5085,0.2
/home/ccollins/allmols/H/noopt/m06hf/1213-125-.log,1213-125-,---,[],"td M06HF/6-31g(d,p) geom=connectivity",-6.92556930582,0.434293686382,73,1.9402,-1219.1365913,3.4085,0.833333333333
/home/ccollins/allmols/H/noopt/m06hf/813-513.log,813-513,---,[],"td M06HF/6-31g(d,p) geom=connectivity",-7.49347088695,-0.439735963153,76,3.9513,-1265.6080054,1.9604,1.06666666667
/home/ccollins/allmols/H/noopt/m06hf/513-13-.log,513-13-,---,[],"td M06HF/6-31g(d,p) geom=connectivity",-7.03985711803,1.04600559552,56,2.7203,-970.576057,3.9118,0.466666666667
/home/ccollins/allmols/H/noopt/m06hf/124-812.log,124-812,---,[],"td M06HF/6-31g(d,p) geom=connectivity",-7.94354717597,-0.824777044751,75,1.2600,-984.5230761,1.8922,0.733333333333
/home/ccollins/allmols/H/noopt/m06hf/513124.log,513124,---,[],"td M06HF/6-31g(d,p) geom=connectivity",-6.93863077008,0.335244249137,76,0.1043,-1221.3668545,3.3671,0.8
/home/ccollins/allmols/H/noopt/m06hf/88-5-5-.log,88-5-5-,---,[],"td M06HF/6-31g(d,p) geom=connectivity",-8.55689176814,-1.74887564059,83,6.8135,-1694.5389418,1.7813,0.783333333333
/home/ccollins/allmols/H/noopt/m06hf/1348-8.log,1348-8,---,[],"td M06HF/6-31g(d,p) geom=connectivity",-8.2717164653,-1.58832847582,78,4.0882,-1030.9666541,1.7407,1.03333333333
/home/ccollins/allmols/H/noopt/m06hf/131288-.log,131288-,---,[],"td M06HF/6-31g(d,p) geom=connectivity",-8.13239417995,-1.6008457124,75,3.5886,-1028.7526001,1.7748,0.85
/home/ccollins/allmols/H/noopt/m06hf/513-5-.log,513-5-,---,[],"td M06HF/6-31g(d,p) geom=connectivity",-7.21210517785,0.706679638805,60,1.2172,-1313.3917172,3.7760,0.45
/home/ccollins/allmols/H/noopt/m06hf/413-4-.log,413-4-,---,[],"td M06HF/6-31g(d,p) geom=connectivity",-7.44639519288,0.702325817388,58,0.8545,-671.8972244,3.9769,0.7
/home/ccollins/allmols/H/noopt/m06hf/513-1213.log,513-1213,---,[],"td M06HF/6-31g(d,p) geom=connectivity",-6.80856035523,0.613888819848,73,1.3926,-1199.2997397,3.4613,0.8
/home/ccollins/allmols/H/noopt/m06hf/84-128.log,84-128,---,[],"td M06HF/6-31g(d,p) geom=connectivity",-8.62655291082,-1.38424309688,78,2.4370,-1050.8340987,1.8978,1.31666666667
/home/ccollins/allmols/H/noopt/m06hf/5812-8.log,5812-8,---,[],"td M06HF/6-31g(d,p) geom=connectivity",-8.63852591972,-1.45363212572,79,1.5069,-1371.5707525,1.8886,1.16666666667
/home/ccollins/allmols/H/noopt/m06hf/55-5.log,55-5,---,[],"td M06HF/6-31g(d,p) geom=connectivity",-7.44285771297,0.12299545504,64,0.4047,-1656.2025942,3.4593,0.483333333333
/home/ccollins/allmols/H/noopt/m06hf/125-13.log,125-13,---,[],"td M06HF/6-31g(d,p) geom=connectivity",-7.22870412201,0.565724670418,56,1.2484,-990.418329,3.6578,0.4
/home/ccollins/allmols/H/noopt/m06hf/13512.log,13512,---,[],"td M06HF/6-31g(d,p) geom=connectivity",-7.17836306187,0.541778652623,56,0.9582,-990.4170177,3.6417,0.4
/home/ccollins/allmols/H/noopt/m06hf/12813-4.log,12813-4,---,[],"td M06HF/6-31g(d,p) geom=connectivity",-7.83823912044,-0.593480281954,75,2.2250,-964.6965496,1.9785,0.933333333333
/home/ccollins/allmols/H/noopt/m06hf/12124-4.log,12124-4,---,[],"td M06HF/6-31g(d,p) geom=connectivity",-7.18162842793,0.0114287812206,75,1.3881,-920.4248886,3.3802,0.833333333333
/home/ccollins/allmols/H/noopt/m06hf/585-.log,585-,---,[],"td M06HF/6-31g(d,p) geom=connectivity",-8.53348997802,-0.685726873234,63,0.6307,-1399.546996,1.9639,0.433333333333
/home/ccollins/allmols/H/noopt/m06hf/413-12-.log,413-12-,---,[],"td M06HF/6-31g(d,p) geom=connectivity",-7.27577981608,0.859335502251,55,1.0499,-669.6746771,3.9843,0.416666666667
/home/ccollins/allmols/H/noopt/m06hf/85.log,85,---,[],"td M06HF/6-31g(d,p) geom=connectivity",-9.5531005312,-0.430211978803,42,2.7816,-847.8597541,1.9435,0.183333333333
/home/ccollins/allmols/H/noopt/m06hf/1212-12.log,1212-12,---,[],"td M06HF/6-31g(d,p) geom=connectivity",-7.30299119994,0.548309384749,52,0.8517,-687.2860855,3.6888,0.333333333333
/home/ccollins/allmols/H/noopt/m06hf/412-13.log,412-13,---,[],"td M06HF/6-31g(d,p) geom=connectivity",-7.27768461295,0.737700616404,55,2.3781,-669.6820245,3.8100,0.466666666667
/home/ccollins/allmols/H/noopt/m06hf/84812-.log,84812-,---,[],"td M06HF/6-31g(d,p) geom=connectivity",-8.82329121612,-1.50478952737,78,4.6388,-1050.8327541,1.8878,1.26666666667
/home/ccollins/allmols/H/noopt/m06hf/128-12-8-.log,128-12-8-,---,[],"td M06HF/6-31g(d,p) geom=connectivity",-8.59226656716,-1.46070708552,75,1.7058,-1048.5895053,1.8885,1.01666666667
/home/ccollins/allmols/H/noopt/m06hf/845-.log,845-,---,[],"td M06HF/6-31g(d,p) geom=connectivity",-8.52859192893,-0.754299560557,62,3.7159,-1078.7892045,1.9094,0.833333333333
/home/ccollins/allmols/H/noopt/m06hf/138-125.log,138-125,---,[],"td M06HF/6-31g(d,p) geom=connectivity",-7.70844081943,-0.641100203706,76,2.4598,-1285.4484339,1.9413,0.75
/home/ccollins/allmols/H/noopt/m06hf/44-5-12-.log,44-5-12-,---,[],"td M06HF/6-31g(d,p) geom=connectivity",-7.2575481889,-0.146669358997,79,1.2284,-1243.3930756,3.3225,0.85
/home/ccollins/allmols/H/noopt/m06hf/584.log,584,---,[],"td M06HF/6-31g(d,p) geom=connectivity",-8.67553340176,-0.700693134356,62,0.6244,-1078.8035303,1.9263,0.483333333333
/home/ccollins/allmols/H/noopt/m06hf/455.log,455,---,[],"td M06HF/6-31g(d,p) geom=connectivity",-7.53510430425,0.112110901497,63,0.9458,-1335.451092,3.5498,0.533333333333
/home/ccollins/allmols/H/noopt/m06hf/48.log,48,---,[],"td M06HF/6-31g(d,p) geom=connectivity",-9.73704948608,-0.323543354077,41,1.0939,-527.104211,1.8565,0.266666666667
/home/ccollins/allmols/H/noopt/m06hf/12125-12.log,12125-12,---,[],"td M06HF/6-31g(d,p) geom=connectivity",-7.00665922972,0.0269392700199,73,1.0203,-1238.9673426,3.2043,0.633333333333
/home/ccollins/allmols/H/noopt/m06hf/1313-.log,1313-,---,[],"td M06HF/6-31g(d,p) geom=connectivity",-7.47986519502,2.36739039569,35,0.0003,-418.8977506,5.0454,0.2
/home/ccollins/allmols/H/noopt/m06hf/131244.log,131244,---,[],"td M06HF/6-31g(d,p) geom=connectivity",-7.06652427421,0.0895254528944,75,0.4323,-900.5950588,3.3698,0.866666666667
/home/ccollins/allmols/H/noopt/m06hf/121213.log,121213,---,[],"td M06HF/6-31g(d,p) geom=connectivity",-7.11550476516,0.827770296975,52,1.3248,-667.4480537,3.7597,0.366666666667
/home/ccollins/allmols/H/noopt/m06hf/4813-.log,4813-,---,[],"td M06HF/6-31g(d,p) geom=connectivity",-8.45022314342,-0.405993847169,58,1.8037,-735.9935404,1.9404,0.583333333333
/home/ccollins/allmols/H/noopt/m06hf/4128.log,4128,---,[],"td M06HF/6-31g(d,p) geom=connectivity",-8.39824940025,-0.57116694719,58,2.4189,-755.817364,1.9039,0.4
/home/ccollins/allmols/H/noopt/m06hf/412-.log,412-,---,[],"td M06HF/6-31g(d,p) geom=connectivity",-8.16423149906,1.0239643746,38,0.8658,-460.8040896,4.6218,0.216666666667
/home/ccollins/allmols/H/noopt/m06hf/813-4-4-.log,813-4-4-,---,[],"td M06HF/6-31g(d,p) geom=connectivity",-7.90871660463,-0.562459304355,78,3.8252,-966.9012906,1.9598,1.51666666667
/home/ccollins/allmols/H/noopt/m06hf/134-128.log,134-128,---,[],"td M06HF/6-31g(d,p) geom=connectivity",-7.63741910756,-0.615521502879,75,2.3883,-964.6820477,1.9049,1.11666666667
/home/ccollins/allmols/H/noopt/m06hf/84-.log,84-,---,[],"td M06HF/6-31g(d,p) geom=connectivity",-9.80779908412,-0.434293686382,41,2.1892,-527.1161389,1.9060,0.266666666667
/home/ccollins/allmols/H/noopt/m06hf/58-4.log,58-4,---,[],"td M06HF/6-31g(d,p) geom=connectivity",-8.67526128793,-0.700693134356,62,0.6242,-1078.8035294,1.9263,0.483333333333
/home/ccollins/allmols/H/noopt/m06hf/1313-13-.log,1313-13-,---,[],"td M06HF/6-31g(d,p) geom=connectivity",-6.87794938407,1.69445287287,52,1.4453,-627.7653196,4.2413,0.366666666667
/home/ccollins/allmols/H/noopt/m06hf/48-44-.log,48-44-,---,[],"td M06HF/6-31g(d,p) geom=connectivity",-8.28967597865,-0.909404448551,81,1.6853,-988.9686728,1.8888,1.38333333333
/home/ccollins/allmols/H/noopt/m06hf/1212-5-.log,1212-5-,---,[],"td M06HF/6-31g(d,p) geom=connectivity",-7.306256566,0.447627264472,56,0.3154,-1010.2617387,3.6278,0.366666666667
/home/ccollins/allmols/H/noopt/m06hf/44-8-.log,44-8-,---,[],"td M06HF/6-31g(d,p) geom=connectivity",-8.63172307375,-0.647086708155,61,1.9799,-758.0157978,1.8577,1.15
/home/ccollins/allmols/H/noopt/m06hf/412812.log,412812,---,[],"td M06HF/6-31g(d,p) geom=connectivity",-7.90599546625,-0.825049158589,75,0.9207,-984.5307158,1.9377,0.833333333333
/home/ccollins/allmols/H/noopt/m06hf/48-5-8-.log,48-5-8-,---,[],"td M06HF/6-31g(d,p) geom=connectivity",-8.83390365582,-1.55975652277,82,1.3217,-1373.8097291,1.8877,1.18333333333
/home/ccollins/allmols/H/noopt/m06hf/84-4-12.log,84-4-12,---,[],"td M06HF/6-31g(d,p) geom=connectivity",-7.94953368042,-0.894982415106,78,4.5985,-986.734781,1.9070,1.25
/home/ccollins/allmols/H/noopt/m06hf/1212-8-13.log,1212-8-13,---,[],"td M06HF/6-31g(d,p) geom=connectivity",-7.64830366111,-0.569534264158,72,0.7535,-962.4741906,1.9807,0.533333333333
/home/ccollins/allmols/H/noopt/m06hf/1288-.log,1288-,---,[],"td M06HF/6-31g(d,p) geom=connectivity",-9.39255336644,-1.65499636627,58,3.0539,-819.8668607,1.7704,0.4
/home/ccollins/allmols/H/noopt/m06hf/125138-.log,125138-,---,[],"td M06HF/6-31g(d,p) geom=connectivity",-7.5149678802,-0.470212713075,76,3.7649,-1285.4384157,3.2889,0.616666666667
/home/ccollins/allmols/H/noopt/m06hf/858-8-.log,858-8-,---,[],"td M06HF/6-31g(d,p) geom=connectivity",-9.56289662939,-2.28113030886,82,1.3988,-1437.8649035,1.7613,1.08333333333
/home/ccollins/allmols/H/noopt/m06hf/13125.log,13125,---,[],"td M06HF/6-31g(d,p) geom=connectivity",-7.14434883205,0.661780855439,56,1.0254,-990.427147,3.6718,0.533333333333
/home/ccollins/allmols/H/noopt/m06hf/588-4.log,588-4,---,[],"td M06HF/6-31g(d,p) geom=connectivity",-8.96533463986,-1.6530915694,82,0.7536,-1373.8042179,1.7823,0.916666666667
/home/ccollins/allmols/H/noopt/m06hf/1358.log,1358,---,[],"td M06HF/6-31g(d,p) geom=connectivity",-8.02817457977,-0.507220195122,59,2.2963,-1056.7229606,1.9020,0.35
/home/ccollins/allmols/H/noopt/m06hf/1312-55.log,1312-55,---,[],"td M06HF/6-31g(d,p) geom=connectivity",-6.90243962954,0.0933350466346,77,1.3669,-1542.1044561,3.1755,0.666666666667
/home/ccollins/allmols/H/noopt/m06hf/135-8-.log,135-8-,---,[],"td M06HF/6-31g(d,p) geom=connectivity",-8.05157636989,-0.480008811264,59,3.6069,-1056.7236143,1.8999,0.35
