/home/ccollins/allmols/H/opt/m06hf/cam/84412.log,84412,---,[],"td CAM-B3LYP/6-31g(d,p)",-6.94543361604,-1.32927610149,78,2.2743,-986.7848874,2.3520,0.516666666667
/home/ccollins/allmols/H/opt/m06hf/cam/135.log,135,---,[],"td CAM-B3LYP/6-31g(d,p)",-6.43848553476,0.616609958233,39,0.9954,-761.7825693,4.5550,0.0833333333333
/home/ccollins/allmols/H/opt/m06hf/cam/813-8-5-.log,813-8-5-,---,[],"td CAM-B3LYP/6-31g(d,p)",-7.38952340061,-1.51050391798,79,2.0553,-1351.8198669,2.4105,0.35
/home/ccollins/allmols/H/opt/m06hf/cam/1312-12.log,1312-12,---,[],"td CAM-B3LYP/6-31g(d,p)",-6.07330876338,0.576609223961,52,1.5687,-667.5259453,4.2373,0.216666666667
/home/ccollins/allmols/H/opt/m06hf/cam/1312-4-.log,1312-4-,---,[],"td CAM-B3LYP/6-31g(d,p)",-6.14433047525,0.402184253428,55,2.0539,-669.7260815,4.2033,0.266666666667
/home/ccollins/allmols/H/opt/m06hf/cam/58-4-5.log,58-4-5,---,[],"td CAM-B3LYP/6-31g(d,p)",-7.26407892102,-1.26832260164,83,1.0734,-1630.5756418,2.3588,0.533333333333
/home/ccollins/allmols/H/opt/m06hf/cam/413-55.log,413-55,---,[],"td CAM-B3LYP/6-31g(d,p)",-6.29018349273,0.0955119573433,80,2.4121,-1544.4363184,4.0440,0.6
/home/ccollins/allmols/H/opt/m06hf/cam/1213-13-8-.log,1213-13-8-,---,[],"td CAM-B3LYP/6-31g(d,p)",-6.35657926934,-1.28981959489,72,2.4061,-942.687056,2.4095,0.383333333333
/home/ccollins/allmols/H/opt/m06hf/cam/413512-.log,413512-,---,[],"td CAM-B3LYP/6-31g(d,p)",-6.22133869157,0.0982330957292,76,1.3944,-1221.4462027,3.9603,0.55
/home/ccollins/allmols/H/opt/m06hf/cam/48-5.log,48-5,---,[],"td CAM-B3LYP/6-31g(d,p)",-7.67769195567,-1.25771016194,62,0.6023,-1078.8535133,2.3564,0.25
/home/ccollins/allmols/H/opt/m06hf/cam/45124-.log,45124-,---,[],"td CAM-B3LYP/6-31g(d,p)",-6.34651105732,-0.140682854548,79,0.6952,-1243.5016432,3.8707,0.783333333333
/home/ccollins/allmols/H/opt/m06hf/cam/4812.log,4812,---,[],"td CAM-B3LYP/6-31g(d,p)",-7.59823471481,-1.20138259735,58,0.7510,-755.8575067,2.3477,0.233333333333
/home/ccollins/allmols/H/opt/m06hf/cam/12858-.log,12858-,---,[],"td CAM-B3LYP/6-31g(d,p)",-7.64912000262,-1.69145962064,79,2.5605,-1371.6589015,2.3968,0.383333333333
/home/ccollins/allmols/H/opt/m06hf/cam/488-12-.log,488-12-,---,[],"td CAM-B3LYP/6-31g(d,p)",-7.86381782127,-1.7545900312,78,0.8132,-1050.8547142,2.2493,0.35
/home/ccollins/allmols/H/opt/m06hf/cam/1213-13-4.log,1213-13-4,---,[],"td CAM-B3LYP/6-31g(d,p)",-6.04011087507,0.705591183451,72,2.7659,-878.5996774,4.3898,0.483333333333
/home/ccollins/allmols/H/opt/m06hf/cam/128.log,128,---,[],"td CAM-B3LYP/6-31g(d,p)",-8.00803815572,-1.3336299229,38,1.9253,-524.920963,2.3876,0.0666666666667
/home/ccollins/allmols/H/opt/m06hf/cam/55-5-.log,55-5-,---,[],"td CAM-B3LYP/6-31g(d,p)",-6.76665482409,-0.138233830001,64,0.4775,-1656.350459,4.1777,0.3
/home/ccollins/allmols/H/opt/m06hf/cam/1212-58-.log,1212-58-,---,[],"td CAM-B3LYP/6-31g(d,p)",-6.60774034236,-1.35730382686,76,2.6390,-1305.3837619,2.4031,0.333333333333
/home/ccollins/allmols/H/opt/m06hf/cam/128-4-4.log,128-4-4,---,[],"td CAM-B3LYP/6-31g(d,p)",-7.37074754575,-1.1883211331,78,0.5934,-986.7860033,2.3509,0.533333333333
/home/ccollins/allmols/H/opt/m06hf/cam/558.log,558,---,[],"td CAM-B3LYP/6-31g(d,p)",-7.17455346813,-1.3575759407,63,2.6960,-1399.6380754,2.4018,0.266666666667
/home/ccollins/allmols/H/opt/m06hf/cam/85-4-.log,85-4-,---,[],"td CAM-B3LYP/6-31g(d,p)",-7.49564779766,-1.33635106129,62,2.3382,-1078.8465072,2.3994,0.25
/home/ccollins/allmols/H/opt/m06hf/cam/1348-.log,1348-,---,[],"td CAM-B3LYP/6-31g(d,p)",-6.79386620795,-1.27675813064,58,2.4227,-736.0011536,2.3529,0.25
/home/ccollins/allmols/H/opt/m06hf/cam/55-8.log,55-8,---,[],"td CAM-B3LYP/6-31g(d,p)",-7.18924761541,-1.36709992505,63,2.0884,-1399.6396925,2.3989,0.283333333333
/home/ccollins/allmols/H/opt/m06hf/cam/124-12.log,124-12,---,[],"td CAM-B3LYP/6-31g(d,p)",-6.51930334482,0.100410006438,55,0.7498,-689.5784749,4.3116,0.266666666667
/home/ccollins/allmols/H/opt/m06hf/cam/1312-8.log,1312-8,---,[],"td CAM-B3LYP/6-31g(d,p)",-6.69263986,-1.20301528038,55,3.7612,-733.8022532,2.3924,0.2
/home/ccollins/allmols/H/opt/m06hf/cam/85-134-.log,85-134-,---,[],"td CAM-B3LYP/6-31g(d,p)",-6.60393074862,-1.30832333592,79,3.2374,-1287.7267524,2.3980,0.583333333333
/home/ccollins/allmols/H/opt/m06hf/cam/413-13-8.log,413-13-8,---,[],"td CAM-B3LYP/6-31g(d,p)",-6.5043370837,-1.26369666639,75,2.5482,-944.885592,2.4103,0.5
/home/ccollins/allmols/H/opt/m06hf/cam/45-48-.log,45-48-,---,[],"td CAM-B3LYP/6-31g(d,p)",-7.07169443714,-1.35594325767,82,2.1426,-1309.775512,2.3529,0.583333333333
/home/ccollins/allmols/H/opt/m06hf/cam/81212.log,81212,---,[],"td CAM-B3LYP/6-31g(d,p)",-7.02489085691,-1.26179186952,55,2.8081,-753.6526665,2.3919,0.183333333333
/home/ccollins/allmols/H/opt/m06hf/cam/1312-134-.log,1312-134-,---,[],"td CAM-B3LYP/6-31g(d,p)",-5.84854273271,0.522186456244,72,3.2492,-878.6029598,4.0505,0.466666666667
/home/ccollins/allmols/H/opt/m06hf/cam/45-13-.log,45-13-,---,[],"td CAM-B3LYP/6-31g(d,p)",-6.47984683822,0.259868715849,59,1.4086,-992.7123459,4.3449,0.333333333333
/home/ccollins/allmols/H/opt/m06hf/cam/513-12.log,513-12,---,[],"td CAM-B3LYP/6-31g(d,p)",-6.10596242401,0.313747255888,56,2.3123,-990.5158437,4.0750,0.25
/home/ccollins/allmols/H/opt/m06hf/cam/45.log,45,---,[],"td CAM-B3LYP/6-31g(d,p)",-7.25237802597,0.458511818016,42,0.6052,-783.8356016,5.0639,0.15
/home/ccollins/allmols/H/opt/m06hf/cam/54-4-12.log,54-4-12,---,[],"td CAM-B3LYP/6-31g(d,p)",-6.71495319476,-0.0361911405318,79,1.0504,-1243.4963844,4.3868,0.75
/home/ccollins/allmols/H/opt/m06hf/cam/134-13-5.log,134-13-5,---,[],"td CAM-B3LYP/6-31g(d,p)",-6.19739267377,0.322727012562,76,1.9053,-1201.5916941,4.1752,0.55
/home/ccollins/allmols/H/opt/m06hf/cam/512-.log,512-,---,[],"td CAM-B3LYP/6-31g(d,p)",-6.81427474584,0.385585309275,39,0.2296,-781.6378387,4.6500,0.0666666666667
/home/ccollins/allmols/H/opt/m06hf/cam/1312-.log,1312-,---,[],"td CAM-B3LYP/6-31g(d,p)",-6.36038886308,1.20492007725,35,2.0722,-438.79116,4.9881,0.0833333333333
/home/ccollins/allmols/H/opt/m06hf/cam/4138-.log,4138-,---,[],"td CAM-B3LYP/6-31g(d,p)",-7.02815622297,-1.24029487627,58,2.5247,-736.0086223,2.4097,0.25
/home/ccollins/allmols/H/opt/m06hf/cam/58-54-.log,58-54-,---,[],"td CAM-B3LYP/6-31g(d,p)",-7.21400997472,-1.25063520214,83,1.0285,-1630.5757261,2.4018,0.516666666667
/home/ccollins/allmols/H/opt/m06hf/cam/1213-48-.log,1213-48-,---,[],"td CAM-B3LYP/6-31g(d,p)",-6.41345106161,-1.33798374432,75,2.1598,-964.7343461,2.3523,0.45
/home/ccollins/allmols/H/opt/m06hf/cam/41213-5.log,41213-5,---,[],"td CAM-B3LYP/6-31g(d,p)",-6.06868282812,0.176329767403,76,2.1742,-1221.4510887,3.9349,0.5
/home/ccollins/allmols/H/opt/m06hf/cam/545-.log,545-,---,[],"td CAM-B3LYP/6-31g(d,p)",-6.96611426777,0.0127893504135,63,0.0002,-1335.557707,4.5453,0.266666666667
/home/ccollins/allmols/H/opt/m06hf/cam/858.log,858,---,[],"td CAM-B3LYP/6-31g(d,p)",-8.24668199215,-1.73853531472,62,1.0051,-1142.9251029,2.3992,0.233333333333
/home/ccollins/allmols/H/opt/m06hf/cam/1212-4-13.log,1212-4-13,---,[],"td CAM-B3LYP/6-31g(d,p)",-6.18786868942,0.0625861828745,72,1.5321,-898.457295,3.9702,0.483333333333
/home/ccollins/allmols/H/opt/m06hf/cam/128-4.log,128-4,---,[],"td CAM-B3LYP/6-31g(d,p)",-7.59796260097,-1.20219893887,58,0.7530,-755.8575178,2.3481,0.25
/home/ccollins/allmols/H/opt/m06hf/cam/8128-12.log,8128-12,---,[],"td CAM-B3LYP/6-31g(d,p)",-7.61374520361,-1.54778351387,75,2.6058,-1048.6611304,2.3891,0.316666666667
/home/ccollins/allmols/H/opt/m06hf/cam/412.log,412,---,[],"td CAM-B3LYP/6-31g(d,p)",-6.9261135335,0.565180442741,38,0.4813,-460.8459418,4.9618,0.116666666667
/home/ccollins/allmols/H/opt/m06hf/cam/131313-8.log,131313-8,---,[],"td CAM-B3LYP/6-31g(d,p)",-6.29725845253,-1.23321991647,72,2.4522,-922.8333712,2.4093,0.383333333333
/home/ccollins/allmols/H/opt/m06hf/cam/138.log,138,---,[],"td CAM-B3LYP/6-31g(d,p)",-7.47850462583,-1.26668991861,38,2.0797,-505.0767975,2.4085,0.0666666666667
/home/ccollins/allmols/H/opt/m06hf/cam/5512-.log,5512-,---,[],"td CAM-B3LYP/6-31g(d,p)",-6.44964220214,-0.264494651105,60,0.6050,-1333.3587121,3.8515,0.25
/home/ccollins/allmols/H/opt/m06hf/cam/448.log,448,---,[],"td CAM-B3LYP/6-31g(d,p)",-7.69211398912,-1.33036455684,61,1.8021,-758.0526148,2.3523,0.3
/home/ccollins/allmols/H/opt/m06hf/cam/1313-84.log,1313-84,---,[],"td CAM-B3LYP/6-31g(d,p)",-6.34841585419,-1.10559852617,75,1.6563,-944.892352,2.3698,0.433333333333
/home/ccollins/allmols/H/opt/m06hf/cam/8813-5-.log,8813-5-,---,[],"td CAM-B3LYP/6-31g(d,p)",-6.96176044636,-1.7066979956,79,3.7163,-1351.7976416,2.2819,0.383333333333
/home/ccollins/allmols/H/opt/m06hf/cam/455-.log,455-,---,[],"td CAM-B3LYP/6-31g(d,p)",-6.69182351848,-0.147213586674,63,0.3179,-1335.5580328,4.0985,0.316666666667
/home/ccollins/allmols/H/opt/m06hf/cam/812-12-8.log,812-12-8,---,[],"td CAM-B3LYP/6-31g(d,p)",-7.26897697012,-1.38914114598,75,3.0779,-1048.6604506,2.3880,0.283333333333
/home/ccollins/allmols/H/opt/m06hf/cam/444.log,444,---,[],"td CAM-B3LYP/6-31g(d,p)",-7.17455346813,0.358918153093,61,0.0000,-693.9701659,5.0490,0.366666666667
/home/ccollins/allmols/H/opt/m06hf/cam/1213.log,1213,---,[],"td CAM-B3LYP/6-31g(d,p)",-6.34106878054,1.18750479158,35,1.3702,-438.7934962,4.9645,0.0833333333333
/home/ccollins/allmols/H/opt/m06hf/cam/512-13-.log,512-13-,---,[],"td CAM-B3LYP/6-31g(d,p)",-6.12310559584,0.182044158013,56,1.5276,-990.5201667,4.0018,0.266666666667
/home/ccollins/allmols/H/opt/m06hf/cam/134-8-13-.log,134-8-13-,---,[],"td CAM-B3LYP/6-31g(d,p)",-6.58678757679,-1.11729942123,75,0.2805,-944.889716,2.3689,0.433333333333
/home/ccollins/allmols/H/opt/m06hf/cam/51213-.log,51213-,---,[],"td CAM-B3LYP/6-31g(d,p)",-6.0988874642,0.260412943526,56,2.3826,-990.517802,4.0315,0.316666666667
/home/ccollins/allmols/H/opt/m06hf/cam/1213-13-5.log,1213-13-5,---,[],"td CAM-B3LYP/6-31g(d,p)",-6.0191581095,0.510757675024,73,3.0025,-1199.3933617,4.2024,0.5
/home/ccollins/allmols/H/opt/m06hf/cam/138-.log,138-,---,[],"td CAM-B3LYP/6-31g(d,p)",-7.47850462583,-1.26668991861,38,2.0797,-505.0767975,2.4085,0.0666666666667
/home/ccollins/allmols/H/opt/m06hf/cam/1212-124-.log,1212-124-,---,[],"td CAM-B3LYP/6-31g(d,p)",-6.15494291495,0.00789130131896,72,0.4871,-918.3153054,3.8576,0.416666666667
/home/ccollins/allmols/H/opt/m06hf/cam/13134.log,13134,---,[],"td CAM-B3LYP/6-31g(d,p)",-6.24038666027,0.846546151838,55,2.6777,-649.866609,4.7124,0.333333333333
/home/ccollins/allmols/H/opt/m06hf/cam/41248-.log,41248-,---,[],"td CAM-B3LYP/6-31g(d,p)",-6.74679051387,-1.32002423098,78,2.3299,-986.7917072,2.3548,0.616666666667
/home/ccollins/allmols/H/opt/m06hf/cam/1384.log,1384,---,[],"td CAM-B3LYP/6-31g(d,p)",-7.18598224935,-1.16274243227,58,1.5730,-736.0128712,2.3658,0.216666666667
/home/ccollins/allmols/H/opt/m06hf/cam/88-5-.log,88-5-,---,[],"td CAM-B3LYP/6-31g(d,p)",-8.09320978719,-1.85962597289,62,2.3343,-1142.9129398,2.2746,0.216666666667
/home/ccollins/allmols/H/opt/m06hf/cam/4813-12-.log,4813-12-,---,[],"td CAM-B3LYP/6-31g(d,p)",-6.5889644875,-1.1382521868,75,1.8194,-964.747622,2.3690,0.383333333333
/home/ccollins/allmols/H/opt/m06hf/cam/581313-.log,581313-,---,[],"td CAM-B3LYP/6-31g(d,p)",-6.48637757035,-1.15457901712,76,1.4563,-1265.6852273,2.4121,0.366666666667
/home/ccollins/allmols/H/opt/m06hf/cam/854-8-.log,854-8-,---,[],"td CAM-B3LYP/6-31g(d,p)",-7.65973244233,-1.49091172161,82,1.1992,-1373.8562973,2.3549,0.683333333333
/home/ccollins/allmols/H/opt/m06hf/cam/4135-.log,4135-,---,[],"td CAM-B3LYP/6-31g(d,p)",-6.37072918895,0.460960842563,59,1.8741,-992.7152871,4.3788,0.283333333333
/home/ccollins/allmols/H/opt/m06hf/cam/124-13.log,124-13,---,[],"td CAM-B3LYP/6-31g(d,p)",-6.39086561301,0.327897175495,55,1.4449,-669.7226624,4.3932,0.266666666667
/home/ccollins/allmols/H/opt/m06hf/cam/131285-.log,131285-,---,[],"td CAM-B3LYP/6-31g(d,p)",-6.5410724519,-1.21689308615,76,1.2994,-1285.535167,2.4016,0.333333333333
/home/ccollins/allmols/H/opt/m06hf/cam/85513.log,85513,---,[],"td CAM-B3LYP/6-31g(d,p)",-6.67685725736,-1.37118163263,80,2.2965,-1608.5154326,2.3993,0.45
/home/ccollins/allmols/H/opt/m06hf/cam/48-1212.log,48-1212,---,[],"td CAM-B3LYP/6-31g(d,p)",-6.85835718769,-1.14886462651,75,1.4630,-984.5892396,2.3505,0.366666666667
/home/ccollins/allmols/H/opt/m06hf/cam/135-12-.log,135-12-,---,[],"td CAM-B3LYP/6-31g(d,p)",-6.30297284314,0.211976680258,56,2.3347,-990.5144364,4.1172,0.25
/home/ccollins/allmols/H/opt/m06hf/cam/1258-5-.log,1258-5-,---,[],"td CAM-B3LYP/6-31g(d,p)",-6.89318775903,-1.23947853475,80,1.1233,-1628.3780151,2.4014,0.433333333333
/home/ccollins/allmols/H/opt/m06hf/cam/134-5-.log,134-5-,---,[],"td CAM-B3LYP/6-31g(d,p)",-6.54651472868,0.275107090809,59,1.8054,-992.7121135,4.4970,0.283333333333
/home/ccollins/allmols/H/opt/m06hf/cam/12131313-.log,12131313-,---,[],"td CAM-B3LYP/6-31g(d,p)",-5.89425785759,0.921649571287,69,2.2230,-856.5497245,4.4209,0.483333333333
/home/ccollins/allmols/H/opt/m06hf/cam/8512.log,8512,---,[],"td CAM-B3LYP/6-31g(d,p)",-7.07686460008,-1.32274536936,59,2.7894,-1076.6487937,2.3995,0.25
/home/ccollins/allmols/H/opt/m06hf/cam/4558.log,4558,---,[],"td CAM-B3LYP/6-31g(d,p)",-7.03278215823,-1.35267789161,83,2.7790,-1630.5678786,2.3993,0.566666666667
/home/ccollins/allmols/H/opt/m06hf/cam/125-135-.log,125-135-,---,[],"td CAM-B3LYP/6-31g(d,p)",-6.19358308003,0.0,77,1.8927,-1542.2398546,3.8659,0.433333333333
/home/ccollins/allmols/H/opt/m06hf/cam/48-12.log,48-12,---,[],"td CAM-B3LYP/6-31g(d,p)",-7.59823471481,-1.20138259735,58,0.7510,-755.8575067,2.3477,0.233333333333
/home/ccollins/allmols/H/opt/m06hf/cam/54-44.log,54-44,---,[],"td CAM-B3LYP/6-31g(d,p)",-6.96992386151,0.0650352074218,82,0.6219,-1245.6921017,4.6336,0.65
/home/ccollins/allmols/H/opt/m06hf/cam/4555-.log,4555-,---,[],"td CAM-B3LYP/6-31g(d,p)",-6.60610765933,-0.264494651105,84,0.5303,-1887.2797323,3.9670,0.65
/home/ccollins/allmols/H/opt/m06hf/cam/124.log,124,---,[],"td CAM-B3LYP/6-31g(d,p)",-6.9261135335,0.565180442741,38,0.4813,-460.8459418,4.9618,0.116666666667
/home/ccollins/allmols/H/opt/m06hf/cam/124-.log,124-,---,[],"td CAM-B3LYP/6-31g(d,p)",-6.9261135335,0.565180442741,38,0.4813,-460.8459418,4.9618,0.116666666667
/home/ccollins/allmols/H/opt/m06hf/cam/1313-813.log,1313-813,---,[],"td CAM-B3LYP/6-31g(d,p)",-6.35984463541,-1.09253706192,72,1.8085,-922.8443138,2.4259,0.366666666667
/home/ccollins/allmols/H/opt/m06hf/cam/513-512-.log,513-512-,---,[],"td CAM-B3LYP/6-31g(d,p)",-6.19358308003,0.0,77,1.8929,-1542.2398546,3.8658,0.433333333333
/home/ccollins/allmols/H/opt/m06hf/cam/8448-.log,8448-,---,[],"td CAM-B3LYP/6-31g(d,p)",-7.90381855554,-1.4422033445,81,0.0000,-1053.0625018,2.3531,0.5
/home/ccollins/allmols/H/opt/m06hf/cam/138-4.log,138-4,---,[],"td CAM-B3LYP/6-31g(d,p)",-7.18598224935,-1.16274243227,58,1.5730,-736.0128712,2.3658,0.216666666667
/home/ccollins/allmols/H/opt/m06hf/cam/1345-.log,1345-,---,[],"td CAM-B3LYP/6-31g(d,p)",-6.33535438993,0.0160547164765,59,2.1275,-992.7110279,4.1176,0.3
/home/ccollins/allmols/H/opt/m06hf/cam/512-12-13-.log,512-12-13-,---,[],"td CAM-B3LYP/6-31g(d,p)",-5.95956517885,-0.0315652052758,73,0.9636,-1219.252817,3.7033,0.366666666667
/home/ccollins/allmols/H/opt/m06hf/cam/1248-.log,1248-,---,[],"td CAM-B3LYP/6-31g(d,p)",-7.18407745248,-1.31349349885,58,2.2587,-755.8569422,2.3523,0.233333333333
/home/ccollins/allmols/H/opt/m06hf/cam/13121313-.log,13121313-,---,[],"td CAM-B3LYP/6-31g(d,p)",-5.78731711902,0.685726873234,69,1.6049,-856.5537308,4.0867,0.416666666667
/home/ccollins/allmols/H/opt/m06hf/cam/45-8.log,45-8,---,[],"td CAM-B3LYP/6-31g(d,p)",-7.49564779766,-1.33635106129,62,2.3379,-1078.8465063,2.3994,0.25
/home/ccollins/allmols/H/opt/m06hf/cam/848-5-.log,848-5-,---,[],"td CAM-B3LYP/6-31g(d,p)",-7.82653822538,-1.57309010086,82,1.9824,-1373.8625323,2.3536,0.533333333333
/home/ccollins/allmols/H/opt/m06hf/cam/448-8-.log,448-8-,---,[],"td CAM-B3LYP/6-31g(d,p)",-7.80531334597,-1.69173173448,81,2.5142,-1053.0493141,2.3359,0.55
/home/ccollins/allmols/H/opt/m06hf/cam/1312-5.log,1312-5,---,[],"td CAM-B3LYP/6-31g(d,p)",-6.12092868513,0.259868715849,56,1.5969,-990.5181137,4.0441,0.25
/home/ccollins/allmols/H/opt/m06hf/cam/1381313-.log,1381313-,---,[],"td CAM-B3LYP/6-31g(d,p)",-6.37399455501,-1.07947559767,72,2.4672,-922.8440615,2.4202,0.416666666667
/home/ccollins/allmols/H/opt/m06hf/cam/125-12.log,125-12,---,[],"td CAM-B3LYP/6-31g(d,p)",-6.40392707726,-0.0745591917723,56,0.3566,-1010.369459,3.9683,0.233333333333
/home/ccollins/allmols/H/opt/m06hf/cam/813-8-.log,813-8-,---,[],"td CAM-B3LYP/6-31g(d,p)",-7.7604145626,-1.56683148257,58,0.4711,-800.0903113,2.4097,0.3
/home/ccollins/allmols/H/opt/m06hf/cam/512-8-5.log,512-8-5,---,[],"td CAM-B3LYP/6-31g(d,p)",-6.91277995541,-1.23104300576,80,0.9978,-1628.3776706,2.3981,0.316666666667
/home/ccollins/allmols/H/opt/m06hf/cam/51312.log,51312,---,[],"td CAM-B3LYP/6-31g(d,p)",-6.18596389255,0.519465317859,56,0.9046,-990.518183,4.3143,0.283333333333
/home/ccollins/allmols/H/opt/m06hf/cam/5813-4-.log,5813-4-,---,[],"td CAM-B3LYP/6-31g(d,p)",-6.71059937334,-1.20927389867,79,2.1480,-1287.7370409,2.4172,0.416666666667
/home/ccollins/allmols/H/opt/m06hf/cam/441212-.log,441212-,---,[],"td CAM-B3LYP/6-31g(d,p)",-6.35059276489,0.00707495980321,75,0.1293,-920.5090409,4.0613,0.583333333333
/home/ccollins/allmols/H/opt/m06hf/cam/848-.log,848-,---,[],"td CAM-B3LYP/6-31g(d,p)",-8.2145725592,-1.5804371745,61,0.0001,-822.132758,2.3538,0.233333333333
/home/ccollins/allmols/H/opt/m06hf/cam/55-4-.log,55-4-,---,[],"td CAM-B3LYP/6-31g(d,p)",-6.78733547582,-0.0413613034649,63,0.4506,-1335.5582188,4.2768,0.316666666667
/home/ccollins/allmols/H/opt/m06hf/cam/128-84-.log,128-84-,---,[],"td CAM-B3LYP/6-31g(d,p)",-7.86381782127,-1.7545900312,78,0.8129,-1050.8547124,2.2494,0.35
/home/ccollins/allmols/H/opt/m06hf/cam/5135-4-.log,5135-4-,---,[],"td CAM-B3LYP/6-31g(d,p)",-6.27821048383,0.0998657787607,80,1.4346,-1544.4374354,4.0441,0.566666666667
/home/ccollins/allmols/H/opt/m06hf/cam/1284.log,1284,---,[],"td CAM-B3LYP/6-31g(d,p)",-7.59796260097,-1.20219893887,58,0.7530,-755.8575178,2.3481,0.25
/home/ccollins/allmols/H/opt/m06hf/cam/13131312.log,13131312,---,[],"td CAM-B3LYP/6-31g(d,p)",-5.97534778149,0.910492903905,69,2.7607,-856.5470748,4.4733,0.483333333333
/home/ccollins/allmols/H/opt/m06hf/cam/4413-.log,4413-,---,[],"td CAM-B3LYP/6-31g(d,p)",-6.57454245405,0.502050032189,58,1.6592,-671.9181054,4.7349,0.333333333333
/home/ccollins/allmols/H/opt/m06hf/cam/51254.log,51254,---,[],"td CAM-B3LYP/6-31g(d,p)",-6.30351707082,-0.19428928075,80,0.9711,-1564.2931334,3.7948,0.516666666667
/home/ccollins/allmols/H/opt/m06hf/cam/135-8-4-.log,135-8-4-,---,[],"td CAM-B3LYP/6-31g(d,p)",-6.77019230399,-1.19621243442,79,2.1480,-1287.7308987,2.3577,0.566666666667
/home/ccollins/allmols/H/opt/m06hf/cam/13138-12-.log,13138-12-,---,[],"td CAM-B3LYP/6-31g(d,p)",-6.5269225323,-1.15240210641,72,2.9938,-942.687058,2.4029,0.366666666667
/home/ccollins/allmols/H/opt/m06hf/cam/81313-5.log,81313-5,---,[],"td CAM-B3LYP/6-31g(d,p)",-6.47249976458,-1.25308422668,76,2.5195,-1265.6806136,2.4103,0.383333333333
/home/ccollins/allmols/H/opt/m06hf/cam/458-.log,458-,---,[],"td CAM-B3LYP/6-31g(d,p)",-7.4959199115,-1.33607894745,62,2.3381,-1078.8465053,2.3993,0.25
/home/ccollins/allmols/H/opt/m06hf/cam/813.log,813,---,[],"td CAM-B3LYP/6-31g(d,p)",-7.47904885351,-1.26750626013,38,2.0767,-505.0767915,2.4080,0.0666666666667
/home/ccollins/allmols/H/opt/m06hf/cam/84-12.log,84-12,---,[],"td CAM-B3LYP/6-31g(d,p)",-7.184893794,-1.3124050435,58,2.2558,-755.8569236,2.3517,0.233333333333
/home/ccollins/allmols/H/opt/m06hf/cam/5138-5.log,5138-5,---,[],"td CAM-B3LYP/6-31g(d,p)",-6.63032579096,-1.20981812635,80,0.9786,-1608.5298434,2.4164,0.366666666667
/home/ccollins/allmols/H/opt/m06hf/cam/548.log,548,---,[],"td CAM-B3LYP/6-31g(d,p)",-7.32013437177,-1.34342602109,62,2.0394,-1078.8458424,2.3541,0.25
/home/ccollins/allmols/H/opt/m06hf/cam/813-5.log,813-5,---,[],"td CAM-B3LYP/6-31g(d,p)",-6.84230247122,-1.29009170873,59,2.4522,-1056.801121,2.4118,0.216666666667
/home/ccollins/allmols/H/opt/m06hf/cam/13412-8-.log,13412-8-,---,[],"td CAM-B3LYP/6-31g(d,p)",-6.60937302539,-1.27757447216,75,3.3895,-964.733247,2.3939,0.4
/home/ccollins/allmols/H/opt/m06hf/cam/13134-.log,13134-,---,[],"td CAM-B3LYP/6-31g(d,p)",-6.24038666027,0.846546151838,55,2.6777,-649.866609,4.7123,0.333333333333
/home/ccollins/allmols/H/opt/m06hf/cam/55-13.log,55-13,---,[],"td CAM-B3LYP/6-31g(d,p)",-6.47630935832,0.103131144824,60,1.8952,-1313.505695,4.1625,0.3
/home/ccollins/allmols/H/opt/m06hf/cam/88-5-12-.log,88-5-12-,---,[],"td CAM-B3LYP/6-31g(d,p)",-7.19360143683,-1.85064621622,79,3.7529,-1371.6449943,2.2743,0.35
/home/ccollins/allmols/H/opt/m06hf/cam/1312-8-4.log,1312-8-4,---,[],"td CAM-B3LYP/6-31g(d,p)",-6.5614809898,-1.10070047708,75,2.5759,-964.7386828,2.3513,0.366666666667
/home/ccollins/allmols/H/opt/m06hf/cam/1244-4-.log,1244-4-,---,[],"td CAM-B3LYP/6-31g(d,p)",-6.72066758537,0.0761918748038,78,0.4603,-922.702569,4.4790,0.55
/home/ccollins/allmols/H/opt/m06hf/cam/848-8-.log,848-8-,---,[],"td CAM-B3LYP/6-31g(d,p)",-8.19416402131,-2.1121476151,81,0.5505,-1117.1281784,2.2515,0.366666666667
/home/ccollins/allmols/H/opt/m06hf/cam/84-512-.log,84-512-,---,[],"td CAM-B3LYP/6-31g(d,p)",-6.76828750712,-1.36927683576,79,1.9308,-1307.5777541,2.3534,0.5
/home/ccollins/allmols/H/opt/m06hf/cam/41212.log,41212,---,[],"td CAM-B3LYP/6-31g(d,p)",-6.38923292997,0.238099608762,55,0.7987,-689.5779006,4.2497,0.266666666667
/home/ccollins/allmols/H/opt/m06hf/cam/444-.log,444-,---,[],"td CAM-B3LYP/6-31g(d,p)",-7.17455346813,0.358918153093,61,0.0000,-693.9701658,5.0490,0.366666666667
/home/ccollins/allmols/H/opt/m06hf/cam/44-13.log,44-13,---,[],"td CAM-B3LYP/6-31g(d,p)",-6.57454245405,0.502050032189,58,1.6591,-671.9181054,4.7349,0.333333333333
/home/ccollins/allmols/H/opt/m06hf/cam/1388-.log,1388-,---,[],"td CAM-B3LYP/6-31g(d,p)",-7.64231715666,-1.70887490631,58,2.7869,-800.0734149,2.2783,0.233333333333
/home/ccollins/allmols/H/opt/m06hf/cam/58-48.log,58-48,---,[],"td CAM-B3LYP/6-31g(d,p)",-7.82653822538,-1.57309010086,82,1.9827,-1373.8625348,2.3536,0.533333333333
/home/ccollins/allmols/H/opt/m06hf/cam/124-5-12-.log,124-5-12-,---,[],"td CAM-B3LYP/6-31g(d,p)",-6.41562797232,-0.175513425887,76,0.5535,-1241.2995005,3.9622,0.483333333333
/home/ccollins/allmols/H/opt/m06hf/cam/5413.log,5413,---,[],"td CAM-B3LYP/6-31g(d,p)",-6.56202521748,0.264766764943,59,1.0241,-992.7122152,4.5043,0.283333333333
/home/ccollins/allmols/H/opt/m06hf/cam/54-55-.log,54-55-,---,[],"td CAM-B3LYP/6-31g(d,p)",-6.71495319476,-0.244902454726,84,0.8157,-1887.2802161,4.1152,0.533333333333
/home/ccollins/allmols/H/opt/m06hf/cam/41313.log,41313,---,[],"td CAM-B3LYP/6-31g(d,p)",-6.20011381216,0.790490701089,55,2.4854,-649.867351,4.6244,0.3
/home/ccollins/allmols/H/opt/m06hf/cam/54-13-8-.log,54-13-8-,---,[],"td CAM-B3LYP/6-31g(d,p)",-6.8844801162,-1.25798227578,79,2.6144,-1287.7303832,2.4106,0.483333333333
/home/ccollins/allmols/H/opt/m06hf/cam/413.log,413,---,[],"td CAM-B3LYP/6-31g(d,p)",-6.63876131996,0.961106077882,38,1.6637,-440.9900824,5.0515,0.133333333333
/home/ccollins/allmols/H/opt/m06hf/cam/134-.log,134-,---,[],"td CAM-B3LYP/6-31g(d,p)",-6.63903343379,0.962194533236,38,1.6646,-440.990075,5.0527,0.133333333333
/home/ccollins/allmols/H/opt/m06hf/cam/512-5.log,512-5,---,[],"td CAM-B3LYP/6-31g(d,p)",-6.42596829818,-0.0805456962211,60,0.7854,-1333.3647016,3.9694,0.316666666667
/home/ccollins/allmols/H/opt/m06hf/cam/84.log,84,---,[],"td CAM-B3LYP/6-31g(d,p)",-8.03062360432,-1.3540384608,41,1.3554,-527.1241288,2.3500,0.116666666667
/home/ccollins/allmols/H/opt/m06hf/cam/588-13.log,588-13,---,[],"td CAM-B3LYP/6-31g(d,p)",-7.47768828431,-1.68792214074,79,1.0615,-1351.8039755,2.2829,0.366666666667
/home/ccollins/allmols/H/opt/m06hf/cam/555-.log,555-,---,[],"td CAM-B3LYP/6-31g(d,p)",-6.52093602785,-0.40381693646,64,0.5346,-1656.3495595,3.7747,0.25
/home/ccollins/allmols/H/opt/m06hf/cam/4138-8-.log,4138-8-,---,[],"td CAM-B3LYP/6-31g(d,p)",-7.17836306187,-1.60846489988,78,3.4730,-1031.0061172,2.3596,0.466666666667
/home/ccollins/allmols/H/opt/m06hf/cam/1313-5.log,1313-5,---,[],"td CAM-B3LYP/6-31g(d,p)",-6.13916031231,0.675386547368,56,1.1250,-970.6627606,4.4248,0.3
/home/ccollins/allmols/H/opt/m06hf/cam/445-8-.log,445-8-,---,[],"td CAM-B3LYP/6-31g(d,p)",-7.2850316866,-1.32982032916,82,2.5481,-1309.7745563,2.3971,0.583333333333
/home/ccollins/allmols/H/opt/m06hf/cam/12413-.log,12413-,---,[],"td CAM-B3LYP/6-31g(d,p)",-6.39521943442,0.329801972365,55,2.0216,-669.7225071,4.3984,0.266666666667
/home/ccollins/allmols/H/opt/m06hf/cam/812-12-5.log,812-12-5,---,[],"td CAM-B3LYP/6-31g(d,p)",-6.59413465043,-1.28111195206,76,1.9795,-1305.3799226,2.3915,0.35
/home/ccollins/allmols/H/opt/m06hf/cam/12128-5-.log,12128-5-,---,[],"td CAM-B3LYP/6-31g(d,p)",-6.83305060071,-1.18641633623,76,1.2650,-1305.3820952,2.3957,0.316666666667
/home/ccollins/allmols/H/opt/m06hf/cam/812-5-.log,812-5-,---,[],"td CAM-B3LYP/6-31g(d,p)",-7.09917793484,-1.28818691186,59,2.6927,-1076.6476361,2.3924,0.2
/home/ccollins/allmols/H/opt/m06hf/cam/45-8-.log,45-8-,---,[],"td CAM-B3LYP/6-31g(d,p)",-7.49564779766,-1.33607894745,62,2.3381,-1078.8465055,2.3993,0.25
/home/ccollins/allmols/H/opt/m06hf/cam/854-4.log,854-4,---,[],"td CAM-B3LYP/6-31g(d,p)",-7.27197022234,-1.32954821533,82,2.5557,-1309.7748322,2.3964,0.583333333333
/home/ccollins/allmols/H/opt/m06hf/cam/8134.log,8134,---,[],"td CAM-B3LYP/6-31g(d,p)",-7.02815622297,-1.24029487627,58,2.5248,-736.0086219,2.4096,0.25
/home/ccollins/allmols/H/opt/m06hf/cam/4485.log,4485,---,[],"td CAM-B3LYP/6-31g(d,p)",-7.42979624872,-1.24165544546,82,0.5570,-1309.7818648,2.3579,0.616666666667
/home/ccollins/allmols/H/opt/m06hf/cam/85-5-4.log,85-5-4,---,[],"td CAM-B3LYP/6-31g(d,p)",-7.07087809563,-1.35567114383,83,2.7730,-1630.567694,2.3984,0.6
/home/ccollins/allmols/H/opt/m06hf/cam/1312-4.log,1312-4,---,[],"td CAM-B3LYP/6-31g(d,p)",-6.14433047525,0.402184253428,55,2.0539,-669.7260816,4.2033,0.266666666667
/home/ccollins/allmols/H/opt/m06hf/cam/55-88.log,55-88,---,[],"td CAM-B3LYP/6-31g(d,p)",-7.30380754146,-1.90234784555,83,3.0236,-1694.6358574,2.2765,0.366666666667
/home/ccollins/allmols/H/opt/m06hf/cam/13124.log,13124,---,[],"td CAM-B3LYP/6-31g(d,p)",-6.14732372747,0.323271240239,55,1.1950,-669.7280941,4.1612,0.266666666667
/home/ccollins/allmols/H/opt/m06hf/cam/125-412-.log,125-412-,---,[],"td CAM-B3LYP/6-31g(d,p)",-6.44447203921,-0.173336515179,76,0.6011,-1241.2996328,3.9827,0.483333333333
/home/ccollins/allmols/H/opt/m06hf/cam/134.log,134,---,[],"td CAM-B3LYP/6-31g(d,p)",-6.52284082472,0.81144346666,38,1.5566,-440.9893755,4.8516,0.116666666667
/home/ccollins/allmols/H/opt/m06hf/cam/51212-.log,51212-,---,[],"td CAM-B3LYP/6-31g(d,p)",-6.34732739883,0.0797293547054,56,0.3826,-1010.3724035,4.0637,0.233333333333
/home/ccollins/allmols/H/opt/m06hf/cam/48-1212-.log,48-1212-,---,[],"td CAM-B3LYP/6-31g(d,p)",-6.87277922114,-1.17961349027,75,0.8250,-984.5926645,2.3515,0.35
/home/ccollins/allmols/H/opt/m06hf/cam/44-813.log,44-813,---,[],"td CAM-B3LYP/6-31g(d,p)",-7.098905821,-1.15240210641,78,1.5686,-966.9411185,2.3681,0.5
/home/ccollins/allmols/H/opt/m06hf/cam/1312-8-.log,1312-8-,---,[],"td CAM-B3LYP/6-31g(d,p)",-6.69263986,-1.20301528038,55,3.7612,-733.8022532,2.3924,0.2
/home/ccollins/allmols/H/opt/m06hf/cam/121213-.log,121213-,---,[],"td CAM-B3LYP/6-31g(d,p)",-6.04555315184,0.588582232859,52,2.1907,-667.5229663,4.2348,0.216666666667
/home/ccollins/allmols/H/opt/m06hf/cam/48-513.log,48-513,---,[],"td CAM-B3LYP/6-31g(d,p)",-6.61100570842,-1.20111048351,79,0.9702,-1287.7312304,2.3611,0.55
/home/ccollins/allmols/H/opt/m06hf/cam/45-5.log,45-5,---,[],"td CAM-B3LYP/6-31g(d,p)",-6.69345620151,-0.14422033445,63,0.3112,-1335.5579613,4.0994,0.316666666667
/home/ccollins/allmols/H/opt/m06hf/cam/12844-.log,12844-,---,[],"td CAM-B3LYP/6-31g(d,p)",-7.37074754575,-1.18859324694,78,0.5934,-986.7860029,2.3509,0.533333333333
/home/ccollins/allmols/H/opt/m06hf/cam/548-.log,548-,---,[],"td CAM-B3LYP/6-31g(d,p)",-7.32013437177,-1.34342602109,62,2.0394,-1078.8458423,2.3541,0.25
/home/ccollins/allmols/H/opt/m06hf/cam/845.log,845,---,[],"td CAM-B3LYP/6-31g(d,p)",-7.32013437177,-1.34315390726,62,2.0394,-1078.8458425,2.3540,0.25
/home/ccollins/allmols/H/opt/m06hf/cam/51313.log,51313,---,[],"td CAM-B3LYP/6-31g(d,p)",-6.21698487015,0.653073212604,56,2.0829,-970.6604334,4.4761,0.3
/home/ccollins/allmols/H/opt/m06hf/cam/54-1312-.log,54-1312-,---,[],"td CAM-B3LYP/6-31g(d,p)",-6.21616852863,0.108029193918,76,1.2662,-1221.4451919,4.1440,0.533333333333
/home/ccollins/allmols/H/opt/m06hf/cam/81313.log,81313,---,[],"td CAM-B3LYP/6-31g(d,p)",-6.69726579525,-1.25934284497,55,2.4492,-713.9542208,2.4099,0.233333333333
/home/ccollins/allmols/H/opt/m06hf/cam/88-13.log,88-13,---,[],"td CAM-B3LYP/6-31g(d,p)",-7.6425892705,-1.70914702015,58,2.7854,-800.0734164,2.2782,0.233333333333
/home/ccollins/allmols/H/opt/m06hf/cam/1213-13-.log,1213-13-,---,[],"td CAM-B3LYP/6-31g(d,p)",-6.10432974098,1.00763754428,52,2.8709,-647.6681758,4.6257,0.283333333333
/home/ccollins/allmols/H/opt/m06hf/cam/1312-813-.log,1312-813-,---,[],"td CAM-B3LYP/6-31g(d,p)",-6.43712496556,-1.05444112452,72,2.0735,-942.6908834,2.4095,0.333333333333
/home/ccollins/allmols/H/opt/m06hf/cam/128-12-.log,128-12-,---,[],"td CAM-B3LYP/6-31g(d,p)",-7.4183674675,-1.18505576704,55,0.0000,-753.6544056,2.3856,0.2
/home/ccollins/allmols/H/opt/m06hf/cam/1313.log,1313,---,[],"td CAM-B3LYP/6-31g(d,p)",-6.38351853936,1.98289354177,35,2.8436,-418.935062,5.6121,0.1
/home/ccollins/allmols/H/opt/m06hf/cam/12513-.log,12513-,---,[],"td CAM-B3LYP/6-31g(d,p)",-6.31059203062,0.213881477128,56,2.3083,-990.5144282,4.1225,0.266666666667
/home/ccollins/allmols/H/opt/m06hf/cam/58-5.log,58-5,---,[],"td CAM-B3LYP/6-31g(d,p)",-7.54925422386,-1.29063593641,63,1.1063,-1399.6462475,2.4003,0.2
/home/ccollins/allmols/H/opt/m06hf/cam/44-84.log,44-84,---,[],"td CAM-B3LYP/6-31g(d,p)",-7.49782470837,-1.20600853261,81,0.3772,-988.9890744,2.3140,0.516666666667
/home/ccollins/allmols/H/opt/m06hf/cam/54-.log,54-,---,[],"td CAM-B3LYP/6-31g(d,p)",-7.25237802597,0.458511818016,42,0.6052,-783.8356016,5.0639,0.15
/home/ccollins/allmols/H/opt/m06hf/cam/55.log,55,---,[],"td CAM-B3LYP/6-31g(d,p)",-6.91931068754,0.0677563458076,43,1.1556,-1104.6270577,4.4322,0.0833333333333
/home/ccollins/allmols/H/opt/m06hf/cam/44.log,44,---,[],"td CAM-B3LYP/6-31g(d,p)",-7.50027373292,0.712666143254,41,0.0000,-463.0418145,5.4027,0.116666666667
/home/ccollins/allmols/H/opt/m06hf/cam/512-48.log,512-48,---,[],"td CAM-B3LYP/6-31g(d,p)",-6.67957839574,-1.33199723987,79,1.9273,-1307.5837537,2.3538,0.483333333333
/home/ccollins/allmols/H/opt/m06hf/cam/812-8.log,812-8,---,[],"td CAM-B3LYP/6-31g(d,p)",-8.1955245905,-1.58288619905,58,1.5090,-819.9271755,2.3914,0.183333333333
/home/ccollins/allmols/H/opt/m06hf/cam/1212-4.log,1212-4,---,[],"td CAM-B3LYP/6-31g(d,p)",-6.40746455716,0.210343997226,55,0.1231,-689.5805965,4.2340,0.266666666667
/home/ccollins/allmols/H/opt/m06hf/cam/125-124.log,125-124,---,[],"td CAM-B3LYP/6-31g(d,p)",-6.23412804198,-0.266671561813,76,0.2429,-1241.3043555,3.6794,0.55
/home/ccollins/allmols/H/opt/m06hf/cam/8412.log,8412,---,[],"td CAM-B3LYP/6-31g(d,p)",-7.184893794,-1.3124050435,58,2.2558,-755.8569236,2.3517,0.233333333333
/home/ccollins/allmols/H/opt/m06hf/cam/54.log,54,---,[],"td CAM-B3LYP/6-31g(d,p)",-7.25210591213,0.458239704177,42,0.6050,-783.835602,5.0636,0.15
/home/ccollins/allmols/H/opt/m06hf/cam/48-1213.log,48-1213,---,[],"td CAM-B3LYP/6-31g(d,p)",-6.55386180232,-1.17852503491,75,0.6971,-964.7423554,2.3564,0.366666666667
/home/ccollins/allmols/H/opt/m06hf/cam/88-13-12.log,88-13-12,---,[],"td CAM-B3LYP/6-31g(d,p)",-6.90897036167,-1.70642588177,75,3.5368,-1028.8065638,2.2796,0.366666666667
/home/ccollins/allmols/H/opt/m06hf/cam/813-13.log,813-13,---,[],"td CAM-B3LYP/6-31g(d,p)",-6.4803910659,-1.18668845007,55,2.8410,-713.9562582,2.4120,0.216666666667
/home/ccollins/allmols/H/opt/m06hf/cam/1212-5.log,1212-5,---,[],"td CAM-B3LYP/6-31g(d,p)",-6.36746382289,0.0827226069298,56,0.7269,-1010.372581,4.0751,0.233333333333
/home/ccollins/allmols/H/opt/m06hf/cam/813-12-.log,813-12-,---,[],"td CAM-B3LYP/6-31g(d,p)",-6.74842319691,-1.22696129818,55,2.7323,-733.8114405,2.4109,0.216666666667
/home/ccollins/allmols/H/opt/m06hf/cam/13124-.log,13124-,---,[],"td CAM-B3LYP/6-31g(d,p)",-6.14732372747,0.323271240239,55,1.1950,-669.7280941,4.1612,0.266666666667
/home/ccollins/allmols/H/opt/m06hf/cam/85-.log,85-,---,[],"td CAM-B3LYP/6-31g(d,p)",-8.11661157731,-1.3921343982,42,1.6983,-847.9170064,2.3983,0.0666666666667
/home/ccollins/allmols/H/opt/m06hf/cam/81312.log,81312,---,[],"td CAM-B3LYP/6-31g(d,p)",-6.74869531074,-1.22696129818,55,2.7315,-733.8114353,2.4108,0.216666666667
/home/ccollins/allmols/H/opt/m06hf/cam/88-4.log,88-4,---,[],"td CAM-B3LYP/6-31g(d,p)",-8.04667832079,-1.80846857124,61,1.9584,-822.1199609,2.2492,0.216666666667
/home/ccollins/allmols/H/opt/m06hf/cam/813-85.log,813-85,---,[],"td CAM-B3LYP/6-31g(d,p)",-7.38979551445,-1.50859912111,79,2.2177,-1351.8198338,2.4094,0.383333333333
/home/ccollins/allmols/H/opt/m06hf/cam/812-12-.log,812-12-,---,[],"td CAM-B3LYP/6-31g(d,p)",-7.02489085691,-1.26179186952,55,2.8081,-753.6526665,2.3919,0.183333333333
/home/ccollins/allmols/H/opt/m06hf/cam/58-5-.log,58-5-,---,[],"td CAM-B3LYP/6-31g(d,p)",-7.54870999618,-1.2968945547,63,0.0001,-1399.6463409,2.4031,0.233333333333
/home/ccollins/allmols/H/opt/m06hf/cam/445-4-.log,445-4-,---,[],"td CAM-B3LYP/6-31g(d,p)",-6.76393368571,-0.0462593525594,82,0.4790,-1245.6933089,4.3105,0.866666666667
/home/ccollins/allmols/H/opt/m06hf/cam/51313-.log,51313-,---,[],"td CAM-B3LYP/6-31g(d,p)",-6.13916031231,0.678924027269,56,1.6484,-970.6626202,4.4360,0.3
/home/ccollins/allmols/H/opt/m06hf/cam/135-4-8.log,135-4-8,---,[],"td CAM-B3LYP/6-31g(d,p)",-6.63549595389,-1.34478659029,79,3.0177,-1287.7231517,2.3536,0.616666666667
/home/ccollins/allmols/H/opt/m06hf/cam/125-413.log,125-413,---,[],"td CAM-B3LYP/6-31g(d,p)",-6.38243008401,-0.0731986225793,76,1.6877,-1221.4437733,4.0175,0.466666666667
/home/ccollins/allmols/H/opt/m06hf/cam/8131312.log,8131312,---,[],"td CAM-B3LYP/6-31g(d,p)",-6.30242861547,-1.25308422668,72,2.7431,-942.6894295,2.4098,0.383333333333
/home/ccollins/allmols/H/opt/m06hf/cam/13812-13.log,13812-13,---,[],"td CAM-B3LYP/6-31g(d,p)",-6.4267846397,-1.05933917361,72,3.4677,-942.6906079,2.4038,0.333333333333
/home/ccollins/allmols/H/opt/m06hf/cam/1284-13.log,1284-13,---,[],"td CAM-B3LYP/6-31g(d,p)",-6.75522604287,-1.17362698582,75,1.1954,-964.7347663,2.3507,0.416666666667
/home/ccollins/allmols/H/opt/m06hf/cam/1212-413.log,1212-413,---,[],"td CAM-B3LYP/6-31g(d,p)",-6.09099616288,0.0198643102167,72,1.4136,-898.4567277,3.8758,0.466666666667
/home/ccollins/allmols/H/opt/m06hf/cam/812-13-.log,812-13-,---,[],"td CAM-B3LYP/6-31g(d,p)",-6.68828603858,-1.28573788731,55,1.2378,-733.8059113,2.3978,0.2
/home/ccollins/allmols/H/opt/m06hf/cam/584-8-.log,584-8-,---,[],"td CAM-B3LYP/6-31g(d,p)",-7.82653822538,-1.57309010086,82,1.9825,-1373.8625326,2.3536,0.533333333333
/home/ccollins/allmols/H/opt/m06hf/cam/4412-.log,4412-,---,[],"td CAM-B3LYP/6-31g(d,p)",-6.77209710086,0.22694294138,58,0.4682,-691.7743014,4.6124,0.316666666667
/home/ccollins/allmols/H/opt/m06hf/cam/854-.log,854-,---,[],"td CAM-B3LYP/6-31g(d,p)",-7.33183526683,-1.34669138716,62,2.3213,-1078.8459285,2.4007,0.3
/home/ccollins/allmols/H/opt/m06hf/cam/84-13-.log,84-13-,---,[],"td CAM-B3LYP/6-31g(d,p)",-6.88067052246,-1.31077236046,58,2.1906,-736.0014416,2.3519,0.266666666667
/home/ccollins/allmols/H/opt/m06hf/cam/121254-.log,121254-,---,[],"td CAM-B3LYP/6-31g(d,p)",-6.24936641694,-0.0946956158275,76,0.8418,-1241.2985804,3.8528,0.533333333333
/home/ccollins/allmols/H/opt/m06hf/cam/8128-.log,8128-,---,[],"td CAM-B3LYP/6-31g(d,p)",-8.1955245905,-1.58261408521,58,1.5078,-819.9271721,2.3914,0.183333333333
/home/ccollins/allmols/H/opt/m06hf/cam/812-124-.log,812-124-,---,[],"td CAM-B3LYP/6-31g(d,p)",-6.68474855868,-1.29607821318,75,2.4514,-984.5910315,2.3939,0.366666666667
/home/ccollins/allmols/H/opt/m06hf/cam/1244.log,1244,---,[],"td CAM-B3LYP/6-31g(d,p)",-6.77209710086,0.22694294138,58,0.4682,-691.7743014,4.6124,0.316666666667
/home/ccollins/allmols/H/opt/m06hf/cam/128-512-.log,128-512-,---,[],"td CAM-B3LYP/6-31g(d,p)",-6.88311954701,-1.22070267989,76,0.5235,-1305.3823521,2.4004,0.416666666667
/home/ccollins/allmols/H/opt/m06hf/cam/8413-8.log,8413-8,---,[],"td CAM-B3LYP/6-31g(d,p)",-7.21645899927,-1.47349643594,78,0.6454,-1031.0187034,2.3549,0.616666666667
/home/ccollins/allmols/H/opt/m06hf/cam/41313-5-.log,41313-5-,---,[],"td CAM-B3LYP/6-31g(d,p)",-6.02460038627,0.54422767717,76,1.3696,-1201.5943931,4.2329,0.516666666667
/home/ccollins/allmols/H/opt/m06hf/cam/13812-13-.log,13812-13-,---,[],"td CAM-B3LYP/6-31g(d,p)",-6.42651252586,-1.13798007296,72,1.1263,-942.6943413,2.4098,0.333333333333
/home/ccollins/allmols/H/opt/m06hf/cam/124-5.log,124-5,---,[],"td CAM-B3LYP/6-31g(d,p)",-6.72556563446,0.0606813860044,59,0.9717,-1012.5680288,4.4255,0.316666666667
/home/ccollins/allmols/H/opt/m06hf/cam/81212-13-.log,81212-13-,---,[],"td CAM-B3LYP/6-31g(d,p)",-6.33943609751,-1.29526187166,72,2.3629,-962.538677,2.3942,0.316666666667
/home/ccollins/allmols/H/opt/m06hf/cam/48-13.log,48-13,---,[],"td CAM-B3LYP/6-31g(d,p)",-7.18598224935,-1.16274243227,58,1.5730,-736.0128712,2.3658,0.233333333333
/home/ccollins/allmols/H/opt/m06hf/cam/12125.log,12125,---,[],"td CAM-B3LYP/6-31g(d,p)",-6.32446983639,0.10966187695,56,1.0790,-1010.3693855,4.0795,0.233333333333
/home/ccollins/allmols/H/opt/m06hf/cam/512-12.log,512-12,---,[],"td CAM-B3LYP/6-31g(d,p)",-6.36746382289,0.0827226069298,56,0.7269,-1010.3725825,4.0750,0.233333333333
/home/ccollins/allmols/H/opt/m06hf/cam/138-5-4.log,138-5-4,---,[],"td CAM-B3LYP/6-31g(d,p)",-6.95087589281,-1.16900105056,79,1.9551,-1287.7349896,2.4111,0.45
/home/ccollins/allmols/H/opt/m06hf/cam/1244-12-.log,1244-12-,---,[],"td CAM-B3LYP/6-31g(d,p)",-6.59222985356,0.0282998392128,75,0.3014,-920.5065806,4.3410,0.666666666667
/home/ccollins/allmols/H/opt/m06hf/cam/54812.log,54812,---,[],"td CAM-B3LYP/6-31g(d,p)",-7.23659542333,-1.21716519999,79,1.1307,-1307.5796715,2.3517,0.483333333333
/home/ccollins/allmols/H/opt/m06hf/cam/545.log,545,---,[],"td CAM-B3LYP/6-31g(d,p)",-6.97046808919,0.0174152856694,63,1.1761,-1335.5576325,4.5526,0.283333333333
/home/ccollins/allmols/H/opt/m06hf/cam/1384-5-.log,1384-5-,---,[],"td CAM-B3LYP/6-31g(d,p)",-7.03768020732,-1.18070194562,79,2.0546,-1287.7350314,2.3694,0.45
/home/ccollins/allmols/H/opt/m06hf/cam/58-4-.log,58-4-,---,[],"td CAM-B3LYP/6-31g(d,p)",-7.67769195567,-1.25771016194,62,0.6023,-1078.8535133,2.3564,0.25
/home/ccollins/allmols/H/opt/m06hf/cam/1213-.log,1213-,---,[],"td CAM-B3LYP/6-31g(d,p)",-6.35984463541,1.20410373574,35,2.0726,-438.7911678,4.9869,0.0833333333333
/home/ccollins/allmols/H/opt/m06hf/cam/121312.log,121312,---,[],"td CAM-B3LYP/6-31g(d,p)",-5.99466786403,0.676747116561,52,0.9027,-667.5285471,4.3013,0.25
/home/ccollins/allmols/H/opt/m06hf/cam/5124-8.log,5124-8,---,[],"td CAM-B3LYP/6-31g(d,p)",-6.66243522391,-1.3145819542,79,2.7977,-1307.5836084,2.3547,0.483333333333
/home/ccollins/allmols/H/opt/m06hf/cam/485-.log,485-,---,[],"td CAM-B3LYP/6-31g(d,p)",-7.67769195567,-1.25771016194,62,0.6023,-1078.8535132,2.3564,0.25
/home/ccollins/allmols/H/opt/m06hf/cam/513-13.log,513-13,---,[],"td CAM-B3LYP/6-31g(d,p)",-6.13943242615,0.675658661206,56,1.1247,-970.6627594,4.4253,0.3
/home/ccollins/allmols/H/opt/m06hf/cam/413-12.log,413-12,---,[],"td CAM-B3LYP/6-31g(d,p)",-6.2180733255,0.620147438135,55,1.8371,-669.7231081,4.4401,0.266666666667
/home/ccollins/allmols/H/opt/m06hf/cam/124-85.log,124-85,---,[],"td CAM-B3LYP/6-31g(d,p)",-7.02761199529,-1.22668918434,79,1.0961,-1307.5862692,2.3578,0.45
/home/ccollins/allmols/H/opt/m06hf/cam/45-413-.log,45-413-,---,[],"td CAM-B3LYP/6-31g(d,p)",-6.47440456145,-0.00380959374019,79,1.2075,-1223.641528,4.2033,0.683333333333
/home/ccollins/allmols/H/opt/m06hf/cam/1385-.log,1385-,---,[],"td CAM-B3LYP/6-31g(d,p)",-7.12040281425,-1.2038316219,59,2.1279,-1056.8056548,2.4121,0.216666666667
/home/ccollins/allmols/H/opt/m06hf/cam/854-8.log,854-8,---,[],"td CAM-B3LYP/6-31g(d,p)",-7.66000455617,-1.49091172161,82,1.2007,-1373.8562975,2.3549,0.683333333333
/home/ccollins/allmols/H/opt/m06hf/cam/1385-13-.log,1385-13-,---,[],"td CAM-B3LYP/6-31g(d,p)",-6.48474488732,-1.15702804166,76,0.6597,-1265.6832284,2.4155,0.366666666667
/home/ccollins/allmols/H/opt/m06hf/cam/85124.log,85124,---,[],"td CAM-B3LYP/6-31g(d,p)",-6.69372831535,-1.31920788946,79,2.7204,-1307.5837901,2.3996,0.583333333333
/home/ccollins/allmols/H/opt/m06hf/cam/1312-12-.log,1312-12-,---,[],"td CAM-B3LYP/6-31g(d,p)",-6.04555315184,0.588582232859,52,2.1907,-667.5229662,4.2348,0.216666666667
/home/ccollins/allmols/H/opt/m06hf/cam/55-4.log,55-4,---,[],"td CAM-B3LYP/6-31g(d,p)",-6.78733547582,-0.0413613034649,63,0.4506,-1335.5582188,4.2768,0.316666666667
/home/ccollins/allmols/H/opt/m06hf/cam/1348.log,1348,---,[],"td CAM-B3LYP/6-31g(d,p)",-6.79386620795,-1.27675813064,58,2.4227,-736.0011536,2.3529,0.25
/home/ccollins/allmols/H/opt/m06hf/cam/1212.log,1212,---,[],"td CAM-B3LYP/6-31g(d,p)",-6.70270807202,0.833756801424,35,0.8738,-458.6428631,4.9652,0.0833333333333
/home/ccollins/allmols/H/opt/m06hf/cam/84-13-4.log,84-13-4,---,[],"td CAM-B3LYP/6-31g(d,p)",-6.58188952769,-1.31648675107,78,2.2066,-966.9335912,2.3517,0.55
/home/ccollins/allmols/H/opt/m06hf/cam/813-.log,813-,---,[],"td CAM-B3LYP/6-31g(d,p)",-7.47904885351,-1.26750626013,38,2.0767,-505.0767915,2.4080,0.0666666666667
/home/ccollins/allmols/H/opt/m06hf/cam/1213-8.log,1213-8,---,[],"td CAM-B3LYP/6-31g(d,p)",-6.76420579954,-1.27186008155,55,2.5897,-733.8096909,2.4116,0.216666666667
/home/ccollins/allmols/H/opt/m06hf/cam/8513-.log,8513-,---,[],"td CAM-B3LYP/6-31g(d,p)",-6.88856182378,-1.30913967743,59,3.1715,-1056.7946027,2.3984,0.233333333333
/home/ccollins/allmols/H/opt/m06hf/cam/555-5-.log,555-5-,---,[],"td CAM-B3LYP/6-31g(d,p)",-6.6948167707,-0.278372456872,85,1.2303,-2208.0715396,3.9953,0.466666666667
/home/ccollins/allmols/H/opt/m06hf/cam/813-1313.log,813-1313,---,[],"td CAM-B3LYP/6-31g(d,p)",-6.29725845253,-1.23321991647,72,2.4522,-922.8333712,2.4093,0.383333333333
/home/ccollins/allmols/H/opt/m06hf/cam/5138-12-.log,5138-12-,---,[],"td CAM-B3LYP/6-31g(d,p)",-6.60828457003,-1.15838861086,76,1.8647,-1285.5337557,2.4068,0.333333333333
/home/ccollins/allmols/H/opt/m06hf/cam/4135.log,4135,---,[],"td CAM-B3LYP/6-31g(d,p)",-6.40011748352,0.536336375851,59,1.1196,-992.714693,4.4700,0.283333333333
/home/ccollins/allmols/H/opt/m06hf/cam/1255.log,1255,---,[],"td CAM-B3LYP/6-31g(d,p)",-6.42487984283,-0.247079365435,60,1.3470,-1333.3585729,3.8545,0.25
/home/ccollins/allmols/H/opt/m06hf/cam/844-.log,844-,---,[],"td CAM-B3LYP/6-31g(d,p)",-7.69211398912,-1.33172512603,61,1.8022,-758.052621,2.3527,0.3
/home/ccollins/allmols/H/opt/m06hf/cam/1213-13.log,1213-13,---,[],"td CAM-B3LYP/6-31g(d,p)",-6.02432827243,1.01253559337,52,1.2418,-647.670725,4.5681,0.266666666667
/home/ccollins/allmols/H/opt/m06hf/cam/84-55-.log,84-55-,---,[],"td CAM-B3LYP/6-31g(d,p)",-6.97672670748,-1.37744025092,83,1.7797,-1630.5687158,2.3541,0.683333333333
/home/ccollins/allmols/H/opt/m06hf/cam/125-13-.log,125-13-,---,[],"td CAM-B3LYP/6-31g(d,p)",-6.32991211316,0.174697084372,56,1.5786,-990.5147405,4.1029,0.25
/home/ccollins/allmols/H/opt/m06hf/cam/488.log,488,---,[],"td CAM-B3LYP/6-31g(d,p)",-8.04667832079,-1.80846857124,61,1.9583,-822.1199607,2.2492,0.216666666667
/home/ccollins/allmols/H/opt/m06hf/cam/54-8-.log,54-8-,---,[],"td CAM-B3LYP/6-31g(d,p)",-7.32013437177,-1.34342602109,62,2.0394,-1078.8458423,2.3541,0.25
/home/ccollins/allmols/H/opt/m06hf/cam/85-13-.log,85-13-,---,[],"td CAM-B3LYP/6-31g(d,p)",-6.88284743317,-1.33961642735,59,1.8519,-1056.7949172,2.4013,0.233333333333
/home/ccollins/allmols/H/opt/m06hf/cam/55-8-.log,55-8-,---,[],"td CAM-B3LYP/6-31g(d,p)",-7.18924761541,-1.36709992505,63,2.0884,-1399.6396925,2.3989,0.283333333333
/home/ccollins/allmols/H/opt/m06hf/cam/4554-.log,4554-,---,[],"td CAM-B3LYP/6-31g(d,p)",-6.69944270596,-0.104763827855,83,0.8043,-1566.4862347,4.1605,0.683333333333
/home/ccollins/allmols/H/opt/m06hf/cam/5135-.log,5135-,---,[],"td CAM-B3LYP/6-31g(d,p)",-6.3718176443,0.359462380771,60,1.5323,-1313.5082143,4.2875,0.283333333333
/home/ccollins/allmols/H/opt/m06hf/cam/131355-.log,131355-,---,[],"td CAM-B3LYP/6-31g(d,p)",-6.15222177657,0.0035374799016,77,2.3432,-1522.3830021,3.9456,0.45
/home/ccollins/allmols/H/opt/m06hf/cam/4812-.log,4812-,---,[],"td CAM-B3LYP/6-31g(d,p)",-7.59823471481,-1.20138259735,58,0.7509,-755.8575067,2.3477,0.233333333333
/home/ccollins/allmols/H/opt/m06hf/cam/12135-.log,12135-,---,[],"td CAM-B3LYP/6-31g(d,p)",-6.08065583702,0.34803359955,56,1.7929,-990.5182378,4.0876,0.25
/home/ccollins/allmols/H/opt/m06hf/cam/48-4.log,48-4,---,[],"td CAM-B3LYP/6-31g(d,p)",-7.82681033922,-1.21852576918,61,0.0000,-758.0607011,2.3114,0.25
/home/ccollins/allmols/H/opt/m06hf/cam/48-88.log,48-88,---,[],"td CAM-B3LYP/6-31g(d,p)",-8.11361832509,-2.34317226405,81,2.2079,-1117.1145723,2.2036,0.45
/home/ccollins/allmols/H/opt/m06hf/cam/41213.log,41213,---,[],"td CAM-B3LYP/6-31g(d,p)",-6.14732372747,0.323271240239,55,1.1950,-669.7280942,4.1612,0.283333333333
/home/ccollins/allmols/H/opt/m06hf/cam/1285.log,1285,---,[],"td CAM-B3LYP/6-31g(d,p)",-7.48340267492,-1.23920642092,59,1.1429,-1076.6503472,2.3945,0.2
/home/ccollins/allmols/H/opt/m06hf/cam/125128.log,125128,---,[],"td CAM-B3LYP/6-31g(d,p)",-6.59712790265,-1.25961495881,76,3.2200,-1305.3791166,2.3934,0.416666666667
/home/ccollins/allmols/H/opt/m06hf/cam/13513-.log,13513-,---,[],"td CAM-B3LYP/6-31g(d,p)",-6.24827796159,0.518104748666,56,1.0112,-970.6598783,4.2882,0.25
/home/ccollins/allmols/H/opt/m06hf/cam/84-5-.log,84-5-,---,[],"td CAM-B3LYP/6-31g(d,p)",-7.32013437177,-1.34315390726,62,2.0394,-1078.8458425,2.3541,0.25
/home/ccollins/allmols/H/opt/m06hf/cam/135-4.log,135-4,---,[],"td CAM-B3LYP/6-31g(d,p)",-6.46624114629,0.281093595258,59,2.0209,-992.7124052,4.3479,0.3
/home/ccollins/allmols/H/opt/m06hf/cam/58.log,58,---,[],"td CAM-B3LYP/6-31g(d,p)",-8.11633946347,-1.39131805668,42,1.6984,-847.9170062,2.3980,0.0666666666667
/home/ccollins/allmols/H/opt/m06hf/cam/813138.log,813138,---,[],"td CAM-B3LYP/6-31g(d,p)",-6.98244109809,-1.42560440035,75,0.1233,-1008.9714447,2.4113,0.366666666667
/home/ccollins/allmols/H/opt/m06hf/cam/1312-13-.log,1312-13-,---,[],"td CAM-B3LYP/6-31g(d,p)",-5.88636655627,0.78259939977,52,1.8023,-647.6735903,4.2478,0.266666666667
/home/ccollins/allmols/H/opt/m06hf/cam/1212-1212-.log,1212-1212-,---,[],"td CAM-B3LYP/6-31g(d,p)",-6.10405762714,0.0718380533864,69,0.0001,-916.1151397,3.8536,0.3
/home/ccollins/allmols/H/opt/m06hf/cam/13413.log,13413,---,[],"td CAM-B3LYP/6-31g(d,p)",-6.33698707297,0.635385813096,55,3.1389,-649.8663229,4.5639,0.283333333333
/home/ccollins/allmols/H/opt/m06hf/cam/13512-4-.log,13512-4-,---,[],"td CAM-B3LYP/6-31g(d,p)",-6.20120226751,-0.0908860220874,76,1.4244,-1221.4495557,3.7926,0.6
/home/ccollins/allmols/H/opt/m06hf/cam/44-12.log,44-12,---,[],"td CAM-B3LYP/6-31g(d,p)",-6.77209710086,0.22694294138,58,0.4682,-691.7743014,4.6124,0.316666666667
/home/ccollins/allmols/H/opt/m06hf/cam/4513-.log,4513-,---,[],"td CAM-B3LYP/6-31g(d,p)",-6.46596903245,0.28082148142,59,2.0208,-992.7124083,4.3475,0.3
/home/ccollins/allmols/H/opt/m06hf/cam/813-12.log,813-12,---,[],"td CAM-B3LYP/6-31g(d,p)",-6.76447791338,-1.27158796771,55,2.5890,-733.8096857,2.4116,0.2
/home/ccollins/allmols/H/opt/m06hf/cam/12138-.log,12138-,---,[],"td CAM-B3LYP/6-31g(d,p)",-6.74842319691,-1.22696129818,55,2.7325,-733.8114418,2.4109,0.216666666667
/home/ccollins/allmols/H/opt/m06hf/cam/125-8.log,125-8,---,[],"td CAM-B3LYP/6-31g(d,p)",-7.0882933813,-1.35240577777,59,2.2858,-1076.6490037,2.3996,0.25
/home/ccollins/allmols/H/opt/m06hf/cam/131312-.log,131312-,---,[],"td CAM-B3LYP/6-31g(d,p)",-6.10405762714,1.00763754428,52,2.8717,-647.6681738,4.6255,0.283333333333
/home/ccollins/allmols/H/opt/m06hf/cam/54-4.log,54-4,---,[],"td CAM-B3LYP/6-31g(d,p)",-7.04393882561,0.16544521386,62,0.6019,-1014.7639903,4.7337,0.333333333333
/home/ccollins/allmols/H/opt/m06hf/cam/5513-4-.log,5513-4-,---,[],"td CAM-B3LYP/6-31g(d,p)",-6.28882292354,0.0625861828745,80,2.3657,-1544.4367215,4.0167,0.6
/home/ccollins/allmols/H/opt/m06hf/cam/81312-13-.log,81312-13-,---,[],"td CAM-B3LYP/6-31g(d,p)",-6.20365129206,-1.29254073328,72,1.3645,-942.6922212,2.4144,0.383333333333
/home/ccollins/allmols/H/opt/m06hf/cam/134-12-.log,134-12-,---,[],"td CAM-B3LYP/6-31g(d,p)",-6.39521943442,0.329529858526,55,2.0215,-669.7225096,4.3983,0.266666666667
/home/ccollins/allmols/H/opt/m06hf/cam/58-55.log,58-55,---,[],"td CAM-B3LYP/6-31g(d,p)",-6.97754304899,-1.28247252125,84,1.5144,-1951.3672623,2.4051,0.466666666667
/home/ccollins/allmols/H/opt/m06hf/cam/85-13.log,85-13,---,[],"td CAM-B3LYP/6-31g(d,p)",-6.88856182378,-1.30913967743,59,3.1713,-1056.7946007,2.3984,0.233333333333
/home/ccollins/allmols/H/opt/m06hf/cam/8454-.log,8454-,---,[],"td CAM-B3LYP/6-31g(d,p)",-7.07196655098,-1.35594325767,82,2.1421,-1309.7755098,2.3529,0.583333333333
/home/ccollins/allmols/H/opt/m06hf/cam/138-12.log,138-12,---,[],"td CAM-B3LYP/6-31g(d,p)",-7.0763203724,-1.14396657741,55,1.0714,-733.8098618,2.4062,0.2
/home/ccollins/allmols/H/opt/m06hf/cam/125-84-.log,125-84-,---,[],"td CAM-B3LYP/6-31g(d,p)",-6.93373272098,-1.23539682718,79,0.8456,-1307.5854763,2.3612,0.516666666667
/home/ccollins/allmols/H/opt/m06hf/cam/412-12-13.log,412-12-13,---,[],"td CAM-B3LYP/6-31g(d,p)",-5.93888452712,0.16735001073,72,2.2486,-898.4581159,3.8274,0.466666666667
/home/ccollins/allmols/H/opt/m06hf/cam/58-8-13-.log,58-8-13-,---,[],"td CAM-B3LYP/6-31g(d,p)",-7.47796039815,-1.68792214074,79,2.1391,-1351.8039721,2.2842,0.366666666667
/home/ccollins/allmols/H/opt/m06hf/cam/1213-4-5.log,1213-4-5,---,[],"td CAM-B3LYP/6-31g(d,p)",-6.191950397,0.128437731812,76,1.9662,-1221.4451547,4.1300,0.533333333333
/home/ccollins/allmols/H/opt/m06hf/cam/4124-.log,4124-,---,[],"td CAM-B3LYP/6-31g(d,p)",-6.53290903675,0.124356024233,58,0.3844,-691.7806043,4.2551,0.3
/home/ccollins/allmols/H/opt/m06hf/cam/84-4-.log,84-4-,---,[],"td CAM-B3LYP/6-31g(d,p)",-7.69211398912,-1.33036455684,61,1.8021,-758.0526148,2.3523,0.3
/home/ccollins/allmols/H/opt/m06hf/cam/458.log,458,---,[],"td CAM-B3LYP/6-31g(d,p)",-7.4959199115,-1.33607894745,62,2.3381,-1078.8465053,2.3993,0.25
/home/ccollins/allmols/H/opt/m06hf/cam/88-84-.log,88-84-,---,[],"td CAM-B3LYP/6-31g(d,p)",-8.11334621125,-2.34290015022,81,2.2074,-1117.114563,2.2038,0.45
/home/ccollins/allmols/H/opt/m06hf/cam/51312-.log,51312-,---,[],"td CAM-B3LYP/6-31g(d,p)",-6.24147511562,0.49415873087,56,1.5096,-990.5160262,4.3292,0.25
/home/ccollins/allmols/H/opt/m06hf/cam/41312.log,41312,---,[],"td CAM-B3LYP/6-31g(d,p)",-6.15467080111,0.619875324296,55,1.1978,-669.7254699,4.3966,0.266666666667
/home/ccollins/allmols/H/opt/m06hf/cam/5125-.log,5125-,---,[],"td CAM-B3LYP/6-31g(d,p)",-6.40311073574,-0.0808178100597,60,0.4923,-1333.3645316,3.9594,0.366666666667
/home/ccollins/allmols/H/opt/m06hf/cam/812-4-13-.log,812-4-13-,---,[],"td CAM-B3LYP/6-31g(d,p)",-6.60447497629,-1.28873113954,75,1.6196,-964.7335457,2.3938,0.4
/home/ccollins/allmols/H/opt/m06hf/cam/1212-.log,1212-,---,[],"td CAM-B3LYP/6-31g(d,p)",-6.71332051173,0.837838509003,35,0.0000,-458.6457494,4.9778,0.0833333333333
/home/ccollins/allmols/H/opt/m06hf/cam/5812-5-.log,5812-5-,---,[],"td CAM-B3LYP/6-31g(d,p)",-6.89454832823,-1.21009024019,80,1.0933,-1628.3770543,2.3970,0.316666666667
/home/ccollins/allmols/H/opt/m06hf/cam/544.log,544,---,[],"td CAM-B3LYP/6-31g(d,p)",-7.04393882561,0.16544521386,62,0.6019,-1014.7639902,4.7337,0.333333333333
/home/ccollins/allmols/H/opt/m06hf/cam/548-12.log,548-12,---,[],"td CAM-B3LYP/6-31g(d,p)",-7.23686753717,-1.21716519999,79,1.1309,-1307.5796705,2.3517,0.483333333333
/home/ccollins/allmols/H/opt/m06hf/cam/412-5-8-.log,412-5-8-,---,[],"td CAM-B3LYP/6-31g(d,p)",-6.69372831535,-1.31893577562,79,2.7197,-1307.5837848,2.3996,0.55
/home/ccollins/allmols/H/opt/m06hf/cam/5412-12-.log,5412-12-,---,[],"td CAM-B3LYP/6-31g(d,p)",-6.37807626259,-0.0862600868314,76,0.8911,-1241.2999765,4.0274,0.516666666667
/home/ccollins/allmols/H/opt/m06hf/cam/1212-13-8.log,1212-13-8,---,[],"td CAM-B3LYP/6-31g(d,p)",-6.41263472009,-1.24600926688,72,2.5523,-962.5460465,2.4109,0.366666666667
/home/ccollins/allmols/H/opt/m06hf/cam/813-8.log,813-8,---,[],"td CAM-B3LYP/6-31g(d,p)",-7.7604145626,-1.56683148257,58,0.4711,-800.0903114,2.4097,0.3
/home/ccollins/allmols/H/opt/m06hf/cam/512-12-.log,512-12-,---,[],"td CAM-B3LYP/6-31g(d,p)",-6.34242934974,0.109389763111,56,0.6353,-1010.3698419,4.0861,0.233333333333
/home/ccollins/allmols/H/opt/m06hf/cam/44-4.log,44-4,---,[],"td CAM-B3LYP/6-31g(d,p)",-7.17455346813,0.358918153093,61,0.0000,-693.9701659,5.0490,0.366666666667
/home/ccollins/allmols/H/opt/m06hf/cam/88.log,88,---,[],"td CAM-B3LYP/6-31g(d,p)",-8.28940386481,-1.99568289218,41,0.0004,-591.1817474,2.2693,0.0666666666667
/home/ccollins/allmols/H/opt/m06hf/cam/8134-.log,8134-,---,[],"td CAM-B3LYP/6-31g(d,p)",-7.02842833681,-1.24056699011,58,2.5252,-736.0086224,2.4097,0.25
/home/ccollins/allmols/H/opt/m06hf/cam/512.log,512,---,[],"td CAM-B3LYP/6-31g(d,p)",-6.79903637088,0.388034333822,39,0.9844,-781.6376728,4.6514,0.0666666666667
/home/ccollins/allmols/H/opt/m06hf/cam/55-8-4-.log,55-8-4-,---,[],"td CAM-B3LYP/6-31g(d,p)",-7.02543508459,-1.25199577133,83,0.6418,-1630.5761975,2.3606,0.4
/home/ccollins/allmols/H/opt/m06hf/cam/138-13.log,138-13,---,[],"td CAM-B3LYP/6-31g(d,p)",-6.83332271454,-1.11348982749,55,3.1329,-713.9645222,2.4171,0.216666666667
/home/ccollins/allmols/H/opt/m06hf/cam/545-8-.log,545-8-,---,[],"td CAM-B3LYP/6-31g(d,p)",-7.184893794,-1.35240577777,83,2.1600,-1630.5684036,2.3972,0.55
/home/ccollins/allmols/H/opt/m06hf/cam/485.log,485,---,[],"td CAM-B3LYP/6-31g(d,p)",-7.67769195567,-1.25771016194,62,0.6023,-1078.8535133,2.3564,0.25
/home/ccollins/allmols/H/opt/m06hf/cam/1313-12-13-.log,1313-12-13-,---,[],"td CAM-B3LYP/6-31g(d,p)",-5.63520548325,0.562459304355,69,1.7703,-856.5535263,3.8808,0.433333333333
/home/ccollins/allmols/H/opt/m06hf/cam/134-8.log,134-8,---,[],"td CAM-B3LYP/6-31g(d,p)",-6.79386620795,-1.27675813064,58,2.4227,-736.0011536,2.3529,0.25
/home/ccollins/allmols/H/opt/m06hf/cam/54-5-13.log,54-5-13,---,[],"td CAM-B3LYP/6-31g(d,p)",-6.42487984283,-0.072110167225,80,1.5551,-1544.4346689,4.1114,0.5
/home/ccollins/allmols/H/opt/m06hf/cam/1244-.log,1244-,---,[],"td CAM-B3LYP/6-31g(d,p)",-6.77209710086,0.22694294138,58,0.4682,-691.7743014,4.6124,0.316666666667
/home/ccollins/allmols/H/opt/m06hf/cam/128-13.log,128-13,---,[],"td CAM-B3LYP/6-31g(d,p)",-7.0763203724,-1.14396657741,55,1.0714,-733.8098618,2.4062,0.2
/home/ccollins/allmols/H/opt/m06hf/cam/134-13-.log,134-13-,---,[],"td CAM-B3LYP/6-31g(d,p)",-6.31031991678,0.638106951482,55,2.0426,-649.8664902,4.5427,0.283333333333
/home/ccollins/allmols/H/opt/m06hf/cam/12128-13-.log,12128-13-,---,[],"td CAM-B3LYP/6-31g(d,p)",-6.67114286675,-1.10233316011,72,2.1617,-962.5412532,2.4030,0.316666666667
/home/ccollins/allmols/H/opt/m06hf/cam/1212134.log,1212134,---,[],"td CAM-B3LYP/6-31g(d,p)",-5.94214989318,0.327897175495,72,1.4124,-898.4579075,3.9422,0.5
/home/ccollins/allmols/H/opt/m06hf/cam/135-5-.log,135-5-,---,[],"td CAM-B3LYP/6-31g(d,p)",-6.47658147216,0.174697084372,60,2.5780,-1313.5045912,4.2459,0.266666666667
/home/ccollins/allmols/H/opt/m06hf/cam/128-5-.log,128-5-,---,[],"td CAM-B3LYP/6-31g(d,p)",-7.48231421957,-1.24274390082,59,0.2554,-1076.6503725,2.3940,0.233333333333
/home/ccollins/allmols/H/opt/m06hf/cam/45-.log,45-,---,[],"td CAM-B3LYP/6-31g(d,p)",-7.25210591213,0.458239704177,42,0.6050,-783.8356018,5.0636,0.15
/home/ccollins/allmols/H/opt/m06hf/cam/88-48-.log,88-48-,---,[],"td CAM-B3LYP/6-31g(d,p)",-8.19416402131,-2.1121476151,81,0.5505,-1117.1281791,2.2515,0.366666666667
/home/ccollins/allmols/H/opt/m06hf/cam/88-8.log,88-8,---,[],"td CAM-B3LYP/6-31g(d,p)",-8.31852004554,-2.46426292222,61,0.0003,-886.1760603,2.2102,0.183333333333
/home/ccollins/allmols/H/opt/m06hf/cam/1212128-.log,1212128-,---,[],"td CAM-B3LYP/6-31g(d,p)",-6.52039180017,-1.22532861515,72,3.0763,-982.3841449,2.3898,0.3
/home/ccollins/allmols/H/opt/m06hf/cam/558-4-.log,558-4-,---,[],"td CAM-B3LYP/6-31g(d,p)",-7.21373786089,-1.24981886062,83,1.1788,-1630.5748902,2.3574,0.55
/home/ccollins/allmols/H/opt/m06hf/cam/512-124-.log,512-124-,---,[],"td CAM-B3LYP/6-31g(d,p)",-6.19331096619,-0.120274316655,76,0.6121,-1241.3074789,3.7745,0.416666666667
/home/ccollins/allmols/H/opt/m06hf/cam/1213-4.log,1213-4,---,[],"td CAM-B3LYP/6-31g(d,p)",-6.2180733255,0.620419551974,55,1.8375,-669.7231048,4.4406,0.283333333333
/home/ccollins/allmols/H/opt/m06hf/cam/135-58.log,135-58,---,[],"td CAM-B3LYP/6-31g(d,p)",-6.67604091584,-1.35376634696,80,3.1174,-1608.5165978,2.3991,0.466666666667
/home/ccollins/allmols/H/opt/m06hf/cam/124-8-.log,124-8-,---,[],"td CAM-B3LYP/6-31g(d,p)",-7.18407745248,-1.31349349885,58,2.2587,-755.8569422,2.3523,0.233333333333
/home/ccollins/allmols/H/opt/m06hf/cam/1354.log,1354,---,[],"td CAM-B3LYP/6-31g(d,p)",-6.4803910659,0.259868715849,59,1.4092,-992.7123445,4.3453,0.333333333333
/home/ccollins/allmols/H/opt/m06hf/cam/121312-.log,121312-,---,[],"td CAM-B3LYP/6-31g(d,p)",-6.02187924788,0.654161667958,52,1.6453,-667.5266644,4.2959,0.233333333333
/home/ccollins/allmols/H/opt/m06hf/cam/4445-.log,4445-,---,[],"td CAM-B3LYP/6-31g(d,p)",-6.96584215394,0.0895254528944,82,0.6320,-1245.691951,4.6534,0.65
/home/ccollins/allmols/H/opt/m06hf/cam/135-5-13.log,135-5-13,---,[],"td CAM-B3LYP/6-31g(d,p)",-6.2956257695,0.0925187051189,77,3.7119,-1522.3811764,4.0154,0.416666666667
/home/ccollins/allmols/H/opt/m06hf/cam/84-12-.log,84-12-,---,[],"td CAM-B3LYP/6-31g(d,p)",-7.184893794,-1.3124050435,58,2.2558,-755.8569236,2.3517,0.233333333333
/home/ccollins/allmols/H/opt/m06hf/cam/5412-12.log,5412-12,---,[],"td CAM-B3LYP/6-31g(d,p)",-6.35249756176,-0.129798301005,76,0.7262,-1241.3028584,3.9682,0.516666666667
/home/ccollins/allmols/H/opt/m06hf/cam/558-5-.log,558-5-,---,[],"td CAM-B3LYP/6-31g(d,p)",-6.97536613829,-1.28056772438,84,0.9527,-1951.3673648,2.4032,0.566666666667
/home/ccollins/allmols/H/opt/m06hf/cam/8135-4.log,8135-4,---,[],"td CAM-B3LYP/6-31g(d,p)",-6.79468254947,-1.27947926903,79,2.7960,-1287.730384,2.4107,0.483333333333
/home/ccollins/allmols/H/opt/m06hf/cam/131312-5.log,131312-5,---,[],"td CAM-B3LYP/6-31g(d,p)",-5.98378331048,0.199459443683,73,2.1633,-1199.3951077,3.9227,0.433333333333
/home/ccollins/allmols/H/opt/m06hf/cam/124-13-.log,124-13-,---,[],"td CAM-B3LYP/6-31g(d,p)",-6.39521943442,0.329801972365,55,2.0212,-669.7225086,4.3983,0.266666666667
/home/ccollins/allmols/H/opt/m06hf/cam/12413.log,12413,---,[],"td CAM-B3LYP/6-31g(d,p)",-6.39086561301,0.327897175495,55,1.4446,-669.7226627,4.3932,0.266666666667
/home/ccollins/allmols/H/opt/m06hf/cam/45-12.log,45-12,---,[],"td CAM-B3LYP/6-31g(d,p)",-6.58488277992,0.00816341515755,59,0.1321,-1012.5672649,4.1849,0.266666666667
/home/ccollins/allmols/H/opt/m06hf/cam/55-.log,55-,---,[],"td CAM-B3LYP/6-31g(d,p)",-6.93427694866,0.0707495980321,43,0.0005,-1104.6286422,4.4362,0.116666666667
/home/ccollins/allmols/H/opt/m06hf/cam/81313-.log,81313-,---,[],"td CAM-B3LYP/6-31g(d,p)",-6.63604018157,-1.21063446786,55,2.6857,-713.956312,2.4095,0.233333333333
/home/ccollins/allmols/H/opt/m06hf/cam/131313-.log,131313-,---,[],"td CAM-B3LYP/6-31g(d,p)",-6.01017835282,1.48955115241,52,1.2524,-627.8148626,4.9180,0.35
/home/ccollins/allmols/H/opt/m06hf/cam/44-4-12-.log,44-4-12-,---,[],"td CAM-B3LYP/6-31g(d,p)",-6.72066758537,0.0761918748038,78,0.4603,-922.7025691,4.4790,0.55
/home/ccollins/allmols/H/opt/m06hf/cam/1212-55-.log,1212-55-,---,[],"td CAM-B3LYP/6-31g(d,p)",-6.21644064247,-0.392932382917,77,0.1623,-1562.0951358,3.5887,0.383333333333
/home/ccollins/allmols/H/opt/m06hf/cam/88-4-8.log,88-4-8,---,[],"td CAM-B3LYP/6-31g(d,p)",-8.19416402131,-2.1121476151,81,0.5505,-1117.1281792,2.2515,0.366666666667
/home/ccollins/allmols/H/opt/m06hf/cam/813-5-.log,813-5-,---,[],"td CAM-B3LYP/6-31g(d,p)",-6.97917573203,-1.27566967529,59,2.5017,-1056.8009783,2.4107,0.216666666667
/home/ccollins/allmols/H/opt/m06hf/cam/85-138.log,85-138,---,[],"td CAM-B3LYP/6-31g(d,p)",-7.07169443714,-1.49308863232,79,1.3862,-1351.8114712,2.4030,0.45
/home/ccollins/allmols/H/opt/m06hf/cam/88-.log,88-,---,[],"td CAM-B3LYP/6-31g(d,p)",-8.28940386481,-1.99568289218,41,0.0004,-591.1817474,2.2693,0.0666666666667
/home/ccollins/allmols/H/opt/m06hf/cam/812-.log,812-,---,[],"td CAM-B3LYP/6-31g(d,p)",-8.00803815572,-1.3336299229,38,1.9253,-524.920963,2.3876,0.0666666666667
/home/ccollins/allmols/H/opt/m06hf/cam/1213135.log,1213135,---,[],"td CAM-B3LYP/6-31g(d,p)",-5.99793323009,0.588038005182,73,2.2255,-1199.3951749,4.2630,0.483333333333
/home/ccollins/allmols/H/opt/m06hf/cam/1313-12.log,1313-12,---,[],"td CAM-B3LYP/6-31g(d,p)",-6.02405615859,1.01253559337,52,1.2424,-647.670726,4.5679,0.266666666667
/home/ccollins/allmols/H/opt/m06hf/cam/44-.log,44-,---,[],"td CAM-B3LYP/6-31g(d,p)",-7.50027373292,0.712666143254,41,0.0000,-463.0418145,5.4027,0.116666666667
/home/ccollins/allmols/H/opt/m06hf/cam/551212-.log,551212-,---,[],"td CAM-B3LYP/6-31g(d,p)",-6.17018128991,-0.381775715535,77,0.8027,-1562.0933449,3.5673,0.383333333333
/home/ccollins/allmols/H/opt/m06hf/cam/54-8-4-.log,54-8-4-,---,[],"td CAM-B3LYP/6-31g(d,p)",-7.2991816062,-1.23349203031,82,0.6659,-1309.7828584,2.3150,0.483333333333
/home/ccollins/allmols/H/opt/m06hf/cam/1312.log,1312,---,[],"td CAM-B3LYP/6-31g(d,p)",-6.34106878054,1.18750479158,35,1.3702,-438.7934962,4.9645,0.0833333333333
/home/ccollins/allmols/H/opt/m06hf/cam/58-13-8.log,58-13-8,---,[],"td CAM-B3LYP/6-31g(d,p)",-7.39006762829,-1.50859912111,79,2.2174,-1351.8198342,2.4094,0.383333333333
/home/ccollins/allmols/H/opt/m06hf/cam/4413-13.log,4413-13,---,[],"td CAM-B3LYP/6-31g(d,p)",-6.08201640621,0.404361164137,75,1.2495,-880.798124,4.3262,0.883333333333
/home/ccollins/allmols/H/opt/m06hf/cam/512138.log,512138,---,[],"td CAM-B3LYP/6-31g(d,p)",-6.42705675354,-1.21961422454,76,3.2255,-1285.5380089,2.4098,0.35
/home/ccollins/allmols/H/opt/m06hf/cam/131244-.log,131244-,---,[],"td CAM-B3LYP/6-31g(d,p)",-6.11249315613,0.0878927698629,75,1.2147,-900.6564504,3.9941,0.75
/home/ccollins/allmols/H/opt/m06hf/cam/13513-13.log,13513-13,---,[],"td CAM-B3LYP/6-31g(d,p)",-6.06269632367,0.453613768921,73,1.0893,-1179.5391622,4.1238,0.516666666667
/home/ccollins/allmols/H/opt/m06hf/cam/12813.log,12813,---,[],"td CAM-B3LYP/6-31g(d,p)",-7.0763203724,-1.14396657741,55,1.0714,-733.8098618,2.4062,0.2
/home/ccollins/allmols/H/opt/m06hf/cam/812.log,812,---,[],"td CAM-B3LYP/6-31g(d,p)",-8.00803815572,-1.33390203674,38,1.9251,-524.9209625,2.3876,0.0666666666667
/home/ccollins/allmols/H/opt/m06hf/cam/512-12-4-.log,512-12-4-,---,[],"td CAM-B3LYP/6-31g(d,p)",-6.17208608678,-0.103675372501,76,0.4709,-1241.3049078,3.7608,0.433333333333
/home/ccollins/allmols/H/opt/m06hf/cam/412-5.log,412-5,---,[],"td CAM-B3LYP/6-31g(d,p)",-6.47086708155,0.0163268303151,59,0.2479,-1012.5726866,4.0942,0.25
/home/ccollins/allmols/H/opt/m06hf/cam/58-134-.log,58-134-,---,[],"td CAM-B3LYP/6-31g(d,p)",-6.80121328159,-1.18206251481,79,1.1969,-1287.7375512,2.4136,0.433333333333
/home/ccollins/allmols/H/opt/m06hf/cam/41312-5-.log,41312-5-,---,[],"td CAM-B3LYP/6-31g(d,p)",-6.01779754031,0.152655863446,76,2.1169,-1221.4497846,3.8758,0.5
/home/ccollins/allmols/H/opt/m06hf/cam/513-.log,513-,---,[],"td CAM-B3LYP/6-31g(d,p)",-6.45508447891,0.641916545222,39,2.1632,-761.7826783,4.5645,0.0833333333333
/home/ccollins/allmols/H/opt/m06hf/cam/84-4-8.log,84-4-8,---,[],"td CAM-B3LYP/6-31g(d,p)",-7.9035464417,-1.4422033445,81,0.0001,-1053.062503,2.3532,0.5
/home/ccollins/allmols/H/opt/m06hf/cam/58-58-.log,58-58-,---,[],"td CAM-B3LYP/6-31g(d,p)",-7.70735236408,-1.72765076118,83,2.3427,-1694.6547862,2.3978,0.4
/home/ccollins/allmols/H/opt/m06hf/cam/48-12-.log,48-12-,---,[],"td CAM-B3LYP/6-31g(d,p)",-7.59823471481,-1.20138259735,58,0.7509,-755.8575067,2.3477,0.233333333333
/home/ccollins/allmols/H/opt/m06hf/cam/84-5.log,84-5,---,[],"td CAM-B3LYP/6-31g(d,p)",-7.32013437177,-1.34315390726,62,2.0394,-1078.8458425,2.3541,0.25
/home/ccollins/allmols/H/opt/m06hf/cam/88-1312-.log,88-1312-,---,[],"td CAM-B3LYP/6-31g(d,p)",-6.90897036167,-1.70642588177,75,3.5374,-1028.8065663,2.2796,0.366666666667
/home/ccollins/allmols/H/opt/m06hf/cam/41313-.log,41313-,---,[],"td CAM-B3LYP/6-31g(d,p)",-6.13916031231,0.853076883964,55,1.0668,-649.8693142,4.6310,0.283333333333
/home/ccollins/allmols/H/opt/m06hf/cam/85125.log,85125,---,[],"td CAM-B3LYP/6-31g(d,p)",-6.61399896064,-1.30805122208,80,3.2087,-1628.3752013,2.3994,0.333333333333
/home/ccollins/allmols/H/opt/m06hf/cam/5134.log,5134,---,[],"td CAM-B3LYP/6-31g(d,p)",-6.38841658846,0.481369380457,59,1.2018,-992.7151563,4.4108,0.283333333333
/home/ccollins/allmols/H/opt/m06hf/cam/84-13.log,84-13,---,[],"td CAM-B3LYP/6-31g(d,p)",-6.88039840862,-1.31077236046,58,2.1908,-736.0014433,2.3519,0.266666666667
/home/ccollins/allmols/H/opt/m06hf/cam/125-.log,125-,---,[],"td CAM-B3LYP/6-31g(d,p)",-6.81427474584,0.385585309275,39,0.2296,-781.6378386,4.6500,0.0666666666667
/home/ccollins/allmols/H/opt/m06hf/cam/4513-13.log,4513-13,---,[],"td CAM-B3LYP/6-31g(d,p)",-6.11603063603,0.251433186852,76,1.4592,-1201.5915716,4.1227,0.583333333333
/home/ccollins/allmols/H/opt/m06hf/cam/1388.log,1388,---,[],"td CAM-B3LYP/6-31g(d,p)",-7.6425892705,-1.70914702015,58,2.7858,-800.0734171,2.2782,0.233333333333
/home/ccollins/allmols/H/opt/m06hf/cam/13125-.log,13125-,---,[],"td CAM-B3LYP/6-31g(d,p)",-6.12310559584,0.182044158013,56,1.5276,-990.5201667,4.0018,0.266666666667
/home/ccollins/allmols/H/opt/m06hf/cam/54-4-5-.log,54-4-5-,---,[],"td CAM-B3LYP/6-31g(d,p)",-6.91713377683,-0.0459872387209,83,0.4283,-1566.4858941,4.5083,0.816666666667
/home/ccollins/allmols/H/opt/m06hf/cam/58-12.log,58-12,---,[],"td CAM-B3LYP/6-31g(d,p)",-7.48340267492,-1.23920642092,59,1.1427,-1076.6503468,2.3945,0.2
/home/ccollins/allmols/H/opt/m06hf/cam/124-128-.log,124-128-,---,[],"td CAM-B3LYP/6-31g(d,p)",-6.7652942549,-1.27730235832,75,2.8898,-984.5891118,2.3937,0.4
/home/ccollins/allmols/H/opt/m06hf/cam/84-513-.log,84-513-,---,[],"td CAM-B3LYP/6-31g(d,p)",-6.63549595389,-1.34478659029,79,3.0177,-1287.7231541,2.3536,0.616666666667
/home/ccollins/allmols/H/opt/m06hf/cam/88-8-.log,88-8-,---,[],"td CAM-B3LYP/6-31g(d,p)",-8.31852004554,-2.46426292222,61,0.0003,-886.1760603,2.2102,0.183333333333
/home/ccollins/allmols/H/opt/m06hf/cam/81312-.log,81312-,---,[],"td CAM-B3LYP/6-31g(d,p)",-6.76447791338,-1.27158796771,55,2.5890,-733.8096857,2.4116,0.216666666667
/home/ccollins/allmols/H/opt/m06hf/cam/1344.log,1344,---,[],"td CAM-B3LYP/6-31g(d,p)",-6.56447424202,0.45388588276,58,1.6327,-671.9184057,4.6871,0.333333333333
/home/ccollins/allmols/H/opt/m06hf/cam/125-5.log,125-5,---,[],"td CAM-B3LYP/6-31g(d,p)",-6.46923439852,-0.263134081912,60,0.5357,-1333.3603806,3.8580,0.266666666667
/home/ccollins/allmols/H/opt/m06hf/cam/1313-124.log,1313-124,---,[],"td CAM-B3LYP/6-31g(d,p)",-5.92038078609,0.354836445515,72,1.2836,-878.6056295,4.0238,0.45
/home/ccollins/allmols/H/opt/m06hf/cam/13454-.log,13454-,---,[],"td CAM-B3LYP/6-31g(d,p)",-6.45698927578,0.00517016293311,79,1.6571,-1223.6414925,4.1972,0.733333333333
/home/ccollins/allmols/H/opt/m06hf/cam/8138-5.log,8138-5,---,[],"td CAM-B3LYP/6-31g(d,p)",-7.38952340061,-1.51050391798,79,2.0553,-1351.8198669,2.4105,0.35
/home/ccollins/allmols/H/opt/m06hf/cam/513-1312.log,513-1312,---,[],"td CAM-B3LYP/6-31g(d,p)",-5.9190202169,0.548853612426,73,1.2075,-1199.3978707,4.1670,0.6
/home/ccollins/allmols/H/opt/m06hf/cam/513-12-.log,513-12-,---,[],"td CAM-B3LYP/6-31g(d,p)",-6.08065583702,0.34803359955,56,1.7929,-990.5182376,4.0876,0.25
/home/ccollins/allmols/H/opt/m06hf/cam/125-4-.log,125-4-,---,[],"td CAM-B3LYP/6-31g(d,p)",-6.58488277992,0.00816341515755,59,0.1318,-1012.5672652,4.1850,0.266666666667
/home/ccollins/allmols/H/opt/m06hf/cam/1213-12.log,1213-12,---,[],"td CAM-B3LYP/6-31g(d,p)",-6.0488185179,0.633208902387,52,2.2421,-667.5242585,4.2925,0.283333333333
/home/ccollins/allmols/H/opt/m06hf/cam/413-.log,413-,---,[],"td CAM-B3LYP/6-31g(d,p)",-6.63903343379,0.961650305559,38,1.6640,-440.9900803,5.0523,0.133333333333
/home/ccollins/allmols/H/opt/m06hf/cam/8131313-.log,8131313-,---,[],"td CAM-B3LYP/6-31g(d,p)",-5.98187851361,-1.20355950806,72,3.3944,-922.8325019,2.4161,0.383333333333
/home/ccollins/allmols/H/opt/m06hf/cam/121313-8.log,121313-8,---,[],"td CAM-B3LYP/6-31g(d,p)",-6.16419478546,-1.20628064645,72,3.0601,-942.6915264,2.4130,0.383333333333
/home/ccollins/allmols/H/opt/m06hf/cam/4121312.log,4121312,---,[],"td CAM-B3LYP/6-31g(d,p)",-5.88908769465,0.188030662462,72,0.8121,-898.4632811,3.8378,0.433333333333
/home/ccollins/allmols/H/opt/m06hf/cam/125-4.log,125-4,---,[],"td CAM-B3LYP/6-31g(d,p)",-6.58515489375,0.00843552899613,59,0.1314,-1012.5672642,4.1852,0.266666666667
/home/ccollins/allmols/H/opt/m06hf/cam/128-124.log,128-124,---,[],"td CAM-B3LYP/6-31g(d,p)",-6.96910752,-1.16029340773,75,0.7069,-984.5898643,2.3925,0.383333333333
/home/ccollins/allmols/H/opt/m06hf/cam/1213-134-.log,1213-134-,---,[],"td CAM-B3LYP/6-31g(d,p)",-5.94459891773,0.687087442427,72,1.0144,-878.6023848,4.2982,0.466666666667
/home/ccollins/allmols/H/opt/m06hf/cam/413-13.log,413-13,---,[],"td CAM-B3LYP/6-31g(d,p)",-6.13943242615,0.853348997802,55,1.0666,-649.8693125,4.6313,0.283333333333
/home/ccollins/allmols/H/opt/m06hf/cam/12413-5.log,12413-5,---,[],"td CAM-B3LYP/6-31g(d,p)",-6.24718950623,0.133880008584,76,2.2500,-1221.4475668,4.0937,0.516666666667
/home/ccollins/allmols/H/opt/m06hf/cam/513.log,513,---,[],"td CAM-B3LYP/6-31g(d,p)",-6.43848553476,0.616609958233,39,0.9953,-761.7825694,4.5550,0.0833333333333
/home/ccollins/allmols/H/opt/m06hf/cam/51213-12.log,51213-12,---,[],"td CAM-B3LYP/6-31g(d,p)",-5.91248948477,0.0925187051189,73,2.5502,-1219.2509119,3.7709,0.4
/home/ccollins/allmols/H/opt/m06hf/cam/138-5-5-.log,138-5-5-,---,[],"td CAM-B3LYP/6-31g(d,p)",-6.93400483482,-1.20111048351,80,2.3875,-1608.5270734,2.4130,0.383333333333
/home/ccollins/allmols/H/opt/m06hf/cam/513-4-.log,513-4-,---,[],"td CAM-B3LYP/6-31g(d,p)",-6.37072918895,0.460960842563,59,1.8744,-992.7152874,4.3787,0.283333333333
/home/ccollins/allmols/H/opt/m06hf/cam/5134-.log,5134-,---,[],"td CAM-B3LYP/6-31g(d,p)",-6.38841658846,0.481369380457,59,1.2018,-992.7151562,4.4108,0.283333333333
/home/ccollins/allmols/H/opt/m06hf/cam/88-13-.log,88-13-,---,[],"td CAM-B3LYP/6-31g(d,p)",-7.6425892705,-1.70914702015,58,2.7854,-800.0734164,2.2782,0.233333333333
/home/ccollins/allmols/H/opt/m06hf/cam/812-5-8-.log,812-5-8-,---,[],"td CAM-B3LYP/6-31g(d,p)",-7.31360363965,-1.50995969031,79,2.6834,-1371.657253,2.3940,0.516666666667
/home/ccollins/allmols/H/opt/m06hf/cam/85-5.log,85-5,---,[],"td CAM-B3LYP/6-31g(d,p)",-7.18897550157,-1.36709992505,63,2.0892,-1399.6396977,2.3992,0.283333333333
/home/ccollins/allmols/H/opt/m06hf/cam/1313128-.log,1313128-,---,[],"td CAM-B3LYP/6-31g(d,p)",-6.28120373606,-1.30533008369,72,1.0349,-942.6832417,2.3966,0.366666666667
/home/ccollins/allmols/H/opt/m06hf/cam/58-.log,58-,---,[],"td CAM-B3LYP/6-31g(d,p)",-8.11661157731,-1.3921343982,42,1.6984,-847.9170074,2.3983,0.0666666666667
/home/ccollins/allmols/H/opt/m06hf/cam/128-54-.log,128-54-,---,[],"td CAM-B3LYP/6-31g(d,p)",-7.18081208642,-1.19893357281,79,0.9056,-1307.5797465,2.3945,0.483333333333
/home/ccollins/allmols/H/opt/m06hf/cam/541313-.log,541313-,---,[],"td CAM-B3LYP/6-31g(d,p)",-6.09643843966,0.200547899037,76,1.8313,-1201.5919866,4.1744,0.55
/home/ccollins/allmols/H/opt/m06hf/cam/138-1312.log,138-1312,---,[],"td CAM-B3LYP/6-31g(d,p)",-6.43630862405,-1.09634665566,72,3.1509,-942.6993314,2.4217,0.35
/home/ccollins/allmols/H/opt/m06hf/cam/12813-.log,12813-,---,[],"td CAM-B3LYP/6-31g(d,p)",-7.0763203724,-1.14750405731,55,2.1764,-733.8095971,2.4006,0.2
/home/ccollins/allmols/H/opt/m06hf/cam/45-5-.log,45-5-,---,[],"td CAM-B3LYP/6-31g(d,p)",-6.86135043992,0.0340142298231,63,0.9647,-1335.5571095,4.4012,0.3
/home/ccollins/allmols/H/opt/m06hf/cam/1388-12-.log,1388-12-,---,[],"td CAM-B3LYP/6-31g(d,p)",-7.45700763258,-1.64030221899,75,2.2105,-1028.8079134,2.2789,0.333333333333
/home/ccollins/allmols/H/opt/m06hf/cam/125.log,125,---,[],"td CAM-B3LYP/6-31g(d,p)",-6.7998527124,0.388850675338,39,0.9829,-781.6376635,4.6525,0.0666666666667
/home/ccollins/allmols/H/opt/m06hf/cam/513-8.log,513-8,---,[],"td CAM-B3LYP/6-31g(d,p)",-6.84203035738,-1.29009170873,59,2.4523,-1056.8011214,2.4118,0.216666666667
/home/ccollins/allmols/H/opt/m06hf/cam/134-8-.log,134-8-,---,[],"td CAM-B3LYP/6-31g(d,p)",-6.79386620795,-1.27675813064,58,2.4227,-736.0011536,2.3529,0.25
/home/ccollins/allmols/H/opt/m06hf/cam/134-13-13-.log,134-13-13-,---,[],"td CAM-B3LYP/6-31g(d,p)",-6.08065583702,0.497424096933,72,1.6335,-858.7440129,4.2849,0.516666666667
/home/ccollins/allmols/H/opt/m06hf/cam/513-48.log,513-48,---,[],"td CAM-B3LYP/6-31g(d,p)",-6.40936935403,-1.3124050435,79,2.2599,-1287.7255823,2.3523,0.65
/home/ccollins/allmols/H/opt/m06hf/cam/13138-5-.log,13138-5-,---,[],"td CAM-B3LYP/6-31g(d,p)",-6.55222911929,-1.20954601251,76,2.8815,-1265.6830418,2.4146,0.366666666667
/home/ccollins/allmols/H/opt/m06hf/cam/5513-.log,5513-,---,[],"td CAM-B3LYP/6-31g(d,p)",-6.2074608858,-0.106396510887,60,2.6049,-1313.5035887,3.8005,0.283333333333
/home/ccollins/allmols/H/opt/m06hf/cam/858-.log,858-,---,[],"td CAM-B3LYP/6-31g(d,p)",-8.24668199215,-1.73853531472,62,1.0051,-1142.9251029,2.3992,0.233333333333
/home/ccollins/allmols/H/opt/m06hf/cam/12413-4-.log,12413-4-,---,[],"td CAM-B3LYP/6-31g(d,p)",-6.22188291924,0.174152856694,75,1.7863,-900.654804,4.1150,0.716666666667
/home/ccollins/allmols/H/opt/m06hf/cam/135-13-12-.log,135-13-12-,---,[],"td CAM-B3LYP/6-31g(d,p)",-5.78459598064,0.100682120276,73,1.0978,-1199.3943932,3.6383,0.45
/home/ccollins/allmols/H/opt/m06hf/cam/125-13-8.log,125-13-8,---,[],"td CAM-B3LYP/6-31g(d,p)",-6.48284009045,-1.27403699225,76,2.6982,-1285.5323697,2.4128,0.35
/home/ccollins/allmols/H/opt/m06hf/cam/54-13.log,54-13,---,[],"td CAM-B3LYP/6-31g(d,p)",-6.56229733131,0.264766764943,59,1.0245,-992.7122127,4.5047,0.283333333333
/home/ccollins/allmols/H/opt/m06hf/cam/812-12-12-.log,812-12-12-,---,[],"td CAM-B3LYP/6-31g(d,p)",-6.52011968633,-1.22532861515,72,3.0766,-982.3841474,2.3898,0.3
/home/ccollins/allmols/H/opt/m06hf/cam/12138-13-.log,12138-13-,---,[],"td CAM-B3LYP/6-31g(d,p)",-6.42868943657,-1.10695909536,72,0.7126,-942.6995285,2.4268,0.333333333333
/home/ccollins/allmols/H/opt/m06hf/cam/48-.log,48-,---,[],"td CAM-B3LYP/6-31g(d,p)",-8.03062360432,-1.3540384608,41,1.3554,-527.1241287,2.3500,0.116666666667
/home/ccollins/allmols/H/opt/m06hf/cam/128-.log,128-,---,[],"td CAM-B3LYP/6-31g(d,p)",-8.00803815572,-1.3336299229,38,1.9253,-524.920963,2.3876,0.0666666666667
/home/ccollins/allmols/H/opt/m06hf/cam/131212-.log,131212-,---,[],"td CAM-B3LYP/6-31g(d,p)",-6.0812000647,0.506948081284,52,1.5870,-667.5280583,4.2037,0.216666666667
/home/ccollins/allmols/H/opt/m06hf/cam/545-5-.log,545-5-,---,[],"td CAM-B3LYP/6-31g(d,p)",-6.74107612326,-0.227487169057,84,0.5886,-1887.2792408,4.1497,0.583333333333
/home/ccollins/allmols/H/opt/m06hf/cam/544-13.log,544-13,---,[],"td CAM-B3LYP/6-31g(d,p)",-6.5650184697,0.10585228321,79,1.2991,-1223.6402003,4.4827,0.766666666667
/home/ccollins/allmols/H/opt/m06hf/cam/812-1212-.log,812-1212-,---,[],"td CAM-B3LYP/6-31g(d,p)",-6.58243375537,-1.29852723773,72,2.6468,-982.3907532,2.3929,0.3
/home/ccollins/allmols/H/opt/m06hf/cam/513-4-5.log,513-4-5,---,[],"td CAM-B3LYP/6-31g(d,p)",-6.34759951267,0.103947486339,80,2.0534,-1544.4371072,4.1657,0.55
/home/ccollins/allmols/H/opt/m06hf/cam/13812.log,13812,---,[],"td CAM-B3LYP/6-31g(d,p)",-7.0763203724,-1.14396657741,55,1.0714,-733.8098618,2.4062,0.2
/home/ccollins/allmols/H/opt/m06hf/cam/81388.log,81388,---,[],"td CAM-B3LYP/6-31g(d,p)",-7.87579083016,-2.04058167555,78,0.8014,-1095.0861662,2.2808,0.483333333333
/home/ccollins/allmols/H/opt/m06hf/cam/13135-.log,13135-,---,[],"td CAM-B3LYP/6-31g(d,p)",-6.21290316257,0.628310853293,56,2.9342,-970.6603471,4.4363,0.3
/home/ccollins/allmols/H/opt/m06hf/cam/135-13-.log,135-13-,---,[],"td CAM-B3LYP/6-31g(d,p)",-6.24855007543,0.518104748666,56,1.0107,-970.659876,4.2884,0.25
/home/ccollins/allmols/H/opt/m06hf/cam/12812-12-.log,12812-12-,---,[],"td CAM-B3LYP/6-31g(d,p)",-6.80828824139,-1.13226568235,72,1.0127,-982.3861462,2.3888,0.283333333333
/home/ccollins/allmols/H/opt/m06hf/cam/13512-.log,13512-,---,[],"td CAM-B3LYP/6-31g(d,p)",-6.32963999932,0.174697084372,56,1.5786,-990.5147408,4.1029,0.25
/home/ccollins/allmols/H/opt/m06hf/cam/445.log,445,---,[],"td CAM-B3LYP/6-31g(d,p)",-7.04094557338,0.190479687009,62,0.6083,-1014.7638916,4.7535,0.333333333333
/home/ccollins/allmols/H/opt/m06hf/cam/138-13-.log,138-13-,---,[],"td CAM-B3LYP/6-31g(d,p)",-6.83032946232,-1.12736763326,55,0.0001,-713.9648373,2.4245,0.216666666667
/home/ccollins/allmols/H/opt/m06hf/cam/5124-.log,5124-,---,[],"td CAM-B3LYP/6-31g(d,p)",-6.45345179588,0.0163268303151,59,0.8536,-1012.572564,4.0876,0.25
/home/ccollins/allmols/H/opt/m06hf/cam/5512.log,5512,---,[],"td CAM-B3LYP/6-31g(d,p)",-6.42460772899,-0.247351479274,60,1.3473,-1333.3585762,3.8542,0.25
/home/ccollins/allmols/H/opt/m06hf/cam/44-124.log,44-124,---,[],"td CAM-B3LYP/6-31g(d,p)",-6.46787382932,-0.014422033445,78,0.3568,-922.7089287,4.1128,0.733333333333
/home/ccollins/allmols/H/opt/m06hf/cam/134-412-.log,134-412-,---,[],"td CAM-B3LYP/6-31g(d,p)",-6.46161521104,0.134968463938,75,1.8276,-900.650735,4.3708,0.716666666667
/home/ccollins/allmols/H/opt/m06hf/cam/5135.log,5135,---,[],"td CAM-B3LYP/6-31g(d,p)",-6.39195406836,0.385857423113,60,1.1361,-1313.5079541,4.3260,0.266666666667
/home/ccollins/allmols/H/opt/m06hf/cam/84-8-.log,84-8-,---,[],"td CAM-B3LYP/6-31g(d,p)",-8.2145725592,-1.5804371745,61,0.0001,-822.132758,2.3538,0.233333333333
/home/ccollins/allmols/H/opt/m06hf/cam/558-.log,558-,---,[],"td CAM-B3LYP/6-31g(d,p)",-7.17455346813,-1.3575759407,63,2.6960,-1399.6380756,2.4018,0.266666666667
/home/ccollins/allmols/H/opt/m06hf/cam/8135.log,8135,---,[],"td CAM-B3LYP/6-31g(d,p)",-6.97944784586,-1.27594178912,59,2.5014,-1056.8009772,2.4107,0.216666666667
/home/ccollins/allmols/H/opt/m06hf/cam/12138.log,12138,---,[],"td CAM-B3LYP/6-31g(d,p)",-6.74842319691,-1.22696129818,55,2.7324,-733.8114413,2.4109,0.216666666667
/home/ccollins/allmols/H/opt/m06hf/cam/8412-.log,8412-,---,[],"td CAM-B3LYP/6-31g(d,p)",-7.184893794,-1.3124050435,58,2.2558,-755.8569236,2.3517,0.233333333333
/home/ccollins/allmols/H/opt/m06hf/cam/138-8-.log,138-8-,---,[],"td CAM-B3LYP/6-31g(d,p)",-7.64231715666,-1.70887490631,58,2.7869,-800.0734149,2.2783,0.233333333333
/home/ccollins/allmols/H/opt/m06hf/cam/5124.log,5124,---,[],"td CAM-B3LYP/6-31g(d,p)",-6.45399602356,0.0165989441537,59,0.8526,-1012.5725586,4.0885,0.25
/home/ccollins/allmols/H/opt/m06hf/cam/1341312-.log,1341312-,---,[],"td CAM-B3LYP/6-31g(d,p)",-6.09398941511,0.411708237779,72,2.4427,-878.5994689,4.1890,0.5
/home/ccollins/allmols/H/opt/m06hf/cam/8513.log,8513,---,[],"td CAM-B3LYP/6-31g(d,p)",-6.88230320549,-1.33961642735,59,1.8528,-1056.7949185,2.4012,0.233333333333
/home/ccollins/allmols/H/opt/m06hf/cam/412-4.log,412-4,---,[],"td CAM-B3LYP/6-31g(d,p)",-6.53290903675,0.124356024233,58,0.3844,-691.7806043,4.2551,0.3
/home/ccollins/allmols/H/opt/m06hf/cam/854.log,854,---,[],"td CAM-B3LYP/6-31g(d,p)",-7.4959199115,-1.33607894745,62,2.3381,-1078.8465053,2.3993,0.25
/home/ccollins/allmols/H/opt/m06hf/cam/84-8.log,84-8,---,[],"td CAM-B3LYP/6-31g(d,p)",-8.2145725592,-1.5804371745,61,0.0000,-822.132758,2.3538,0.233333333333
/home/ccollins/allmols/H/opt/m06hf/cam/135-.log,135-,---,[],"td CAM-B3LYP/6-31g(d,p)",-6.45508447891,0.641916545222,39,2.1632,-761.7826783,4.5645,0.0833333333333
/home/ccollins/allmols/H/opt/m06hf/cam/1213-125-.log,1213-125-,---,[],"td CAM-B3LYP/6-31g(d,p)",-5.93180956731,0.0938792743118,73,1.6532,-1219.2512438,3.7828,0.4
/home/ccollins/allmols/H/opt/m06hf/cam/813-513.log,813-513,---,[],"td CAM-B3LYP/6-31g(d,p)",-6.57399822637,-1.29526187166,76,2.1609,-1265.6779252,2.4110,0.4
/home/ccollins/allmols/H/opt/m06hf/cam/513-13-.log,513-13-,---,[],"td CAM-B3LYP/6-31g(d,p)",-6.21290316257,0.628310853293,56,2.9343,-970.6603471,4.4363,0.3
/home/ccollins/allmols/H/opt/m06hf/cam/124-812.log,124-812,---,[],"td CAM-B3LYP/6-31g(d,p)",-7.00421020518,-1.17389909966,75,0.9814,-984.5902836,2.3500,0.416666666667
/home/ccollins/allmols/H/opt/m06hf/cam/513124.log,513124,---,[],"td CAM-B3LYP/6-31g(d,p)",-5.93915664095,0.0440824418508,76,0.5143,-1221.4526095,3.7320,0.483333333333
/home/ccollins/allmols/H/opt/m06hf/cam/88-5-5-.log,88-5-5-,---,[],"td CAM-B3LYP/6-31g(d,p)",-7.48231421957,-1.79649556234,83,3.2915,-1694.6352341,2.3440,0.383333333333
/home/ccollins/allmols/H/opt/m06hf/cam/1348-8.log,1348-8,---,[],"td CAM-B3LYP/6-31g(d,p)",-6.89563678358,-1.76683515393,78,3.2115,-1030.997339,2.2513,0.433333333333
/home/ccollins/allmols/H/opt/m06hf/cam/131288-.log,131288-,---,[],"td CAM-B3LYP/6-31g(d,p)",-6.81155360746,-1.77744759364,75,2.3198,-1028.8025892,2.2748,0.35
/home/ccollins/allmols/H/opt/m06hf/cam/513-5-.log,513-5-,---,[],"td CAM-B3LYP/6-31g(d,p)",-6.37208975814,0.359462380771,60,1.5327,-1313.5082143,4.2877,0.283333333333
/home/ccollins/allmols/H/opt/m06hf/cam/413-4-.log,413-4-,---,[],"td CAM-B3LYP/6-31g(d,p)",-6.38351853936,0.634841585419,58,1.4528,-671.9217196,4.5704,0.383333333333
/home/ccollins/allmols/H/opt/m06hf/cam/513-1213.log,513-1213,---,[],"td CAM-B3LYP/6-31g(d,p)",-5.86105996928,0.348849941066,73,1.5960,-1199.3985063,3.9298,0.466666666667
/home/ccollins/allmols/H/opt/m06hf/cam/84-128.log,84-128,---,[],"td CAM-B3LYP/6-31g(d,p)",-7.44040868843,-1.45526480875,78,1.6253,-1050.8664279,2.3556,0.483333333333
/home/ccollins/allmols/H/opt/m06hf/cam/5812-8.log,5812-8,---,[],"td CAM-B3LYP/6-31g(d,p)",-7.67061699587,-1.59132172804,79,1.6489,-1371.6572144,2.3898,0.35
/home/ccollins/allmols/H/opt/m06hf/cam/55-5.log,55-5,---,[],"td CAM-B3LYP/6-31g(d,p)",-6.78134897137,-0.154560660316,64,0.4414,-1656.3512981,4.1527,0.333333333333
/home/ccollins/allmols/H/opt/m06hf/cam/125-13.log,125-13,---,[],"td CAM-B3LYP/6-31g(d,p)",-6.17208608678,0.116192609076,56,1.6660,-990.5144317,3.9319,0.266666666667
/home/ccollins/allmols/H/opt/m06hf/cam/13512.log,13512,---,[],"td CAM-B3LYP/6-31g(d,p)",-6.30596609537,0.190207573171,56,1.3802,-990.5146029,4.1071,0.25
/home/ccollins/allmols/H/opt/m06hf/cam/12813-4.log,12813-4,---,[],"td CAM-B3LYP/6-31g(d,p)",-6.77046441783,-1.13199356851,75,2.2604,-964.741484,2.4033,0.4
/home/ccollins/allmols/H/opt/m06hf/cam/12124-4.log,12124-4,---,[],"td CAM-B3LYP/6-31g(d,p)",-6.35358601712,0.0568717922642,75,0.7675,-920.5061779,4.1069,0.6
/home/ccollins/allmols/H/opt/m06hf/cam/585-.log,585-,---,[],"td CAM-B3LYP/6-31g(d,p)",-7.54870999618,-1.2968945547,63,0.0001,-1399.6463409,2.4031,0.233333333333
/home/ccollins/allmols/H/opt/m06hf/cam/413-12-.log,413-12-,---,[],"td CAM-B3LYP/6-31g(d,p)",-6.15467080111,0.619875324296,55,1.1978,-669.7254699,4.3966,0.266666666667
/home/ccollins/allmols/H/opt/m06hf/cam/85.log,85,---,[],"td CAM-B3LYP/6-31g(d,p)",-8.11416255276,-1.39050171517,42,1.6997,-847.9170148,2.3983,0.0666666666667
/home/ccollins/allmols/H/opt/m06hf/cam/1212-12.log,1212-12,---,[],"td CAM-B3LYP/6-31g(d,p)",-6.31304105517,0.339598070554,52,0.5936,-687.3804068,4.2391,0.183333333333
/home/ccollins/allmols/H/opt/m06hf/cam/412-13.log,412-13,---,[],"td CAM-B3LYP/6-31g(d,p)",-6.14433047525,0.402184253428,55,2.0539,-669.7260816,4.2033,0.266666666667
/home/ccollins/allmols/H/opt/m06hf/cam/84812-.log,84812-,---,[],"td CAM-B3LYP/6-31g(d,p)",-7.7498021229,-1.52873554517,78,2.2397,-1050.8665809,2.3525,0.45
/home/ccollins/allmols/H/opt/m06hf/cam/128-12-8-.log,128-12-8-,---,[],"td CAM-B3LYP/6-31g(d,p)",-7.6115682929,-1.54696717236,75,1.8496,-1048.661337,2.3894,0.333333333333
/home/ccollins/allmols/H/opt/m06hf/cam/845-.log,845-,---,[],"td CAM-B3LYP/6-31g(d,p)",-7.32013437177,-1.34315390726,62,2.0394,-1078.8458424,2.3541,0.25
/home/ccollins/allmols/H/opt/m06hf/cam/138-125.log,138-125,---,[],"td CAM-B3LYP/6-31g(d,p)",-6.72801465901,-1.1276397471,76,1.6130,-1285.5365591,2.4119,0.333333333333
/home/ccollins/allmols/H/opt/m06hf/cam/44-5-12-.log,44-5-12-,---,[],"td CAM-B3LYP/6-31g(d,p)",-6.53345326442,-0.0634025243903,79,0.7755,-1243.4951725,4.1226,0.633333333333
/home/ccollins/allmols/H/opt/m06hf/cam/584.log,584,---,[],"td CAM-B3LYP/6-31g(d,p)",-7.67769195567,-1.25771016194,62,0.6023,-1078.8535133,2.3564,0.25
/home/ccollins/allmols/H/opt/m06hf/cam/455.log,455,---,[],"td CAM-B3LYP/6-31g(d,p)",-6.86107832608,0.0334700021459,63,0.9642,-1335.5571129,4.4007,0.3
/home/ccollins/allmols/H/opt/m06hf/cam/48.log,48,---,[],"td CAM-B3LYP/6-31g(d,p)",-8.03062360432,-1.3540384608,41,1.3554,-527.1241287,2.3500,0.116666666667
/home/ccollins/allmols/H/opt/m06hf/cam/12125-12.log,12125-12,---,[],"td CAM-B3LYP/6-31g(d,p)",-6.15167754889,-0.215242046321,73,0.5934,-1239.1014836,3.6726,0.383333333333
/home/ccollins/allmols/H/opt/m06hf/cam/1313-.log,1313-,---,[],"td CAM-B3LYP/6-31g(d,p)",-6.07058762499,1.61771677039,35,0.0037,-418.9370453,5.0866,0.0833333333333
/home/ccollins/allmols/H/opt/m06hf/cam/131244.log,131244,---,[],"td CAM-B3LYP/6-31g(d,p)",-6.11249315613,0.0878927698629,75,1.2145,-900.6564499,3.9941,0.75
/home/ccollins/allmols/H/opt/m06hf/cam/121213.log,121213,---,[],"td CAM-B3LYP/6-31g(d,p)",-6.05752616074,0.520009545536,52,1.5068,-667.5259647,4.2041,0.216666666667
/home/ccollins/allmols/H/opt/m06hf/cam/4813-.log,4813-,---,[],"td CAM-B3LYP/6-31g(d,p)",-7.18598224935,-1.16274243227,58,1.5730,-736.0128712,2.3658,0.216666666667
/home/ccollins/allmols/H/opt/m06hf/cam/4128.log,4128,---,[],"td CAM-B3LYP/6-31g(d,p)",-7.23523485413,-1.28981959489,58,2.2074,-755.8564698,2.3932,0.216666666667
/home/ccollins/allmols/H/opt/m06hf/cam/412-.log,412-,---,[],"td CAM-B3LYP/6-31g(d,p)",-6.9261135335,0.565180442741,38,0.4813,-460.8459418,4.9618,0.116666666667
/home/ccollins/allmols/H/opt/m06hf/cam/813-4-4-.log,813-4-4-,---,[],"td CAM-B3LYP/6-31g(d,p)",-6.92175971208,-1.23621316869,78,2.7399,-966.9368029,2.4100,0.55
/home/ccollins/allmols/H/opt/m06hf/cam/134-128.log,134-128,---,[],"td CAM-B3LYP/6-31g(d,p)",-6.60474709013,-1.28873113954,75,1.6182,-964.7335421,2.3937,0.4
/home/ccollins/allmols/H/opt/m06hf/cam/84-.log,84-,---,[],"td CAM-B3LYP/6-31g(d,p)",-8.03062360432,-1.3540384608,41,1.3554,-527.1241288,2.3500,0.116666666667
/home/ccollins/allmols/H/opt/m06hf/cam/58-4.log,58-4,---,[],"td CAM-B3LYP/6-31g(d,p)",-7.67769195567,-1.25771016194,62,0.6023,-1078.8535133,2.3564,0.25
/home/ccollins/allmols/H/opt/m06hf/cam/1313-13-.log,1313-13-,---,[],"td CAM-B3LYP/6-31g(d,p)",-6.01017835282,1.48955115241,52,1.2524,-627.8148626,4.9180,0.35
/home/ccollins/allmols/H/opt/m06hf/cam/48-44-.log,48-44-,---,[],"td CAM-B3LYP/6-31g(d,p)",-7.49836893605,-1.20600853261,81,0.3769,-988.9890705,2.3140,0.516666666667
/home/ccollins/allmols/H/opt/m06hf/cam/1212-5-.log,1212-5-,---,[],"td CAM-B3LYP/6-31g(d,p)",-6.34732739883,0.0797293547054,56,0.3826,-1010.372403,4.0637,0.233333333333
/home/ccollins/allmols/H/opt/m06hf/cam/44-8-.log,44-8-,---,[],"td CAM-B3LYP/6-31g(d,p)",-7.69211398912,-1.33036455684,61,1.8021,-758.0526146,2.3523,0.3
/home/ccollins/allmols/H/opt/m06hf/cam/412812.log,412812,---,[],"td CAM-B3LYP/6-31g(d,p)",-6.96910752,-1.16029340773,75,0.7070,-984.5898647,2.3925,0.383333333333
/home/ccollins/allmols/H/opt/m06hf/cam/48-5-8-.log,48-5-8-,---,[],"td CAM-B3LYP/6-31g(d,p)",-7.83660643741,-1.69200384832,82,1.8024,-1373.8620349,2.3582,0.433333333333
/home/ccollins/allmols/H/opt/m06hf/cam/84-4-12.log,84-4-12,---,[],"td CAM-B3LYP/6-31g(d,p)",-6.94543361604,-1.32927610149,78,2.2743,-986.7848875,2.3520,0.516666666667
/home/ccollins/allmols/H/opt/m06hf/cam/1212-8-13.log,1212-8-13,---,[],"td CAM-B3LYP/6-31g(d,p)",-6.68556490019,-1.13525893458,72,1.3364,-962.5447738,2.4051,0.333333333333
/home/ccollins/allmols/H/opt/m06hf/cam/1288-.log,1288-,---,[],"td CAM-B3LYP/6-31g(d,p)",-8.05756287434,-1.81200605114,58,2.5659,-819.9168966,2.2698,0.2
/home/ccollins/allmols/H/opt/m06hf/cam/125138-.log,125138-,---,[],"td CAM-B3LYP/6-31g(d,p)",-6.60393074862,-1.25852650346,76,3.1861,-1285.5322615,2.4104,0.4
/home/ccollins/allmols/H/opt/m06hf/cam/858-8-.log,858-8-,---,[],"td CAM-B3LYP/6-31g(d,p)",-8.24396085377,-2.23051713488,82,1.2456,-1437.9204654,2.2751,0.45
/home/ccollins/allmols/H/opt/m06hf/cam/13125.log,13125,---,[],"td CAM-B3LYP/6-31g(d,p)",-6.11004413159,0.17496919821,56,1.2583,-990.5204088,3.9919,0.3
/home/ccollins/allmols/H/opt/m06hf/cam/588-4.log,588-4,---,[],"td CAM-B3LYP/6-31g(d,p)",-7.89320611583,-1.79758401769,82,0.6230,-1373.8507464,2.2524,0.416666666667
/home/ccollins/allmols/H/opt/m06hf/cam/1358.log,1358,---,[],"td CAM-B3LYP/6-31g(d,p)",-6.88203109165,-1.33934431351,59,1.8533,-1056.7949185,2.4012,0.233333333333
/home/ccollins/allmols/H/opt/m06hf/cam/1312-55.log,1312-55,---,[],"td CAM-B3LYP/6-31g(d,p)",-6.00881778363,-0.290889693447,77,1.1716,-1542.2391476,3.5504,0.433333333333
/home/ccollins/allmols/H/opt/m06hf/cam/135-8-.log,135-8-,---,[],"td CAM-B3LYP/6-31g(d,p)",-6.88828970994,-1.30913967743,59,3.1721,-1056.7946061,2.3983,0.233333333333
