/home/ccollins/allmols/4/opt/b3lyp/b3lyp/4aa12ha4dh-4ee.log,4aa12ha4dh-4ee,---,[],"td B3LYP/6-31g(d,p)",-5.02131666341,-1.72248059824,104,4.6892,-1278.4759344,2.9650,1.15
/home/ccollins/allmols/4/opt/b3lyp/b3lyp/4da4dd4de-4fd-.log,4da4dd4de-4fd-,---,[],"td B3LYP/6-31g(d,p)",-6.85917352921,-2.91597189428,121,6.5122,-1537.9998171,3.5183,1.85
/home/ccollins/allmols/4/opt/b3lyp/b3lyp/13df12da13aa13ff.log,13df12da13aa13ff,---,[],"td B3LYP/6-31g(d,p)",-4.84090518843,-1.69472498671,93,11.7738,-1267.1274927,2.8293,0.7
/home/ccollins/allmols/4/opt/b3lyp/b3lyp/6al12ie-12hf4aa.log,6al12ie-12hf4aa,---,[],"td B3LYP/6-31g(d,p)",-4.5388588276,-1.19321918219,101,2.7143,-1297.6007264,3.0151,1.16666666667
/home/ccollins/allmols/4/opt/b3lyp/b3lyp/12he4hd-13dd-12ld.log,12he4hd-13dd-12ld,---,[],"td B3LYP/6-31g(d,p)",-5.71765597635,-2.31160705878,118,9.8802,-1569.2717858,3.0470,1.51666666667
/home/ccollins/allmols/4/opt/b3lyp/b3lyp/13dd6ii6ee6if-.log,13dd6ii6ee6if-,---,[],"td B3LYP/6-31g(d,p)",-6.1334459217,-2.0726911085,118,8.1983,-1481.4200536,3.5961,1.85
/home/ccollins/allmols/4/opt/b3lyp/b3lyp/4ia13hf-12ha6la.log,4ia13hf-12ha6la,---,[],"td B3LYP/6-31g(d,p)",-4.27273149346,-1.15566747247,99,3.3811,-1256.9780012,2.8323,0.866666666667
/home/ccollins/allmols/4/opt/b3lyp/b3lyp/4aa4aa-12al-4il.log,4aa4aa-12al-4il,---,[],"td B3LYP/6-31g(d,p)",-4.94077096719,-1.22070267989,98,1.4502,-1191.5914758,3.4158,1.05
/home/ccollins/allmols/4/opt/b3lyp/b3lyp/12dh12dl12if-4hi.log,12dh12dl12if-4hi,---,[],"td B3LYP/6-31g(d,p)",-4.88689242715,-1.74288913614,112,7.1014,-1482.3601936,2.7881,1.25
/home/ccollins/allmols/4/opt/b3lyp/b3lyp/12al6lh-6ef13ea-.log,12al6lh-6ef13ea-,---,[],"td B3LYP/6-31g(d,p)",-4.76716233817,-1.38750846294,111,3.5578,-1445.1427169,2.9572,1.26666666667
/home/ccollins/allmols/4/opt/b3lyp/b3lyp/6df6hd6fl4fh-.log,6df6hd6fl4fh-,---,[],"td B3LYP/6-31g(d,p)",-4.95818625286,-2.41310552057,121,2.7892,-1608.956659,2.1963,1.35
/home/ccollins/allmols/4/opt/b3lyp/b3lyp/4ea13ff12ih-12lh-.log,4ea13ff12ih-12lh-,---,[],"td B3LYP/6-31g(d,p)",-4.25722100466,-0.98641266487,106,6.0838,-1390.0507386,3.0070,1.03333333333
/home/ccollins/allmols/4/opt/b3lyp/b3lyp/6fl4hl12ha12dh.log,6fl4hl12ha12dh,---,[],"td B3LYP/6-31g(d,p)",-4.75491721543,-1.485197331,113,7.9179,-1499.6076273,2.9557,1.21666666667
/home/ccollins/allmols/4/opt/b3lyp/b3lyp/12ah12he-6ah13aa.log,12ah12he-6ah13aa,---,[],"td B3LYP/6-31g(d,p)",-4.48470817372,-1.37716813708,90,4.7814,-1157.1870008,2.8328,0.683333333333
/home/ccollins/allmols/4/opt/b3lyp/b3lyp/13ae12il6ed13lh-.log,13ae12il6ed13lh-,---,[],"td b3lyp/6-31g(d,p)",-4.3872914195,-1.20247105271,109,5.1080,-1460.206317,2.9070,1.4
/home/ccollins/allmols/4/opt/b3lyp/b3lyp/4ed13dl-13li-4ll.log,4ed13dl-13li-4ll,---,[],"td B3LYP/6-31g(d,p)",-4.86267429551,-2.20276152334,129,6.0047,-1639.3320149,2.3107,1.13333333333
/home/ccollins/allmols/4/opt/b3lyp/b3lyp/13dl13eh12hd4af.log,13dl13eh12hd4af,---,[],"td B3LYP/6-31g(d,p)",-4.853422425,-1.82343483236,110,1.6255,-1440.1628215,2.7029,1.18333333333
/home/ccollins/allmols/4/opt/b3lyp/b3lyp/4fe12ll13if-6aa.log,4fe12ll13if-6aa,---,[],"td B3LYP/6-31g(d,p)",-4.69886176468,-1.40846122852,109,3.6003,-1412.1249596,2.9513,1.26666666667
/home/ccollins/allmols/4/opt/b3lyp/b3lyp/4ed13ie-13ai-13ai.log,4ed13ie-13ai-13ai,---,[],"td B3LYP/6-31g(d,p)",-4.47817744159,-2.07704492992,102,3.1904,-1221.7198481,2.0580,1.03333333333
/home/ccollins/allmols/4/opt/b3lyp/b3lyp/4aa12fa6ii6ei-.log,4aa12fa6ii6ei-,---,[],"td B3LYP/6-31g(d,p)",-5.11519593772,-1.50097993363,100,3.0051,-1224.6153682,3.2982,1.21666666667
/home/ccollins/allmols/4/opt/b3lyp/b3lyp/6ef6ef-12ai-12ea-.log,6ef6ef-12ai-12ea-,---,[],"td B3LYP/6-31g(d,p)",-5.51057734518,-1.73282092411,105,2.9015,-1371.2567612,3.3715,1.03333333333
/home/ccollins/allmols/4/opt/b3lyp/b3lyp/13fa13fa4lf13hi-.log,13fa13fa4lf13hi-,---,[],"td B3LYP/6-31g(d,p)",-4.11844294698,-0.86151241296,100,2.5521,-1294.0580901,3.0070,0.9
/home/ccollins/allmols/4/opt/b3lyp/b3lyp/12fd12hh13aa-6ih-.log,12fd12hh13aa-6ih-,---,[],"td B3LYP/6-31g(d,p)",-4.77450941181,-1.51240871485,98,5.7075,-1287.8123868,3.0188,0.816666666667
/home/ccollins/allmols/4/opt/b3lyp/b3lyp/12ef13al-4if6ff.log,12ef13al-4if6ff,---,[],"td B3LYP/6-31g(d,p)",-4.96444487114,-1.15621170015,109,4.0396,-1448.0439826,3.4174,1.15
/home/ccollins/allmols/4/opt/b3lyp/b3lyp/4ei12ef-13la-13ee-.log,4ei12ef-13la-13ee-,---,[],"td b3lyp/6-31g(d,p)",-4.62185354836,-1.55485847367,112,4.3669,-1412.7092996,2.7441,1.18333333333
/home/ccollins/allmols/4/opt/b3lyp/b3lyp/4dl12aa6li-6de.log,4dl12aa6li-6de,---,[],"td B3LYP/6-31g(d,p)",-5.72473093615,-2.33419250738,116,5.3459,-1484.2895211,2.9761,1.48333333333
/home/ccollins/allmols/4/opt/b3lyp/b3lyp/6fe13de-12ad-4fh-.log,6fe13de-12ad-4fh-,---,[],"td B3LYP/6-31g(d,p)",-5.30377082786,-1.9309197986,111,9.6391,-1459.7698476,2.9930,1.16666666667
/home/ccollins/allmols/4/opt/b3lyp/b3lyp/13ae13fi-12ia6fl.log,13ae13fi-12ia6fl,---,[],"td B3LYP/6-31g(d,p)",-4.69205891872,-1.40220261023,102,4.2900,-1314.8706543,2.9486,1.03333333333
/home/ccollins/allmols/4/opt/b3lyp/b3lyp/4ie13fh6ae-13hl.log,4ie13fh6ae-13hl,---,[],"td B3LYP/6-31g(d,p)",-4.57287305742,-1.39077382901,111,1.9686,-1389.3898456,2.8587,1.35
/home/ccollins/allmols/4/opt/b3lyp/b3lyp/4le13ie12ha6lh.log,4le13ie12ha6lh,---,[],"td B3LYP/6-31g(d,p)",-4.33803881472,-1.14097332519,115,2.4068,-1448.577113,2.8405,1.61666666667
/home/ccollins/allmols/4/opt/b3lyp/b3lyp/13al13de-12af-6af-.log,13al13de-12af-6af-,---,[],"td B3LYP/6-31g(d,p)",-4.91682494939,-1.62914555161,100,6.6878,-1328.4563659,2.9940,0.916666666667
/home/ccollins/allmols/4/opt/b3lyp/b3lyp/4ia6ad-13af-6ah-.log,4ia6ad-13af-6ah-,---,[],"td B3LYP/6-31g(d,p)",-5.21478960264,-1.85363946844,96,4.0873,-1197.5875874,3.0595,0.933333333333
/home/ccollins/allmols/4/opt/b3lyp/b3lyp/4ed12ee-6ih-6il.log,4ed12ee-6ih-6il,---,[],"td B3LYP/6-31g(d,p)",-5.52118978489,-2.2384084362,122,7.4411,-1524.4944647,2.8859,1.9
/home/ccollins/allmols/4/opt/b3lyp/b3lyp/13fa6af-13di4ff-.log,13fa6af-13di4ff-,---,[],"td B3LYP/6-31g(d,p)",-5.05805203162,-1.6030226231,101,5.0350,-1329.7764954,3.1452,1.16666666667
/home/ccollins/allmols/4/opt/b3lyp/b3lyp/13ah6hf6hh6he-.log,13ah6hf6hh6he-,---,[],"td B3LYP/6-31g(d,p)",-4.7032155861,-1.45853017482,108,6.5012,-1379.6641135,2.8363,1.2
/home/ccollins/allmols/4/opt/b3lyp/b3lyp/13al13hi-12hh-13li-.log,13al13hi-12hh-13li-,---,[],"td B3LYP/6-31g(d,p)",-3.73149706851,-0.232385218152,105,2.7725,-1330.7377477,3.1955,1.3
/home/ccollins/allmols/4/opt/b3lyp/b3lyp/13la12ff-6ai4li-.log,13la12ff-6ai4li-,---,[],"td b3lyp/6-31g(d,p)",-5.48717555506,-2.11405241197,114,7.0292,-1445.9083062,2.9754,1.41666666667
/home/ccollins/allmols/4/opt/b3lyp/b3lyp/13ad12hh12ih12ea.log,13ad12hh12ih12ea,---,[],"td B3LYP/6-31g(d,p)",-4.60008444128,-1.3039695145,97,5.1725,-1270.4824025,2.9947,0.9
/home/ccollins/allmols/4/opt/b3lyp/b3lyp/6ih6dl12dh-6hh.log,6ih6dl12dh-6hh,---,[],"td B3LYP/6-31g(d,p)",-4.74348843421,-2.17010786271,118,5.9003,-1531.0973845,2.2235,1.5
/home/ccollins/allmols/4/opt/b3lyp/b3lyp/6ld12ae12ee-13fh.log,6ld12ae12ee-13fh,---,[],"td B3LYP/6-31g(d,p)",-4.82430624427,-1.99731557521,112,7.3341,-1480.7427714,2.5175,1.18333333333
/home/ccollins/allmols/4/opt/b3lyp/b3lyp/12fh12fe4id-4de.log,12fh12fe4id-4de,---,[],"td B3LYP/6-31g(d,p)",-5.12608049126,-2.20548266173,115,4.3453,-1502.8698901,2.5957,1.28333333333
/home/ccollins/allmols/4/opt/b3lyp/b3lyp/12dl6le-12ee13ad-.log,12dl6le-12ee13ad-,---,[],"td B3LYP/6-31g(d,p)",-5.49506685638,-2.05582005051,118,4.3440,-1556.9307221,3.0813,1.45
/home/ccollins/allmols/4/opt/b3lyp/b3lyp/13he12ii-4fl-12df-.log,13he12ii-4fl-12df-,---,[],"td B3LYP/6-31g(d,p)",-4.67654842992,-1.77254954454,112,4.5200,-1466.2569408,2.6123,1.3
/home/ccollins/allmols/4/opt/b3lyp/b3lyp/13hl6ii4ee12he-.log,13hl6ii4ee12he-,---,[],"td B3LYP/6-31g(d,p)",-4.88036169502,-1.39539976426,117,2.6778,-1449.4748375,3.1048,1.76666666667
/home/ccollins/allmols/4/opt/b3lyp/b3lyp/6di13dd-12il-4he.log,6di13dd-12il-4he,---,[],"td B3LYP/6-31g(d,p)",-5.34050619607,-2.17827127787,119,5.2007,-1518.5815708,2.7830,1.48333333333
/home/ccollins/allmols/4/opt/b3lyp/b3lyp/4fd12id-13lh-4lf-.log,4fd12id-13lh-4lf-,---,[],"td B3LYP/6-31g(d,p)",-4.73450867754,-1.95541004407,119,4.4530,-1559.7986184,2.4454,1.6
/home/ccollins/allmols/4/opt/b3lyp/b3lyp/12fa13id13he-13fi-.log,12fa13id13he-13fi-,---,[],"td B3LYP/6-31g(d,p)",-4.39300581011,-0.969269493039,101,5.8924,-1309.815174,3.1143,0.916666666667
/home/ccollins/allmols/4/opt/b3lyp/b3lyp/12il13il-6fh13el.log,12il13il-6fh13el,---,[],"td B3LYP/6-31g(d,p)",-4.57178460207,-1.2193421107,118,5.0271,-1524.0374669,3.0122,1.56666666667
/home/ccollins/allmols/4/opt/b3lyp/b3lyp/12fa12ae4ah-4dh-.log,12fa12ae4ah-4dh-,---,[],"td B3LYP/6-31g(d,p)",-5.00852731299,-1.48410887564,99,5.0565,-1275.3189644,3.2231,0.9
/home/ccollins/allmols/4/opt/b3lyp/b3lyp/13ie6if-4dd4il.log,13ie6if-4dd4il,---,[],"td B3LYP/6-31g(d,p)",-5.55085019329,-2.3850777952,120,1.5583,-1487.7308594,2.7591,1.53333333333
/home/ccollins/allmols/4/opt/b3lyp/b3lyp/4fl13hh-6fa-4df-.log,4fl13hh-6fa-4df-,---,[],"td b3lyp/6-31g(d,p)",-4.85587144955,-1.62315904716,112,4.4552,-1462.5554894,2.8945,1.3
/home/ccollins/allmols/4/opt/b3lyp/b3lyp/12ee4hf-4fa13he-.log,12ee4hf-4fa13he-,---,[],"td B3LYP/6-31g(d,p)",-4.7913804698,-1.15621170015,109,0.8343,-1390.7311085,3.1976,1.38333333333
/home/ccollins/allmols/4/opt/b3lyp/b3lyp/6fd13df4ai-4di-.log,6fd13df4ai-4di-,---,[],"td B3LYP/6-31g(d,p)",-5.67738312824,-2.04738452151,112,11.5513,-1425.2121236,3.2967,1.25
/home/ccollins/allmols/4/opt/b3lyp/b3lyp/13lh12fe4ha6ld-.log,13lh12fe4ha6ld-,---,[],"td B3LYP/6-31g(d,p)",-4.33477344866,-1.60030148472,115,5.5573,-1500.5552221,2.4293,1.2
/home/ccollins/allmols/4/opt/b3lyp/b3lyp/6dh12fi-12ea6fe-.log,6dh12fi-12ea6fe-,---,[],"td B3LYP/6-31g(d,p)",-5.37343197054,-1.90833435,109,11.5842,-1442.7289505,3.0870,1.16666666667
/home/ccollins/allmols/4/opt/b3lyp/b3lyp/12la12ad-4ea-12ld.log,12la12ad-4ea-12ld,---,[],"td B3LYP/6-31g(d,p)",-5.42050766461,-1.94915142578,106,5.6388,-1408.4362508,3.1395,0.983333333333
/home/ccollins/allmols/4/opt/b3lyp/b3lyp/12ad4if-4if-12ee-.log,12ad4if-4if-12ee-,---,[],"td B3LYP/6-31g(d,p)",-5.42731051058,-1.59812457401,109,5.0659,-1394.5980805,3.4298,1.33333333333
/home/ccollins/allmols/4/opt/b3lyp/b3lyp/12hh6aa4ia-4ll-.log,12hh6aa4ia-4ll-,---,[],"td b3lyp/6-31g(d,p)",-5.21125212274,-1.95785906862,113,6.7916,-1482.0637438,2.7831,1.3
/home/ccollins/allmols/4/opt/b3lyp/b3lyp/13hh12al-13ea12le.log,13hh12al-13ea12le,---,[],"td B3LYP/6-31g(d,p)",-4.09150367696,-0.800558913117,105,4.5313,-1368.8860175,3.0182,1.03333333333
/home/ccollins/allmols/4/opt/b3lyp/b3lyp/13ef4fd13li-4id-.log,13ef4fd13li-4id-,---,[],"td b3lyp/6-31g(d,p)",-5.40118758207,-1.3681883804,115,7.3176,-1427.2198569,3.5523,1.66666666667
/home/ccollins/allmols/4/opt/b3lyp/b3lyp/12ee13dh12il6if.log,12ee13dh12il6if,---,[],"td B3LYP/6-31g(d,p)",-4.98594186439,-1.68220775013,114,4.9012,-1483.2314394,2.9917,1.58333333333
/home/ccollins/allmols/4/opt/b3lyp/b3lyp/12hl13hi-4hi4ll.log,12hl13hi-4hi4ll,---,[],"td b3lyp/6-31g(d,p)",-4.92444413687,-1.02940665137,106,3.5900,-1318.3294019,3.5431,1.23333333333
/home/ccollins/allmols/4/opt/b3lyp/b3lyp/12al13fa-13da-4de.log,12al13fa-13da-4de,---,[],"td B3LYP/6-31g(d,p)",-4.6411736309,-2.11867834722,102,10.2542,-1329.4336582,2.1861,0.833333333333
/home/ccollins/allmols/4/opt/b3lyp/b3lyp/6id6df-4if-4fd.log,6id6df-4if-4fd,---,[],"td B3LYP/6-31g(d,p)",-6.22161080541,-2.12738599006,119,8.0285,-1538.5346176,3.6636,1.63333333333
/home/ccollins/allmols/4/opt/b3lyp/b3lyp/4li6dd-4hi-6le-.log,4li6dd-4hi-6le-,---,[],"td B3LYP/6-31g(d,p)",-5.62649784042,-2.47514747577,127,3.2235,-1581.1856868,2.5137,1.03333333333
/home/ccollins/allmols/4/opt/b3lyp/b3lyp/12if4ia-4hd4eh.log,12if4ia-4hd4eh,---,[],"td B3LYP/6-31g(d,p)",-5.39656164682,-1.29145227792,110,4.2259,-1356.1798428,3.6357,1.41666666667
/home/ccollins/allmols/4/opt/b3lyp/b3lyp/12eh13le13fh12hf-.log,12eh13le13fh12hf-,---,[],"td B3LYP/6-31g(d,p)",-3.99000521517,-0.705046955774,109,1.5943,-1460.1651623,2.9949,1.16666666667
/home/ccollins/allmols/4/opt/b3lyp/b3lyp/4eh4la-13da13hd-.log,4eh4la-13da13hd-,---,[],"td b3lyp/6-31g(d,p)",-5.29043724977,-1.54451814781,109,4.3123,-1367.1701156,3.2793,1.45
/home/ccollins/allmols/4/opt/b3lyp/b3lyp/13id12ef6fe-12hh-.log,13id12ef6fe-12hh-,---,[],"td B3LYP/6-31g(d,p)",-5.06648756061,-1.7842504396,110,6.7876,-1459.9639024,2.9629,1.13333333333
/home/ccollins/allmols/4/opt/b3lyp/b3lyp/12di13af-13ei-13fd-.log,12di13af-13ei-13fd-,---,[],"td B3LYP/6-31g(d,p)",-4.85723201874,-1.48329253413,103,2.9920,-1346.7072911,3.0839,0.933333333333
/home/ccollins/allmols/4/opt/b3lyp/b3lyp/12lf13dh13lh12ae-.log,12lf13dh13lh12ae-,---,[],"td b3lyp/6-31g(d,p)",-5.10267870114,-1.0691352718,117,9.9884,-1470.9533516,3.6152,1.46666666667
/home/ccollins/allmols/4/opt/b3lyp/b3lyp/6fa6he-13ih-6ea-.log,6fa6he-13ih-6ea-,---,[],"td B3LYP/6-31g(d,p)",-4.706753066,-1.5578517259,106,4.9762,-1329.0460982,2.7861,1.2
/home/ccollins/allmols/4/opt/b3lyp/b3lyp/4eh6ei-4ee4ea.log,4eh6ei-4ee4ea,---,[],"td B3LYP/6-31g(d,p)",-5.29125359128,-1.59431498027,119,2.8947,-1416.8709951,3.3207,1.68333333333
/home/ccollins/allmols/4/opt/b3lyp/b3lyp/6if12ff-12de12dl.log,6if12ff-12de12dl,---,[],"td B3LYP/6-31g(d,p)",-5.47629100152,-2.30589266817,114,3.6347,-1574.9328055,2.8699,1.13333333333
/home/ccollins/allmols/4/opt/b3lyp/b3lyp/13li6dl-12da-4ae.log,13li6dl-12da-4ae,---,[],"td B3LYP/6-31g(d,p)",-5.45098441453,-2.12929078693,113,3.4447,-1446.1769002,3.0221,1.31666666667
/home/ccollins/allmols/4/opt/b3lyp/b3lyp/6ed12id12ai-6fh-.log,6ed12id12ai-6fh-,---,[],"td B3LYP/6-31g(d,p)",-5.28962090825,-2.41773145583,109,3.4810,-1422.9228943,2.5041,1.01666666667
/home/ccollins/allmols/4/opt/b3lyp/b3lyp/12hd4hl-4de-12af.log,12hd4hl-4de-12af,---,[],"td b3lyp/6-31g(d,p)",-5.14648902916,-1.90779012232,125,4.9072,-1675.5603531,2.9157,1.8
/home/ccollins/allmols/4/opt/b3lyp/b3lyp/12fh6fh4ef-12ie.log,12fh6fh4ef-12ie,---,[],"td B3LYP/6-31g(d,p)",-5.02158877725,-1.34941252554,111,5.6272,-1465.0104826,3.2289,1.3
/home/ccollins/allmols/4/opt/b3lyp/b3lyp/13hd13da-12li-6ld.log,13hd13da-12li-6ld,---,[],"td B3LYP/6-31g(d,p)",-5.34322733445,-1.960580207,114,5.7326,-1495.5656738,3.0366,1.38333333333
/home/ccollins/allmols/4/opt/b3lyp/b3lyp/13ia12hd6hi4ie-.log,13ia12hd6hi4ie-,---,[],"td b3lyp/6-31g(d,p)",-4.45967370057,-0.995120307705,106,4.8126,-1338.1160703,3.1457,1.18333333333
/home/ccollins/allmols/4/opt/b3lyp/b3lyp/13fe13fd4eh-13il.log,13fe13fd4eh-13il,---,[],"td B3LYP/6-31g(d,p)",-4.97179194478,-1.37281431566,114,6.1780,-1463.3767592,3.1741,1.31666666667
/home/ccollins/allmols/4/opt/b3lyp/b3lyp/13lh13ia-6la6ll.log,13lh13ia-6la6ll,---,[],"td B3LYP/6-31g(d,p)",-4.28769775458,-1.15784438318,115,1.8996,-1466.1552354,2.8404,1.38333333333
/home/ccollins/allmols/4/opt/b3lyp/b3lyp/12fe13di6id12ae.log,12fe13di6id12ae,---,[],"td B3LYP/6-31g(d,p)",-5.61806231142,-2.23976900539,108,4.2390,-1405.5889046,3.0069,1.18333333333
/home/ccollins/allmols/4/opt/b3lyp/b3lyp/6he13de13ll12de-.log,6he13de13ll12de-,---,[],"td B3LYP/6-31g(d,p)",-5.24880383246,-1.87649703088,122,8.4544,-1592.4315419,3.0209,1.68333333333
/home/ccollins/allmols/4/opt/b3lyp/b3lyp/4ia13ee-6fd-12hh.log,4ia13ee-6fd-12hh,---,[],"td B3LYP/6-31g(d,p)",-5.16662545321,-1.65336368324,109,3.8130,-1386.9755348,3.1985,1.3
/home/ccollins/allmols/4/opt/b3lyp/b3lyp/13fi6el13ef4al-.log,13fi6el13ef4al-,---,[],"td B3LYP/6-31g(d,p)",-4.69559639862,-1.37607968172,115,1.6478,-1468.421019,3.0221,1.53333333333
/home/ccollins/allmols/4/opt/b3lyp/b3lyp/12fd12eh-6ai4aa.log,12fd12eh-6ai4aa,---,[],"td B3LYP/6-31g(d,p)",-5.30241025867,-2.09391598791,99,3.4397,-1275.3115637,2.9599,1.06666666667
/home/ccollins/allmols/4/opt/b3lyp/b3lyp/12ad6el-13ll12ai-.log,12ad6el-13ll12ai-,---,[],"td B3LYP/6-31g(d,p)",-4.76308063059,-1.8963613411,112,2.1055,-1466.2271123,2.6729,1.36666666667
/home/ccollins/allmols/4/opt/b3lyp/b3lyp/13lh6dl-13if-12ia.log,13lh6dl-13if-12ia,---,[],"td B3LYP/6-31g(d,p)",-4.58647874935,-1.33308569523,110,3.7859,-1425.6056019,2.9280,1.33333333333
/home/ccollins/allmols/4/opt/b3lyp/b3lyp/13if13df-6he13ei.log,13if13df-6he13ei,---,[],"td b3lyp/6-31g(d,p)",-4.83029274872,-1.73091612724,107,4.2816,-1314.2568103,2.7858,1.3
/home/ccollins/allmols/4/opt/b3lyp/b3lyp/6dh6al-12ef12dh.log,6dh6al-12ef12dh,---,[],"td B3LYP/6-31g(d,p)",-5.26540277662,-2.07677281608,113,6.1767,-1514.1471968,2.8654,1.26666666667
/home/ccollins/allmols/4/opt/b3lyp/b3lyp/4ei4ad-6af-6ff-.log,4ei4ad-6af-6ff-,---,[],"td B3LYP/6-31g(d,p)",-5.71439061028,-2.13446094986,109,5.5821,-1390.8923358,3.1688,1.35
/home/ccollins/allmols/4/opt/b3lyp/b3lyp/6al13ff-6af-12hl.log,6al13ff-6af-12hl,---,[],"td B3LYP/6-31g(d,p)",-4.59409793683,-1.19811723129,107,2.6237,-1443.2786391,3.1132,1.06666666667
/home/ccollins/allmols/4/opt/b3lyp/b3lyp/13ef4ed-6if-6di.log,13ef4ed-6if-6di,---,[],"td B3LYP/6-31g(d,p)",-5.7258193915,-2.28330721957,118,3.1329,-1501.2801691,2.9310,1.36666666667
/home/ccollins/allmols/4/opt/b3lyp/b3lyp/12ad6id-13li6hh-.log,12ad6id-13li6hh-,---,[],"td b3lyp/6-31g(d,p)",-5.1157401654,-2.05990175809,111,7.0229,-1421.5873123,2.7372,1.33333333333
/home/ccollins/allmols/4/opt/b3lyp/b3lyp/4ii4ha-12hf-13ff-.log,4ii4ha-12hf-13ff-,---,[],"td B3LYP/6-31g(d,p)",-4.24470376809,-0.632120447033,103,2.0504,-1316.1505473,3.3412,1.08333333333
/home/ccollins/allmols/4/opt/b3lyp/b3lyp/6ii6hf6fe6ha-.log,6ii6hf6fe6ha-,---,[],"td B3LYP/6-31g(d,p)",-5.1538361028,-1.89091906433,111,7.9545,-1405.5754701,2.8696,1.5
/home/ccollins/allmols/4/opt/b3lyp/b3lyp/4dh4ai12fa6le.log,4dh4ai12fa6le,---,[],"td B3LYP/6-31g(d,p)",-5.18404073888,-1.57662758076,110,7.9218,-1392.0773789,3.2549,1.35
/home/ccollins/allmols/4/opt/b3lyp/b3lyp/12ae4ee6eh-6fa-.log,12ae4ee6eh-6fa-,---,[],"td b3lyp/6-31g(d,p)",-5.61370849001,-1.89799402413,110,6.6186,-1390.4562099,3.2673,1.38333333333
/home/ccollins/allmols/4/opt/b3lyp/b3lyp/13hi12ff-13le4lf.log,13hi12ff-13le4lf,---,[],"td b3lyp/6-31g(d,p)",-4.42838060913,-0.849267290224,109,7.1142,-1408.3098955,3.2149,1.13333333333
/home/ccollins/allmols/4/opt/b3lyp/b3lyp/6dh4ia13lh-13fe-.log,6dh4ia13lh-13fe-,---,[],"td B3LYP/6-31g(d,p)",-4.46702077421,-1.18968170229,111,7.3821,-1405.4880227,2.9391,1.33333333333
/home/ccollins/allmols/4/opt/b3lyp/b3lyp/12ed4hh13ll4hf.log,12ed4hh13ll4hf,---,[],"td B3LYP/6-31g(d,p)",-4.71110688742,-1.57363432854,119,1.9269,-1539.8622454,2.8131,1.61666666667
/home/ccollins/allmols/4/opt/b3lyp/b3lyp/6lf4ae-13aa4fi.log,6lf4ae-13aa4fi,---,[],"td B3LYP/6-31g(d,p)",-4.83736770852,-1.47785025735,104,3.5151,-1299.8533207,3.0431,1.13333333333
/home/ccollins/allmols/4/opt/b3lyp/b3lyp/4ha6ld6ia12fl-.log,4ha6ld6ia12fl-,---,[],"td B3LYP/6-31g(d,p)",-5.50078124699,-1.77499856909,112,6.1146,-1446.476912,3.3440,1.31666666667
/home/ccollins/allmols/4/opt/b3lyp/b3lyp/12fh12he4ha-12he.log,12fh12he4ha-12he,---,[],"td B3LYP/6-31g(d,p)",-4.3766789798,-1.07158429635,104,3.3834,-1367.7085478,2.9524,1.23333333333
/home/ccollins/allmols/4/opt/b3lyp/b3lyp/12ed4ha-6ai-4ii.log,12ed4ha-6ai-4ii,---,[],"td b3lyp/6-31g(d,p)",-5.72473093615,-1.71921523218,106,2.6905,-1280.9596112,3.4978,1.35
/home/ccollins/allmols/4/opt/b3lyp/b3lyp/4fd12ei6ff6ii-.log,4fd12ei6ff6ii-,---,[],"td B3LYP/6-31g(d,p)",-5.48690344123,-2.12221582712,114,8.1162,-1467.3158881,2.9710,1.56666666667
/home/ccollins/allmols/4/opt/b3lyp/b3lyp/4hi13hf-6da12li.log,4hi13hf-6da12li,---,[],"td B3LYP/6-31g(d,p)",-4.86702811693,-1.44111488915,109,5.6002,-1388.5131568,3.0900,1.2
/home/ccollins/allmols/4/opt/b3lyp/b3lyp/12ll6ea13ii-13dh-.log,12ll6ea13ii-13dh-,---,[],"td B3LYP/6-31g(d,p)",-4.73995095431,-1.39703244729,112,8.5873,-1426.5304225,3.0585,1.33333333333
/home/ccollins/allmols/4/opt/b3lyp/b3lyp/13fa13id6fl12dh.log,13fa13id6fl12dh,---,[],"td B3LYP/6-31g(d,p)",-5.15628512735,-2.10126306155,108,4.5947,-1439.2285574,2.7695,1.11666666667
/home/ccollins/allmols/4/opt/b3lyp/b3lyp/6fi6al-12ll-4ff-.log,6fi6al-12ll-4ff-,---,[],"td B3LYP/6-31g(d,p)",-4.78539396535,-1.38315464153,118,6.7467,-1563.8257092,3.0522,1.41666666667
/home/ccollins/allmols/4/opt/b3lyp/b3lyp/13lf6hi6hh-4hh-.log,13lf6hi6hh-4hh-,---,[],"td b3lyp/6-31g(d,p)",-4.85940892945,-1.34968463938,111,3.0426,-1397.0246753,3.2179,1.25
/home/ccollins/allmols/4/opt/b3lyp/b3lyp/6ia12ha4fd-6fi.log,6ia12ha4fd-6fi,---,[],"td B3LYP/6-31g(d,p)",-5.23710293741,-1.75431791736,104,9.6785,-1331.9837762,3.1926,1.06666666667
/home/ccollins/allmols/4/opt/b3lyp/b3lyp/4ea4ih-12ee-12al.log,4ea4ih-12ee-12al,---,[],"td B3LYP/6-31g(d,p)",-4.88389917492,-1.44193123066,109,2.1513,-1358.6325044,3.1065,1.48333333333
/home/ccollins/allmols/4/opt/b3lyp/b3lyp/13ih4ff-12fe4id-.log,13ih4ff-12fe4id-,---,[],"td B3LYP/6-31g(d,p)",-4.47355150634,-1.59649189098,111,5.0106,-1429.1801392,2.5772,1.35
/home/ccollins/allmols/4/opt/b3lyp/b3lyp/12hi12df-4di-13ld-.log,12hi12df-4di-13ld-,---,[],"td B3LYP/6-31g(d,p)",-5.45098441453,-2.08901793882,114,9.8612,-1499.3763153,3.0175,1.31666666667
/home/ccollins/allmols/4/opt/b3lyp/b3lyp/4he12al12de-4ah-.log,4he12al12de-4ah-,---,[],"td B3LYP/6-31g(d,p)",-4.95791413902,-1.69499710055,109,7.3877,-1390.7748676,2.9232,1.38333333333
/home/ccollins/allmols/4/opt/b3lyp/b3lyp/4ld12ee12da6al-.log,4ld12ee12da6al-,---,[],"td B3LYP/6-31g(d,p)",-5.60173548111,-2.21609510144,115,3.9373,-1502.8592312,3.0328,1.38333333333
/home/ccollins/allmols/4/opt/b3lyp/b3lyp/12ah12hl12if-12fi-.log,12ah12hl12if-12fi-,---,[],"td B3LYP/6-31g(d,p)",-4.1693282348,-0.747224600754,101,5.0395,-1370.851362,3.1541,0.9
/home/ccollins/allmols/4/opt/b3lyp/b3lyp/13el4dh13fa4al.log,13el4dh13fa4al,---,[],"td B3LYP/6-31g(d,p)",-4.80063234032,-1.20355950806,111,8.4869,-1409.3037627,3.2405,1.36666666667
/home/ccollins/allmols/4/opt/b3lyp/b3lyp/12if6el-12il4fl.log,12if6el-12il4fl,---,[],"td B3LYP/6-31g(d,p)",-4.82838795185,-1.2503630883,121,2.7309,-1585.8076292,3.1970,1.61666666667
/home/ccollins/allmols/4/opt/b3lyp/b3lyp/12ia13di-6el4li-.log,12ia13di-6el4li-,---,[],"td b3lyp/6-31g(d,p)",-4.7271616039,-1.41880155438,109,7.0025,-1428.2403911,2.9881,1.2
/home/ccollins/allmols/4/opt/b3lyp/b3lyp/12dl12ai-6fa-12lf.log,12dl12ai-6fa-12lf,---,[],"td B3LYP/6-31g(d,p)",-4.92498836455,-1.57036896247,106,4.4787,-1445.8488876,3.0796,0.983333333333
/home/ccollins/allmols/4/opt/b3lyp/b3lyp/6lf12ee-12hd-4ed.log,6lf12ee-12hd-4ed,---,[],"td B3LYP/6-31g(d,p)",-5.26621911813,-2.44303804282,121,3.7400,-1595.0677615,2.4669,1.51666666667
/home/ccollins/allmols/4/opt/b3lyp/b3lyp/12id12ai4da4ae.log,12id12ai4da4ae,---,[],"td B3LYP/6-31g(d,p)",-5.65996784257,-2.08656891427,101,6.1144,-1260.2718324,3.2329,1.06666666667
/home/ccollins/allmols/4/opt/b3lyp/b3lyp/4ea13dd-6aa-13fh-.log,4ea13dd-6aa-13fh-,---,[],"td B3LYP/6-31g(d,p)",-5.30295448634,-1.78642735031,101,11.7605,-1288.544774,3.2141,1.08333333333
/home/ccollins/allmols/4/opt/b3lyp/b3lyp/6hf12ei13ea-13ef-.log,6hf12ei13ea-13ef-,---,[],"td B3LYP/6-31g(d,p)",-4.6926031464,-1.50206838899,106,4.1650,-1368.6697172,2.8374,1.23333333333
/home/ccollins/allmols/4/opt/b3lyp/b3lyp/4da4eh-4ia-4dd-.log,4da4eh-4ia-4dd-,---,[],"td B3LYP/6-31g(d,p)",-5.71357426877,-2.54181536622,113,4.8501,-1372.9865751,2.8209,1.38333333333
/home/ccollins/allmols/4/opt/b3lyp/b3lyp/12ia13di12id-4hi-.log,12ia13di12id-4hi-,---,[],"td B3LYP/6-31g(d,p)",-5.26050472752,-1.50152416131,104,6.2739,-1296.0611568,3.3061,1.1
/home/ccollins/allmols/4/opt/b3lyp/b3lyp/12hh13ae13al-6ll-.log,12hh13ae13al-6ll-,---,[],"td B3LYP/6-31g(d,p)",-4.14402164781,-0.894982415106,110,3.9397,-1425.5488704,3.0007,1.3
/home/ccollins/allmols/4/opt/b3lyp/b3lyp/4ea6di-13he-6ef.log,4ea6di-13he-6ef,---,[],"td B3LYP/6-31g(d,p)",-5.36418010002,-1.81309450649,114,5.0591,-1426.0169709,3.1241,1.36666666667
/home/ccollins/allmols/4/opt/b3lyp/b3lyp/13fi13ee4hl-12ii-.log,13fi13ee4hl-12ii-,---,[],"td B3LYP/6-31g(d,p)",-4.77097193191,-0.988861689418,112,2.9135,-1394.412707,3.3533,1.48333333333
/home/ccollins/allmols/4/opt/b3lyp/b3lyp/4ih4ih12ef-6ie.log,4ih4ih12ef-6ie,---,[],"td B3LYP/6-31g(d,p)",-5.0727461789,-1.44737350743,114,2.4449,-1395.4419389,3.2104,1.5
/home/ccollins/allmols/4/opt/b3lyp/b3lyp/4af13al-6if-6hl-.log,4af13al-6if-6hl-,---,[],"td B3LYP/6-31g(d,p)",-4.6531466398,-1.20764121564,110,5.6611,-1409.623119,3.0786,1.31666666667
/home/ccollins/allmols/4/opt/b3lyp/b3lyp/13hh12el4de4hh-.log,13hh12el4de4hh-,---,[],"td B3LYP/6-31g(d,p)",-4.62130932069,-1.70941913399,117,6.7675,-1481.6153382,2.4623,1.55
/home/ccollins/allmols/4/opt/b3lyp/b3lyp/4ee4af6li-12le-.log,4ee4af6li-12le-,---,[],"td B3LYP/6-31g(d,p)",-5.40853465571,-1.4887348109,120,1.9994,-1511.2775079,3.5305,1.63333333333
/home/ccollins/allmols/4/opt/b3lyp/b3lyp/6ll13id6ei13ea-.log,6ll13id6ei13ea-,---,[],"td B3LYP/6-31g(d,p)",-5.18730610494,-1.75295734816,117,6.6792,-1465.6099085,3.0636,1.8
/home/ccollins/allmols/4/opt/b3lyp/b3lyp/6fh4ei4id-12le.log,6fh4ei4id-12le,---,[],"td B3LYP/6-31g(d,p)",-5.28417863148,-1.49662611222,120,2.9637,-1507.5175988,3.4489,1.86666666667
/home/ccollins/allmols/4/opt/b3lyp/b3lyp/12df4ii-12id-4da.log,12df4ii-12id-4da,---,[],"td B3LYP/6-31g(d,p)",-6.09671055349,-2.13065135612,109,4.2581,-1390.8904039,3.5318,1.28333333333
/home/ccollins/allmols/4/opt/b3lyp/b3lyp/6el6fi4dh12if.log,6el6fi4dh12if,---,[],"td B3LYP/6-31g(d,p)",-5.31139001534,-1.63186668999,118,3.6897,-1522.6524468,3.2899,1.53333333333
/home/ccollins/allmols/4/opt/b3lyp/b3lyp/13ll12fi-13ae-13ld.log,13ll12fi-13ae-13ld,---,[],"td B3LYP/6-31g(d,p)",-4.39327792395,-0.977432908197,113,2.0093,-1483.503253,3.1062,1.21666666667
/home/ccollins/allmols/4/opt/b3lyp/b3lyp/4he4ih-4ad-6hl-.log,4he4ih-4ad-6hl-,---,[],"td B3LYP/6-31g(d,p)",-5.19710220313,-1.51649042243,117,7.2755,-1429.7863772,3.0896,1.66666666667
/home/ccollins/allmols/4/opt/b3lyp/b3lyp/4ai6fi-13ei13ie-.log,4ai6fi-13ei13ie-,---,[],"td B3LYP/6-31g(d,p)",-4.98213227065,-1.20464796342,107,4.4929,-1282.1361603,3.3886,1.46666666667
/home/ccollins/allmols/4/opt/b3lyp/b3lyp/4lh12ee-6hd-13ai.log,4lh12ee-6hd-13ai,---,[],"td B3LYP/6-31g(d,p)",-5.01451381744,-1.81663198639,113,7.6041,-1426.3005364,2.8146,1.45
/home/ccollins/allmols/4/opt/b3lyp/b3lyp/4de4df-13ee-4fi-.log,4de4df-13ee-4fi-,---,[],"td B3LYP/6-31g(d,p)",-5.32064188585,-2.15568582927,120,11.4177,-1506.0495808,2.8092,1.63333333333
/home/ccollins/allmols/4/opt/b3lyp/b3lyp/6hf12al-12ad-4eh.log,6hf12al-12ad-4eh,---,[],"td B3LYP/6-31g(d,p)",-4.9965543041,-1.60465530614,107,6.5510,-1405.8876436,3.0593,1.18333333333
/home/ccollins/allmols/4/opt/b3lyp/b3lyp/12ea4ai-4ea-4ad.log,12ea4ai-4ea-4ad,---,[],"td B3LYP/6-31g(d,p)",-5.65996784257,-1.64193490202,100,4.1635,-1207.0714376,3.6466,1.03333333333
/home/ccollins/allmols/4/opt/b3lyp/b3lyp/6ee4fe-12dd13dh-.log,6ee4fe-12dd13dh-,---,[],"td B3LYP/6-31g(d,p)",-5.68826768178,-2.46888885748,119,10.8254,-1552.9072351,2.8472,1.58333333333
/home/ccollins/allmols/4/opt/b3lyp/b3lyp/12af12ad-13ld-12ad-.log,12af12ad-13ld-12ad-,---,[],"td B3LYP/6-31g(d,p)",-5.42594994138,-2.24629973752,99,7.0778,-1363.1617105,2.9358,0.75
/home/ccollins/allmols/4/opt/b3lyp/b3lyp/13ee4eh12de-12fh-.log,13ee4eh12de-12fh-,---,[],"td b3lyp/6-31g(d,p)",-5.25723936146,-1.93881109992,121,10.6537,-1580.579826,2.9738,1.51666666667
/home/ccollins/allmols/4/opt/b3lyp/b3lyp/4fa13ee-13de-12hh-.log,4fa13ee-13de-12hh-,---,[],"td B3LYP/6-31g(d,p)",-4.82212933356,-1.30696276672,108,8.2045,-1385.686681,3.1391,1.16666666667
/home/ccollins/allmols/4/opt/b3lyp/b3lyp/13if6af-13ei-4el-.log,13if6af-13ei-4el-,---,[],"td B3LYP/6-31g(d,p)",-4.80797941396,-1.30777910824,111,4.5563,-1393.2348858,3.1396,1.8
/home/ccollins/allmols/4/opt/b3lyp/b3lyp/6ef6eh-4fd13id-.log,6ef6eh-4fd13id-,---,[],"td B3LYP/6-31g(d,p)",-5.83303224391,-1.99323386763,118,7.3549,-1517.3322089,3.3678,1.71666666667
/home/ccollins/allmols/4/opt/b3lyp/b3lyp/13dl4ae6id-13il.log,13dl4ae6id-13il,---,[],"td B3LYP/6-31g(d,p)",-5.49561108406,-1.59077750037,117,5.3641,-1465.6357537,3.4609,1.8
/home/ccollins/allmols/4/opt/b3lyp/b3lyp/4ei12fh13ee12hi.log,4ei12fh13ee12hi,---,[],"td B3LYP/6-31g(d,p)",-4.56661443913,-1.23648528253,110,5.1665,-1391.9401582,3.0207,1.36666666667
/home/ccollins/allmols/4/opt/b3lyp/b3lyp/6ad12af6fa4ha.log,6ad12af6fa4ha,---,[],"td B3LYP/6-31g(d,p)",-5.32118611353,-2.2419459161,96,1.2812,-1253.3423301,2.7643,0.766666666667
/home/ccollins/allmols/4/opt/b3lyp/b3lyp/13ea4ll4hh-6hh.log,13ea4ll4hh-6hh,---,[],"td b3lyp/6-31g(d,p)",-5.44554213776,-1.88983060897,121,8.7128,-1523.258727,3.1669,1.7
/home/ccollins/allmols/4/opt/b3lyp/b3lyp/6il13ad4de12di.log,6il13ad4de12di,---,[],"td B3LYP/6-31g(d,p)",-5.70513873977,-2.39895560096,115,12.1367,-1463.2246192,2.8832,1.46666666667
/home/ccollins/allmols/4/opt/b3lyp/b3lyp/12ea12hi13al-12la.log,12ea12hi13al-12la,---,[],"td B3LYP/6-31g(d,p)",-4.27109881043,-0.927908189575,99,2.6370,-1296.5589996,3.1197,0.816666666667
/home/ccollins/allmols/4/opt/b3lyp/b3lyp/13ed12fd4ll4fi-.log,13ed12fd4ll4fi-,---,[],"td b3lyp/6-31g(d,p)",-4.63681980949,-1.1847836532,115,6.0443,-1448.6037013,3.1140,1.55
/home/ccollins/allmols/4/opt/b3lyp/b3lyp/6di12he6ah13li.log,6di12he6ah13li,---,[],"td B3LYP/6-31g(d,p)",-4.81913608134,-1.63622051141,111,6.3123,-1405.4884857,2.8664,1.38333333333
/home/ccollins/allmols/4/opt/b3lyp/b3lyp/4ih4fa4al-6eh-.log,4ih4fa4al-6eh-,---,[],"td b3lyp/6-31g(d,p)",-5.08390284628,-1.03321624511,111,5.1169,-1357.4000257,3.5647,1.58333333333
/home/ccollins/allmols/4/opt/b3lyp/b3lyp/13dl12da13hh13di-.log,13dl12da13hh13di-,---,[],"td B3LYP/6-31g(d,p)",-4.94893438234,-1.72955555805,107,5.8569,-1398.280494,2.9090,1.08333333333
/home/ccollins/allmols/4/opt/b3lyp/b3lyp/13dl6ld13ah13ii.log,13dl6ld13ah13ii,---,[],"td B3LYP/6-31g(d,p)",-4.65042550142,-1.65907807385,112,8.3190,-1422.8041479,2.7814,1.35
/home/ccollins/allmols/4/opt/b3lyp/b3lyp/13da12ha12fa-13ie-.log,13da12ha12fa-13ie-,---,[],"td B3LYP/6-31g(d,p)",-4.56824712216,-1.30015992076,93,7.9194,-1215.1384128,3.0445,0.733333333333
/home/ccollins/allmols/4/opt/b3lyp/b3lyp/4ei4ih12hh-12ie-.log,4ei4ih12hh-12ie-,---,[],"td B3LYP/6-31g(d,p)",-4.57858744803,-0.785320538156,111,3.6445,-1357.3126705,3.4047,1.55
/home/ccollins/allmols/4/opt/b3lyp/b3lyp/6hi12ei-12fe13hd.log,6hi12ei-12fe13hd,---,[],"td B3LYP/6-31g(d,p)",-4.75491721543,-1.32274536936,110,4.7897,-1424.0811365,3.0866,1.26666666667
/home/ccollins/allmols/4/opt/b3lyp/b3lyp/13ai12hf-4fe6ai-.log,13ai12hf-4fe6ai-,---,[],"td B3LYP/6-31g(d,p)",-4.5184502897,-1.3004320346,101,3.7122,-1277.7647159,2.9271,0.983333333333
/home/ccollins/allmols/4/opt/b3lyp/b3lyp/4ih12hd-12lh-4if.log,4ih12hd-12lh-4if,---,[],"td B3LYP/6-31g(d,p)",-4.77505363949,-1.60465530614,113,5.7391,-1447.6892417,2.8199,1.51666666667
/home/ccollins/allmols/4/opt/b3lyp/b3lyp/4fe4ia13ef-4hd-.log,4fe4ia13ef-4hd-,---,[],"td B3LYP/6-31g(d,p)",-5.23138854679,-1.39812090265,112,6.5151,-1393.025849,3.4377,1.41666666667
/home/ccollins/allmols/4/opt/b3lyp/b3lyp/6he4fh-13ii-6ha-.log,6he4fh-13ii-6ha-,---,[],"td B3LYP/6-31g(d,p)",-4.75382876008,-0.900968919555,108,3.4843,-1331.5386706,3.3664,1.63333333333
/home/ccollins/allmols/4/opt/b3lyp/b3lyp/12le4he13hf-13ai-.log,12le4he13hf-13ai-,---,[],"td B3LYP/6-31g(d,p)",-4.4006249976,-1.10886389223,108,2.6386,-1371.131804,2.9987,1.21666666667
/home/ccollins/allmols/4/opt/b3lyp/b3lyp/4ie12df-4ii-4dh-.log,4ie12df-4ii-4dh-,---,[],"td B3LYP/6-31g(d,p)",-5.60010279808,-1.66479246446,116,8.6930,-1432.3822591,3.5072,1.9
/home/ccollins/allmols/4/opt/b3lyp/b3lyp/4ae6hf13fe-12ei-.log,4ae6hf13fe-12ei-,---,[],"td B3LYP/6-31g(d,p)",-4.64933704606,-1.33716740281,109,2.5073,-1390.7547089,2.9626,1.15
/home/ccollins/allmols/4/opt/b3lyp/b3lyp/4aa12if6ad-13he-.log,4aa12if6ad-13he-,---,[],"td B3LYP/6-31g(d,p)",-5.01288113441,-1.7877879195,99,3.9185,-1255.473413,2.7700,0.883333333333
/home/ccollins/allmols/4/opt/b3lyp/b3lyp/4ef13li4la-12ih.log,4ef13li4la-12ih,---,[],"td B3LYP/6-31g(d,p)",-4.56824712216,-1.01661730095,113,4.3414,-1415.5531399,3.2578,1.56666666667
/home/ccollins/allmols/4/opt/b3lyp/b3lyp/6ll12eh13ai4fh-.log,6ll12eh13ai4fh-,---,[],"td B3LYP/6-31g(d,p)",-4.21422701816,-1.23920642092,113,2.6230,-1447.6412653,2.6819,1.3
/home/ccollins/allmols/4/opt/b3lyp/b3lyp/6fi4da4al-12ei.log,6fi4da4al-12ei,---,[],"td B3LYP/6-31g(d,p)",-5.58867401686,-1.71023547551,110,2.2865,-1376.0280037,3.5137,1.33333333333
/home/ccollins/allmols/4/opt/b3lyp/b3lyp/6he13da-12hh12fl.log,6he13da-12hh12fl,---,[],"td B3LYP/6-31g(d,p)",-4.46212272512,-1.27539756145,108,11.8202,-1439.1652257,2.8722,1.11666666667
/home/ccollins/allmols/4/opt/b3lyp/b3lyp/6di6hi6dl-6hd.log,6di6hi6dl-6hd,---,[],"td B3LYP/6-31g(d,p)",-5.89316940223,-2.21609510144,123,10.3165,-1570.2103539,3.1956,1.75
/home/ccollins/allmols/4/opt/b3lyp/b3lyp/13lh12al-4ff-13fe-.log,13lh12al-4ff-13fe-,---,[],"td B3LYP/6-31g(d,p)",-4.14429376165,-0.719468989219,110,3.3635,-1465.2697109,3.1215,1.25
/home/ccollins/allmols/4/opt/b3lyp/b3lyp/13hf4de-6af6ha-.log,13hf4de-6af6ha-,---,[],"td B3LYP/6-31g(d,p)",-5.18948301565,-2.12357639632,106,3.9129,-1364.985624,2.6281,1.05
/home/ccollins/allmols/4/opt/b3lyp/b3lyp/6hi6hd-4hf-4hi.log,6hi6hd-4hf-4hi,---,[],"td B3LYP/6-31g(d,p)",-4.85451088035,-1.49281651848,115,8.7520,-1425.0680492,2.8836,1.5
/home/ccollins/allmols/4/opt/b3lyp/b3lyp/6af4dd13la-12ha-.log,6af4dd13la-12ha-,---,[],"td B3LYP/6-31g(d,p)",-4.86838868612,-2.16548192746,103,5.6697,-1346.7617155,2.4081,0.95
/home/ccollins/allmols/4/opt/b3lyp/b3lyp/13hi6ef-12dh-12fe-.log,13hi6ef-12dh-12fe-,---,[],"td B3LYP/6-31g(d,p)",-4.8428099853,-1.73037189956,110,4.0466,-1459.9511294,2.7893,1.08333333333
/home/ccollins/allmols/4/opt/b3lyp/b3lyp/12dl12dl-4af-13hh.log,12dl12dl-4af-13hh,---,[],"td B3LYP/6-31g(d,p)",-4.55872313781,-1.86153076976,112,5.8828,-1498.3703438,2.4232,1.13333333333
/home/ccollins/allmols/4/opt/b3lyp/b3lyp/13fa4la-6fe-4aa-.log,13fa4la-6fe-4aa-,---,[],"td B3LYP/6-31g(d,p)",-5.16172740412,-1.47948294039,100,3.6237,-1260.509794,3.3677,1.18333333333
/home/ccollins/allmols/4/opt/b3lyp/b3lyp/6ef13al4fi-6fe-.log,6ef13al4fi-6fe-,---,[],"td B3LYP/6-31g(d,p)",-5.04934438878,-1.36492301434,114,4.1424,-1467.2428937,3.2732,1.41666666667
/home/ccollins/allmols/4/opt/b3lyp/b3lyp/12hh12ed13hh-12ef.log,12hh12ed13hh-12ef,---,[],"td B3LYP/6-31g(d,p)",-4.49287158888,-1.48438098948,107,7.5513,-1437.8719358,2.7601,1.01666666667
/home/ccollins/allmols/4/opt/b3lyp/b3lyp/6dl4da-4ah-13fl.log,6dl4da-4ah-13fl,---,[],"td B3LYP/6-31g(d,p)",-4.92117877081,-1.78180141505,114,8.8679,-1463.5020106,2.8249,1.26666666667
/home/ccollins/allmols/4/opt/b3lyp/b3lyp/13ef13le12ae4la-.log,13ef13le12ae4la-,---,[],"td b3lyp/6-31g(d,p)",-4.90267502978,-0.985868437193,116,4.7018,-1489.5758496,3.5181,1.51666666667
/home/ccollins/allmols/4/opt/b3lyp/b3lyp/6fl12ii4el-12il.log,6fl12ii4el-12il,---,[],"td B3LYP/6-31g(d,p)",-4.97233617246,-1.23240357495,121,4.2111,-1549.9160598,3.3301,1.83333333333
/home/ccollins/allmols/4/opt/b3lyp/b3lyp/4ai13ah13eh-13id.log,4ai13ah13eh-13id,---,[],"td B3LYP/6-31g(d,p)",-4.46076215592,-1.04491714017,100,7.4503,-1216.9647409,3.0699,1.16666666667
/home/ccollins/allmols/4/opt/b3lyp/b3lyp/12ae6fi12da-12da.log,12ae6fi12da-12da,---,[],"td B3LYP/6-31g(d,p)",-5.79384785115,-2.32738966142,98,7.8879,-1309.9844368,3.1274,0.85
/home/ccollins/allmols/4/opt/b3lyp/b3lyp/6hi6ai-12fa6fa.log,6hi6ai-12fa6fa,---,[],"td B3LYP/6-31g(d,p)",-5.21778285487,-1.48465310332,98,6.2705,-1255.7825716,3.3631,0.933333333333
/home/ccollins/allmols/4/opt/b3lyp/b3lyp/13ha13fd6eh-12ad-.log,13ha13fd6eh-12ad-,---,[],"td B3LYP/6-31g(d,p)",-4.80498616173,-2.07894972679,102,5.9507,-1341.6634034,2.4695,0.866666666667
/home/ccollins/allmols/4/opt/b3lyp/b3lyp/4ea13li6fl13lf-.log,4ea13li6fl13lf-,---,[],"td B3LYP/6-31g(d,p)",-4.69641274014,-1.3004320346,117,1.2700,-1506.7947753,3.0800,1.45
/home/ccollins/allmols/4/opt/b3lyp/b3lyp/12hd6ae13he13hi.log,12hd6ae13he13hi,---,[],"td B3LYP/6-31g(d,p)",-4.42865272297,-1.7080585648,106,4.2927,-1345.0369051,2.5218,1.06666666667
/home/ccollins/allmols/4/opt/b3lyp/b3lyp/13le6fe6dd6lf-.log,13le6fe6dd6lf-,---,[],"td B3LYP/6-31g(d,p)",-5.81616118591,-2.44113324595,126,5.1331,-1667.7315063,2.8766,1.65
/home/ccollins/allmols/4/opt/b3lyp/b3lyp/13de13lf4dh-6af.log,13de13lf4dh-6af,---,[],"td B3LYP/6-31g(d,p)",-5.31764863363,-1.78343409809,113,11.6566,-1478.2717081,3.1683,1.5
/home/ccollins/allmols/4/opt/b3lyp/b3lyp/13le12ae4ai4lf-.log,13le12ae4ai4lf-,---,[],"td b3lyp/6-31g(d,p)",-4.50947053303,-1.15076942338,107,3.9156,-1375.2966208,3.1054,1.21666666667
/home/ccollins/allmols/4/opt/b3lyp/b3lyp/13el6ll6fi-12id.log,13el6ll6fi-12id,---,[],"td b3lyp/6-31g(d,p)",-4.61369013321,-0.813076149692,112,3.9611,-1358.5224572,3.4039,1.63333333333
/home/ccollins/allmols/4/opt/b3lyp/b3lyp/4fi6al-4ll13dl.log,4fi6al-4ll13dl,---,[],"td b3lyp/6-31g(d,p)",-5.32690050414,-1.34886829787,124,4.1649,-1584.2768755,3.5739,1.31666666667
/home/ccollins/allmols/4/opt/b3lyp/b3lyp/4dd13da-6ha12ea.log,4dd13da-6ha12ea,---,[],"td B3LYP/6-31g(d,p)",-5.63711028013,-2.75079879425,103,6.6361,-1325.4278849,2.4876,0.883333333333
/home/ccollins/allmols/4/opt/b3lyp/b3lyp/13ff4fd-12fi13de-.log,13ff4fd-12fi13de-,---,[],"td B3LYP/6-31g(d,p)",-5.06022894233,-2.01473086088,110,4.8455,-1479.9031719,2.7763,1.18333333333
/home/ccollins/allmols/4/opt/b3lyp/b3lyp/13lf6dd-6ah-6il.log,13lf6dd-6ah-6il,---,[],"td B3LYP/6-31g(d,p)",-5.62785840961,-2.52848178813,118,8.3775,-1534.8922508,2.6793,1.46666666667
/home/ccollins/allmols/4/opt/b3lyp/b3lyp/13hd12ff13dh-4if.log,13hd12ff13dh-4if,---,[],"td B3LYP/6-31g(d,p)",-4.85614356339,-1.63431571454,108,7.8979,-1439.2498666,2.9599,1.11666666667
/home/ccollins/allmols/4/opt/b3lyp/b3lyp/13ha12fl13af13dd-.log,13ha12fl13af13dd-,---,[],"td B3LYP/6-31g(d,p)",-4.77995168858,-1.55621904287,101,12.5983,-1361.7862504,2.9643,0.866666666667
/home/ccollins/allmols/4/opt/b3lyp/b3lyp/6ai6dh-13di6fi-.log,6ai6dh-13di6fi-,---,[],"td B3LYP/6-31g(d,p)",-5.77997004538,-2.02017313765,110,4.8517,-1384.5123994,3.3252,1.33333333333
/home/ccollins/allmols/4/opt/b3lyp/b3lyp/6il13ie-6id4he.log,6il13ie-6id4he,---,[],"td B3LYP/6-31g(d,p)",-5.21533383032,-1.70751433712,120,8.6802,-1467.8254281,2.9849,1.8
/home/ccollins/allmols/4/opt/b3lyp/b3lyp/12la6df13fd4hi-.log,12la6df13fd4hi-,---,[],"td B3LYP/6-31g(d,p)",-5.36037050628,-1.82969345064,111,1.8822,-1461.3151299,3.1602,1.2
/home/ccollins/allmols/4/opt/b3lyp/b3lyp/6hi13ed6ha12dl.log,6hi13ed6ha12dl,---,[],"td B3LYP/6-31g(d,p)",-5.5064956376,-2.14044745431,113,9.1394,-1458.4299216,3.0248,1.31666666667
/home/ccollins/allmols/4/opt/b3lyp/b3lyp/6eh6ei4fd-13le-.log,6eh6ei4fd-13le-,---,[],"td B3LYP/6-31g(d,p)",-5.56908182048,-1.53200091123,122,7.4640,-1540.5315674,3.6142,2.08333333333
/home/ccollins/allmols/4/opt/b3lyp/b3lyp/6ah6ed12ha13fh-.log,6ah6ed12ha13fh-,---,[],"td B3LYP/6-31g(d,p)",-4.70375981378,-1.76248133251,103,5.4168,-1342.8859996,2.5053,0.983333333333
/home/ccollins/allmols/4/opt/b3lyp/b3lyp/12df4ei4if-13al.log,12df4ei4if-13al,---,[],"td B3LYP/6-31g(d,p)",-4.82348990276,-1.55159310761,111,5.1912,-1413.1257285,2.9086,1.4
/home/ccollins/allmols/4/opt/b3lyp/b3lyp/6le6fd-12ha-6ff-.log,6le6fd-12ha-6ff-,---,[],"td B3LYP/6-31g(d,p)",-5.28336228996,-2.14942721098,114,2.6869,-1535.3004217,2.8210,1.3
/home/ccollins/allmols/4/opt/b3lyp/b3lyp/6he6al-12he-6hf.log,6he6al-12he-6hf,---,[],"td B3LYP/6-31g(d,p)",-4.59137679844,-1.53417782194,114,5.0891,-1479.4644356,2.7294,1.5
/home/ccollins/allmols/4/opt/b3lyp/b3lyp/12fe4hh6il13df.log,12fe4hh6il13df,---,[],"td B3LYP/6-31g(d,p)",-4.96471698498,-1.47376854978,115,3.1594,-1500.5623698,2.9803,1.41666666667
/home/ccollins/allmols/4/opt/b3lyp/b3lyp/12el12ii13df-13ae-.log,12el12ii13df-13ae-,---,[],"td B3LYP/6-31g(d,p)",-4.97424096933,-1.3681883804,107,7.2100,-1389.7584671,3.2762,1.1
/home/ccollins/allmols/4/opt/b3lyp/b3lyp/13dd4ll4ee13ae-.log,13dd4ll4ee13ae-,---,[],"td b3lyp/6-31g(d,p)",-5.01260902057,-1.14750405731,105,9.6857,-1317.1225671,3.5083,1.16666666667
/home/ccollins/allmols/4/opt/b3lyp/b3lyp/6hi12ed-13fe-4ia-.log,6hi12ed-13fe-4ia-,---,[],"td B3LYP/6-31g(d,p)",-5.13750927248,-1.42941399409,109,6.6926,-1370.9431625,3.3232,1.41666666667
/home/ccollins/allmols/4/opt/b3lyp/b3lyp/13hf6ff12de-4ia.log,13hf6ff12de-4ia,---,[],"td B3LYP/6-31g(d,p)",-5.26785180117,-1.91105548838,107,2.9080,-1405.8991495,3.0232,1.23333333333
/home/ccollins/allmols/4/opt/b3lyp/b3lyp/6ea13eh13aa-4ea-.log,6ea13eh13aa-4ea-,---,[],"td B3LYP/6-31g(d,p)",-4.53668191689,-1.41553618832,97,2.1895,-1181.1363641,2.7895,0.866666666667
/home/ccollins/allmols/4/opt/b3lyp/b3lyp/13ee13de-4la6hi.log,13ee13de-4la6hi,---,[],"td b3lyp/6-31g(d,p)",-5.10757675024,-1.66479246446,114,11.4527,-1481.6685843,3.0533,1.36666666667
/home/ccollins/allmols/4/opt/b3lyp/b3lyp/4ia13li-4di-12if-.log,4ia13li-4di-12if-,---,[],"td B3LYP/6-31g(d,p)",-5.04281365666,-1.49036749393,109,6.3780,-1340.4003879,3.1462,1.41666666667
/home/ccollins/allmols/4/opt/b3lyp/b3lyp/6lh13dd-6fa6hd.log,6lh13dd-6fa6hd,---,[],"td B3LYP/6-31g(d,p)",-5.80527663237,-2.38126820146,116,10.6162,-1528.7100469,3.0107,1.36666666667
/home/ccollins/allmols/4/opt/b3lyp/b3lyp/13fa12ih-12id-13ih-.log,13fa12ih-12id-13ih-,---,[],"td B3LYP/6-31g(d,p)",-4.58022013106,-1.06423722271,99,5.3380,-1272.9785281,3.1274,0.966666666667
/home/ccollins/allmols/4/opt/b3lyp/b3lyp/4hd13ai-12li-6lf.log,4hd13ai-12li-6lf,---,[],"td b3lyp/6-31g(d,p)",-4.54321264901,-1.25689382042,113,3.5639,-1447.7042166,2.9405,1.43333333333
/home/ccollins/allmols/4/opt/b3lyp/b3lyp/12dl12hf-13hi-13fl-.log,12dl12hf-13hi-13fl-,---,[],"td B3LYP/6-31g(d,p)",-4.16769555177,-0.908860220874,111,7.0703,-1498.5992162,2.9723,1.16666666667
/home/ccollins/allmols/4/opt/b3lyp/b3lyp/13hl12ia-13hl-13ae.log,13hl12ia-13hl-13ae,---,[],"td B3LYP/6-31g(d,p)",-4.12442945143,-0.660964513923,103,4.2186,-1312.2006706,3.1959,1.11666666667
/home/ccollins/allmols/4/opt/b3lyp/b3lyp/13ah4lh12fd-4fe-.log,13ah4lh12fd-4fe-,---,[],"td B3LYP/6-31g(d,p)",-4.51436858212,-1.72901133037,111,3.4875,-1445.2047319,2.4907,1.26666666667
/home/ccollins/allmols/4/opt/b3lyp/b3lyp/6ha13eh-6fd-13fe13li.log,6ha13eh-6fd-13fe13li,---,[],"td B3LYP/6-31g(d,p)",-4.72961062844,-1.6220705918,138,8.3378,-1781.9124332,2.7779,1.33333333333
/home/ccollins/allmols/4/opt/b3lyp/b3lyp/13ei13ei-12lh4ii.log,13ei13ei-12lh4ii,---,[],"td b3lyp/6-31g(d,p)",-4.58185281409,-1.33226935371,110,6.2040,-1411.7771065,2.9333,1.31666666667
/home/ccollins/allmols/4/opt/b3lyp/b3lyp/12ef6la4if-12fe-.log,12ef6la4if-12fe-,---,[],"td B3LYP/6-31g(d,p)",-5.08090959406,-1.45308789804,111,2.4390,-1468.8216014,3.2730,1.23333333333
/home/ccollins/allmols/4/opt/b3lyp/b3lyp/12hf4hh-6dd13hh.log,12hf4hh-6dd13hh,---,[],"td B3LYP/6-31g(d,p)",-4.91682494939,-2.29174274856,111,3.8274,-1453.6568572,2.1609,1.03333333333
/home/ccollins/allmols/4/opt/b3lyp/b3lyp/6dh13ia-13fl13ae.log,6dh13ia-13fl13ae,---,[],"td B3LYP/6-31g(d,p)",-4.53123964012,-1.36410667283,104,6.7680,-1328.0563594,2.7672,1.05
/home/ccollins/allmols/4/opt/b3lyp/b3lyp/13da4ei12ad13lf-.log,13da4ei12ad13lf-,---,[],"td B3LYP/6-31g(d,p)",-5.28417863148,-1.80901279891,106,9.6394,-1368.7509777,3.1574,1.21666666667
/home/ccollins/allmols/4/opt/b3lyp/b3lyp/13al12ea-13el6li.log,13al12ea-13el6li,---,[],"td B3LYP/6-31g(d,p)",-4.41695182791,-1.09933990788,112,2.7144,-1430.3065405,3.0319,1.35
/home/ccollins/allmols/4/opt/b3lyp/b3lyp/4di6ae-13hh13li.log,4di6ae-13hh13li,---,[],"td B3LYP/6-31g(d,p)",-4.46919768492,-1.35104520857,111,7.9610,-1369.5882157,2.7854,1.33333333333
/home/ccollins/allmols/4/opt/b3lyp/b3lyp/6if13di-12ii-6fi.log,6if13di-12ii-6fi,---,[],"td B3LYP/6-31g(d,p)",-5.34866961123,-1.64520026808,109,6.1322,-1372.5319901,3.2963,1.33333333333
/home/ccollins/allmols/4/opt/b3lyp/b3lyp/4he12ff6he4fi-.log,4he12ff6he4fi-,---,[],"td B3LYP/6-31g(d,p)",-4.85668779106,-1.2813840659,114,2.2625,-1467.2475118,3.1838,1.53333333333
/home/ccollins/allmols/4/opt/b3lyp/b3lyp/12hd13id-12id-12ed.log,12hd13id-12id-12ed,---,[],"td B3LYP/6-31g(d,p)",-5.75711248294,-2.59787081697,111,7.9920,-1475.8073169,2.8336,1.13333333333
/home/ccollins/allmols/4/opt/b3lyp/b3lyp/13al13dl-6fa6ee.log,13al13dl-6fa6ee,---,[],"td B3LYP/6-31g(d,p)",-5.15329187512,-1.72547385047,113,3.9908,-1462.156362,3.0780,1.36666666667
/home/ccollins/allmols/4/opt/b3lyp/b3lyp/13he6ai12lh-6fe.log,13he6ai12lh-6fe,---,[],"td B3LYP/6-31g(d,p)",-4.99029568581,-1.60329473694,111,5.5775,-1425.2896556,3.0501,1.36666666667
/home/ccollins/allmols/4/opt/b3lyp/b3lyp/12eh12fh-4hf12ll.log,12eh12fh-4hf12ll,---,[],"td B3LYP/6-31g(d,p)",-4.31871873218,-0.947500385953,114,3.8967,-1540.4567997,3.0786,1.25
/home/ccollins/allmols/4/opt/b3lyp/b3lyp/6af13hi-12ah12fd.log,6af13hi-12ah12fd,---,[],"td B3LYP/6-31g(d,p)",-4.55681834094,-1.2539005682,98,4.8732,-1307.6903705,2.9986,0.883333333333
/home/ccollins/allmols/4/opt/b3lyp/b3lyp/4li12ll12fl13ia.log,4li12ll12fl13ia,---,[],"td B3LYP/6-31g(d,p)",-4.42892483681,-0.894982415106,116,1.6643,-1510.8558547,3.2378,1.33333333333
/home/ccollins/allmols/4/opt/b3lyp/b3lyp/12ih13ai-12hh-12ih-.log,12ih13ai-12hh-12ih-,---,[],"td B3LYP/6-31g(d,p)",-4.03490399854,-0.432116775673,97,3.0521,-1236.0793207,3.3009,0.85
/home/ccollins/allmols/4/opt/b3lyp/b3lyp/4ai12ll6hi-6al-.log,4ai12ll6hi-6al-,---,[],"td B3LYP/6-31g(d,p)",-4.98430918136,-1.32900398765,114,6.1240,-1432.8628374,3.2832,1.8
/home/ccollins/allmols/4/opt/b3lyp/b3lyp/12fa13fi-12ed-13di-.log,12fa13fi-12ed-13di-,---,[],"td B3LYP/6-31g(d,p)",-4.94131519486,-1.88193930765,103,9.0515,-1366.5491642,2.7292,0.95
/home/ccollins/allmols/4/opt/b3lyp/b3lyp/4il12ih-12ah13la-.log,4il12ih-12ah13la-,---,[],"td B3LYP/6-31g(d,p)",-3.98565139375,-0.816885743432,104,2.5908,-1317.3168957,2.8527,1.03333333333
/home/ccollins/allmols/4/opt/b3lyp/b3lyp/6ea13ae13de4fl-.log,6ea13ae13de4fl-,---,[],"td B3LYP/6-31g(d,p)",-5.18866667414,-1.47131952523,111,8.8834,-1407.7609205,3.2745,1.4
/home/ccollins/allmols/4/opt/b3lyp/b3lyp/4af12ea-12ah-6fl.log,4af12ea-12ah-6fl,---,[],"td B3LYP/6-31g(d,p)",-4.76770656585,-1.48546944484,101,4.3252,-1333.5111139,2.9489,0.916666666667
/home/ccollins/allmols/4/opt/b3lyp/b3lyp/12ef6hh-13ea-13ha-.log,12ef6hh-13ea-13ha-,---,[],"td B3LYP/6-31g(d,p)",-4.37205304454,-1.32192902785,100,2.2015,-1288.6946168,2.7173,0.883333333333
/home/ccollins/allmols/4/opt/b3lyp/b3lyp/12ei6ef13ea-4ee.log,12ei6ef13ea-4ee,---,[],"td B3LYP/6-31g(d,p)",-5.25587879227,-1.73663051785,113,0.5664,-1412.4567781,3.1203,1.35
/home/ccollins/allmols/4/opt/b3lyp/b3lyp/12ff6dh6lf-4hd-.log,12ff6dh6lf-4hd-,---,[],"td B3LYP/6-31g(d,p)",-5.65126019973,-1.839217435,118,13.6923,-1590.6728234,3.3690,1.55
/home/ccollins/allmols/4/opt/b3lyp/b3lyp/4fl6hi-6dh-6ia.log,4fl6hi-6dh-6ia,---,[],"td b3lyp/6-31g(d,p)",-5.5064956376,-1.42533228651,115,6.7551,-1444.8988466,3.5697,1.63333333333
/home/ccollins/allmols/4/opt/b3lyp/b3lyp/4ia13di-4ha13dl.log,4ia13di-4ha13dl,---,[],"td B3LYP/6-31g(d,p)",-5.40962311107,-1.44682927976,107,5.0943,-1314.3100902,3.5146,1.28333333333
/home/ccollins/allmols/4/opt/b3lyp/b3lyp/12ee6eh13ih12lf.log,12ee6eh13ih12lf,---,[],"td B3LYP/6-31g(d,p)",-4.3350455625,-1.44628505208,114,2.6249,-1483.156506,2.6070,1.26666666667
/home/ccollins/allmols/4/opt/b3lyp/b3lyp/6aa12le-4ef12af-.log,6aa12le-4ef12af-,---,[],"td B3LYP/6-31g(d,p)",-5.17751000676,-1.56220554732,103,2.4486,-1354.2701335,3.2819,1.0
/home/ccollins/allmols/4/opt/b3lyp/b3lyp/6fd4fe-6ii13lh.log,6fd4fe-6ii13lh,---,[],"td B3LYP/6-31g(d,p)",-4.78267282697,-1.53472204962,118,2.6991,-1502.7818692,2.9355,1.33333333333
/home/ccollins/allmols/4/opt/b3lyp/b3lyp/6hi6ae-12eh12la-.log,6hi6ae-12eh12la-,---,[],"td B3LYP/6-31g(d,p)",-5.01859552502,-1.50342895818,107,3.8092,-1369.9114275,3.1077,1.16666666667
/home/ccollins/allmols/4/opt/b3lyp/b3lyp/6el13ah-6hd12il-.log,6el13ah-6hd12il-,---,[],"td B3LYP/6-31g(d,p)",-4.79682274657,-1.537443188,115,7.5661,-1480.6959241,2.9040,1.33333333333
/home/ccollins/allmols/4/opt/b3lyp/b3lyp/13al6ah-4af-13la.log,13al6ah-4af-13la,---,[],"td B3LYP/6-31g(d,p)",-4.36089637716,-0.86341720983,99,2.6473,-1256.9538126,3.1880,1.0
/home/ccollins/allmols/4/opt/b3lyp/b3lyp/12fd4ll-12le6ef.log,12fd4ll-12le6ef,---,[],"td b3lyp/6-31g(d,p)",-4.59437005067,-1.06695836109,103,1.2773,-1335.9935441,3.1797,1.05
/home/ccollins/allmols/4/opt/b3lyp/b3lyp/13ei4dd6ie13ie.log,13ei4dd6ie13ie,---,[],"td B3LYP/6-31g(d,p)",-5.52962531388,-2.57855073443,117,2.6096,-1428.2045637,2.5632,1.43333333333
/home/ccollins/allmols/4/opt/b3lyp/b3lyp/13hi6aa-6ff-4al-.log,13hi6aa-6ff-4al-,---,[],"td B3LYP/6-31g(d,p)",-4.9726082863,-1.61336294897,102,3.6994,-1295.0996875,3.0331,0.95
/home/ccollins/allmols/4/opt/b3lyp/b3lyp/4fd4ih12ei-13il-.log,4fd4ih12ei-13il-,---,[],"td B3LYP/6-31g(d,p)",-4.82621104114,-1.34315390726,115,3.9624,-1432.5922778,3.1078,1.58333333333
/home/ccollins/allmols/4/opt/b3lyp/b3lyp/6li12ai-13fi12ed-.log,6li12ai-13fi12ed-,---,[],"td B3LYP/6-31g(d,p)",-4.80716307244,-1.59295441108,108,5.3568,-1391.0627934,2.9319,1.18333333333
/home/ccollins/allmols/4/opt/b3lyp/b3lyp/13al6ee-13ha12ee.log,13al6ee-13ha12ee,---,[],"td B3LYP/6-31g(d,p)",-4.46511597734,-1.61009758291,108,3.8162,-1369.5678001,2.4272,1.15
/home/ccollins/allmols/4/opt/b3lyp/b3lyp/13ih4fl6ee4hh-.log,13ih4fl6ee4hh-,---,[],"td b3lyp/6-31g(d,p)",-4.93015852748,-1.55050465226,110,7.8780,-1404.234319,3.0197,1.26666666667
/home/ccollins/allmols/4/opt/b3lyp/b3lyp/4ee13ih13ad12fh-.log,4ee13ih13ad12fh-,---,[],"td B3LYP/6-31g(d,p)",-4.50076289019,-1.61553985968,106,7.9181,-1348.8499915,2.4703,1.26666666667
/home/ccollins/allmols/4/opt/b3lyp/b3lyp/4fd6hl12il6lh-.log,4fd6hl12il6lh-,---,[],"td B3LYP/6-31g(d,p)",-4.77287672878,-1.3314530122,124,7.3986,-1616.3675345,3.0198,1.78333333333
/home/ccollins/allmols/4/opt/b3lyp/b3lyp/12fl6aa-4ef13il-.log,12fl6aa-4ef13il-,---,[],"td B3LYP/6-31g(d,p)",-4.91736917707,-1.59458709411,109,2.7033,-1412.1167018,3.0445,1.2
/home/ccollins/allmols/4/opt/b3lyp/b3lyp/6ai4ad6hd-6fh.log,6ai4ad6hd-6fh,---,[],"td B3LYP/6-31g(d,p)",-5.22540204235,-2.16276078907,109,9.5370,-1383.3107884,2.6906,1.25
/home/ccollins/allmols/4/opt/b3lyp/b3lyp/6fh13dl-6fe12ae.log,6fh13dl-6fe12ae,---,[],"td B3LYP/6-31g(d,p)",-5.29860066493,-1.85418369612,113,4.3990,-1498.0851564,3.0753,1.3
/home/ccollins/allmols/4/opt/b3lyp/b3lyp/12el6if4lf-12fd.log,12el6if4lf-12fd,---,[],"td b3lyp/6-31g(d,p)",-4.01667237135,-0.992399169319,106,5.0449,-1418.3432405,2.7942,0.983333333333
/home/ccollins/allmols/4/opt/b3lyp/b3lyp/12fa12ld12ee4fh-.log,12fa12ld12ee4fh-,---,[],"td B3LYP/6-31g(d,p)",-4.99709853177,-1.82833288145,110,2.6212,-1483.6073457,2.8403,1.11666666667
/home/ccollins/allmols/4/opt/b3lyp/b3lyp/4el12lh6ff-4ld.log,4el12lh6ff-4ld,---,[],"td b3lyp/6-31g(d,p)",-4.93587291809,-1.59839668785,126,7.5628,-1657.0259157,3.0074,1.86666666667
/home/ccollins/allmols/4/opt/b3lyp/b3lyp/13al4ei6eh13al.log,13al4ei6eh13al,---,[],"td B3LYP/6-31g(d,p)",-4.80036022648,-0.98641266487,111,2.2077,-1373.3320581,3.3790,1.36666666667
/home/ccollins/allmols/4/opt/b3lyp/b3lyp/4fi13da6ea-4eh.log,4fi13da6ea-4eh,---,[],"td B3LYP/6-31g(d,p)",-5.47874002607,-1.76384190171,108,6.6601,-1333.8434484,3.2840,1.28333333333
/home/ccollins/allmols/4/opt/b3lyp/b3lyp/6ed13ie-13dd-6ie-.log,6ed13ie-13dd-6ie-,---,[],"td B3LYP/6-31g(d,p)",-5.92772785973,-2.56684983937,119,11.1547,-1497.1660777,2.9047,1.48333333333
/home/ccollins/allmols/4/opt/b3lyp/b3lyp/12hl13ed-4ff-6da-.log,12hl13ed-4ff-6da-,---,[],"td B3LYP/6-31g(d,p)",-5.16853025008,-1.83649629661,113,2.1805,-1498.1137209,2.9624,1.18333333333
/home/ccollins/allmols/4/opt/b3lyp/b3lyp/4ah12ha6ih-12ah.log,4ah12ha6ih-12ah,---,[],"td B3LYP/6-31g(d,p)",-4.58811143238,-1.21825365534,95,6.4121,-1197.7817358,3.0237,0.933333333333
/home/ccollins/allmols/4/opt/b3lyp/b3lyp/4fl13el-12ha-13fa-.log,4fl13el-12ha-13fa-,---,[],"td b3lyp/6-31g(d,p)",-4.05340773956,-0.889540138334,106,2.4343,-1390.0612944,2.8647,1.08333333333
/home/ccollins/allmols/4/opt/b3lyp/b3lyp/4fd6ee-6hl4il.log,4fd6ee-6hl4il,---,[],"td b3lyp/6-31g(d,p)",-5.05641934858,-1.98017240338,127,5.3434,-1600.9934981,2.5376,1.85
/home/ccollins/allmols/4/opt/b3lyp/b3lyp/4ah12ee4ii-13hd-.log,4ah12ee4ii-13hd-,---,[],"td B3LYP/6-31g(d,p)",-5.12852951581,-1.40546797629,109,4.9574,-1335.0372948,3.2685,1.36666666667
/home/ccollins/allmols/4/opt/b3lyp/b3lyp/12ad13fi13ih-6ei.log,12ad13fi13ih-6ei,---,[],"td B3LYP/6-31g(d,p)",-4.74212786502,-1.43295147399,104,6.2879,-1312.0265829,2.9263,1.08333333333
/home/ccollins/allmols/4/opt/b3lyp/b3lyp/6ha12if-12id-13ei-.log,6ha12if-12id-13ei-,---,[],"td B3LYP/6-31g(d,p)",-5.02485414331,-1.52982400052,104,6.7238,-1331.8988189,3.1364,1.11666666667
/home/ccollins/allmols/4/opt/b3lyp/b3lyp/12eh6fh13hf-13hf-.log,12eh6fh13hf-13hf-,---,[],"td b3lyp/6-31g(d,p)",-4.01667237135,-0.992399169319,106,5.0424,-1418.3432405,2.7943,0.983333333333
/home/ccollins/allmols/4/opt/b3lyp/b3lyp/4he4da13li12el-.log,4he4da13li12el-,---,[],"td B3LYP/6-31g(d,p)",-5.05451455171,-1.61200237978,117,4.0829,-1469.3927074,3.1073,1.58333333333
/home/ccollins/allmols/4/opt/b3lyp/b3lyp/12il12li4ii6hd.log,12il12li4ii6hd,---,[],"td b3lyp/6-31g(d,p)",-4.49504849958,-1.37036529111,109,8.4840,-1372.472011,2.7897,1.23333333333
/home/ccollins/allmols/4/opt/b3lyp/b3lyp/6ef6dl13hl13de-.log,6ef6dl13hl13de-,---,[],"td B3LYP/6-31g(d,p)",-5.17968691746,-1.97717915116,123,7.4130,-1609.7557274,2.9258,1.61666666667
/home/ccollins/allmols/4/opt/b3lyp/b3lyp/6df13dh6ha4fi.log,6df13dh6ha4fi,---,[],"td B3LYP/6-31g(d,p)",-5.19791854465,-1.98915216006,110,5.0294,-1420.4239266,2.8350,1.28333333333
/home/ccollins/allmols/4/opt/b3lyp/b3lyp/12da12al4lh-4ed.log,12da12al4lh-4ed,---,[],"td B3LYP/6-31g(d,p)",-5.25016440166,-1.95160045033,113,6.5083,-1466.0151647,2.8403,1.31666666667
/home/ccollins/allmols/4/opt/b3lyp/b3lyp/4li4dd-13hi-12ed-.log,4li4dd-13hi-12ed-,---,[],"td B3LYP/6-31g(d,p)",-5.44527002392,-2.43079292008,119,4.9581,-1502.5292011,2.5882,1.68333333333
/home/ccollins/allmols/4/opt/b3lyp/b3lyp/12hh4lh13ed13ll-.log,12hh4lh13ed13ll-,---,[],"td B3LYP/6-31g(d,p)",-4.70702517984,-1.18070194562,120,8.7129,-1557.0851302,3.2103,1.63333333333
/home/ccollins/allmols/4/opt/b3lyp/b3lyp/4eh6lf-6al6df.log,4eh6lf-6al6df,---,[],"td B3LYP/6-31g(d,p)",-5.35873782325,-1.93989955527,121,5.1903,-1576.7909471,3.0080,1.6
/home/ccollins/allmols/4/opt/b3lyp/b3lyp/4aa12dl13il-12id-.log,4aa12dl13il-12id-,---,[],"td B3LYP/6-31g(d,p)",-5.13560447561,-1.89935459332,108,2.6711,-1391.0923735,2.8920,1.28333333333
/home/ccollins/allmols/4/opt/b3lyp/b3lyp/13el13id6eh4df-.log,13el13id6eh4df-,---,[],"td B3LYP/6-31g(d,p)",-5.29234204664,-1.84384337025,119,6.4189,-1518.5283532,3.0787,1.65
/home/ccollins/allmols/4/opt/b3lyp/b3lyp/12hl4ed12hi-13aa-.log,12hl4ed12hi-13aa-,---,[],"td B3LYP/6-31g(d,p)",-4.66756867325,-1.7390795424,104,5.0483,-1331.8595524,2.5701,1.05
/home/ccollins/allmols/4/opt/b3lyp/b3lyp/12ad13ei-4da-13hh.log,12ad13ei-4da-13hh,---,[],"td B3LYP/6-31g(d,p)",-5.04825593343,-1.73227669643,102,11.4707,-1289.7256391,2.9389,0.983333333333
/home/ccollins/allmols/4/opt/b3lyp/b3lyp/12da4he-4ah4af.log,12da4he-4ah4af,---,[],"td B3LYP/6-31g(d,p)",-5.45615457747,-1.44247545834,102,3.8423,-1277.5460313,3.5523,1.16666666667
/home/ccollins/allmols/4/opt/b3lyp/b3lyp/12ih6ia-12ia-4he.log,12ih6ia-12ia-4he,---,[],"td B3LYP/6-31g(d,p)",-4.77559786717,-1.25009097446,101,5.2410,-1241.8614384,3.1879,1.06666666667
/home/ccollins/allmols/4/opt/b3lyp/b3lyp/13de13dd13ha-4fi.log,13de13dd13ha-4fi,---,[],"td B3LYP/6-31g(d,p)",-5.17587732372,-1.62506384403,108,13.6768,-1381.9891325,3.1479,1.3
/home/ccollins/allmols/4/opt/b3lyp/b3lyp/12he12ie13dl-6ld-.log,12he12ie13dl-6ld-,---,[],"td B3LYP/6-31g(d,p)",-5.16716968089,-1.92792654637,120,8.7998,-1575.4737771,2.9327,1.5
/home/ccollins/allmols/4/opt/b3lyp/b3lyp/4id13fl-13de-13ae.log,4id13fl-13de-13ae,---,[],"td B3LYP/6-31g(d,p)",-4.99818698713,-2.04656818,112,8.4545,-1425.0625988,2.5815,1.36666666667
/home/ccollins/allmols/4/opt/b3lyp/b3lyp/6id13el-13ah-4dd.log,6id13el-13ah-4dd,---,[],"td B3LYP/6-31g(d,p)",-5.12199878368,-2.32494063687,115,2.2872,-1459.3976258,2.3775,1.35
/home/ccollins/allmols/4/opt/b3lyp/b3lyp/13ii6de6lh-13ea-.log,13ii6de6lh-13ea-,---,[],"td B3LYP/6-31g(d,p)",-4.95573722831,-2.0620786688,113,4.0326,-1406.4271165,2.4209,1.28333333333
/home/ccollins/allmols/4/opt/b3lyp/b3lyp/6dh6af12di6dd-.log,6dh6af12di6dd-,---,[],"td B3LYP/6-31g(d,p)",-6.34460626045,-3.05420572428,114,7.2342,-1510.1779971,2.9020,1.23333333333
/home/ccollins/allmols/4/opt/b3lyp/b3lyp/12ea12lf4ea-4af.log,12ea12lf4ea-4af,---,[],"td B3LYP/6-31g(d,p)",-5.00226869471,-1.58560733743,103,1.9179,-1338.2462361,3.1002,0.933333333333
/home/ccollins/allmols/4/opt/b3lyp/b3lyp/13ea13lh-4al4dl.log,13ea13lh-4al4dl,---,[],"td b3lyp/6-31g(d,p)",-4.73913461279,-0.894438187429,116,5.8211,-1446.0321687,3.3559,1.58333333333
/home/ccollins/allmols/4/opt/b3lyp/b3lyp/12fh4ef13if6da-.log,12fh4ef13if6da-,---,[],"td B3LYP/6-31g(d,p)",-4.9034913713,-1.77037263383,107,3.2309,-1405.8918348,2.7539,1.2
/home/ccollins/allmols/4/opt/b3lyp/b3lyp/6aa4dd13aa12hf.log,6aa4dd13aa12hf,---,[],"td B3LYP/6-31g(d,p)",-4.90403559898,-2.27949762583,95,3.0890,-1232.2362272,2.3744,0.733333333333
/home/ccollins/allmols/4/opt/b3lyp/b3lyp/13hf6fh6ef12fa-.log,13hf6fh6ef12fa-,---,[],"td B3LYP/6-31g(d,p)",-4.844986896,-1.23349203031,105,4.2319,-1420.9391916,3.1677,1.13333333333
/home/ccollins/allmols/4/opt/b3lyp/b3lyp/13fi13ad4dd12ii-.log,13fi13ad4dd12ii-,---,[],"td B3LYP/6-31g(d,p)",-5.35520034335,-2.5352846341,106,4.5051,-1348.9609781,2.4343,1.08333333333
/home/ccollins/allmols/4/opt/b3lyp/b3lyp/6hl12aa4le4ai-.log,6hl12aa4le4ai-,---,[],"td B3LYP/6-31g(d,p)",-4.73369233602,-1.24029487627,108,2.6550,-1339.1421247,3.1876,1.3
/home/ccollins/allmols/4/opt/b3lyp/b3lyp/4ei6if6ee-4fe-.log,4ei6if6ee-4fe-,---,[],"td b3lyp/6-31g(d,p)",-5.82459671491,-1.78615523647,121,2.6494,-1491.1653069,3.4857,1.93333333333
/home/ccollins/allmols/4/opt/b3lyp/b3lyp/6el12ih-4aa-12hi-.log,6el12ih-4aa-12hi-,---,[],"td B3LYP/6-31g(d,p)",-4.38538662263,-1.08682267131,105,5.8945,-1317.0535082,2.9526,1.08333333333
/home/ccollins/allmols/4/opt/b3lyp/b3lyp/6eh12hh-13eh-6el.log,6eh12hh-13eh-6el,---,[],"td B3LYP/6-31g(d,p)",-4.52634159102,-1.28628211499,117,7.6206,-1497.6136585,2.8666,1.6
/home/ccollins/allmols/4/opt/b3lyp/b3lyp/4el13af-4ae6dd-.log,4el13af-4ae6dd-,---,[],"td b3lyp/6-31g(d,p)",-5.17587732372,-2.66072911368,114,4.1074,-1445.9108927,2.1300,1.21666666667
/home/ccollins/allmols/4/opt/b3lyp/b3lyp/4da4ih-12di-13ad-.log,4da4ih-12di-13ad-,---,[],"td B3LYP/6-31g(d,p)",-5.64853906135,-2.04820086303,105,6.1896,-1311.8788385,3.2263,1.13333333333
/home/ccollins/allmols/4/opt/b3lyp/b3lyp/6if13aa-12ia-13il-.log,6if13aa-12ia-13il-,---,[],"td B3LYP/6-31g(d,p)",-4.43491134126,-1.1502251957,96,1.8171,-1202.8284695,2.9878,0.783333333333
/home/ccollins/allmols/4/opt/b3lyp/b3lyp/13ea13af4ef-4ff-.log,13ea13af4ef-4ff-,---,[],"td B3LYP/6-31g(d,p)",-4.81695917063,-1.15621170015,103,3.4506,-1334.4574455,3.2953,1.01666666667
/home/ccollins/allmols/4/opt/b3lyp/b3lyp/13he4la4fh12fh.log,13he4la4fh12fh,---,[],"td b3lyp/6-31g(d,p)",-4.51055898838,-1.25417268204,111,2.5470,-1409.2400978,2.8635,1.45
/home/ccollins/allmols/4/opt/b3lyp/b3lyp/6dl6aa-13ai6ii.log,6dl6aa-13ai6ii,---,[],"td B3LYP/6-31g(d,p)",-5.1573735827,-1.77146108919,104,9.2879,-1276.2142729,3.0982,1.21666666667
/home/ccollins/allmols/4/opt/b3lyp/b3lyp/13il13dd-13ad-13le-.log,13il13dd-13ad-13le-,---,[],"td B3LYP/6-31g(d,p)",-5.29370261583,-1.62914555161,113,12.2195,-1458.3864936,3.2905,1.4
/home/ccollins/allmols/4/opt/b3lyp/b3lyp/6dd6di-13af12fh-.log,6dd6di-13af12fh-,---,[],"td B3LYP/6-31g(d,p)",-4.85097340045,-2.7497103389,109,5.3351,-1455.0425962,1.7906,0.966666666667
/home/ccollins/allmols/4/opt/b3lyp/b3lyp/12ai4af-6dh-6ah-.log,12ai4af-6dh-6ah-,---,[],"td B3LYP/6-31g(d,p)",-5.51465905276,-1.43812163692,100,9.0597,-1272.7879915,3.6495,1.05
/home/ccollins/allmols/4/opt/b3lyp/b3lyp/12hh4ef-13fa-13il-.log,12hh4ef-13fa-13il-,---,[],"td B3LYP/6-31g(d,p)",-4.2003492124,-0.78640899351,106,3.6892,-1370.2011887,3.1370,1.1
/home/ccollins/allmols/4/opt/b3lyp/b3lyp/4ii4il12ha12eh.log,4ii4il12ha12eh,---,[],"td B3LYP/6-31g(d,p)",-4.6496091599,-1.1643751153,109,3.8678,-1340.3292611,3.2183,1.48333333333
/home/ccollins/allmols/4/opt/b3lyp/b3lyp/13ee4ad-4ea-12he-.log,13ee4ad-4ea-12he-,---,[],"td B3LYP/6-31g(d,p)",-5.34404367597,-1.76193710484,109,3.5727,-1353.3243718,3.1837,1.23333333333
/home/ccollins/allmols/4/opt/b3lyp/b3lyp/13lh6ee12ll12fe-.log,13lh6ee12ll12fe-,---,[],"td b3lyp/6-31g(d,p)",-4.34402531917,-1.31730309259,113,3.7804,-1443.8762535,2.6530,1.26666666667
/home/ccollins/allmols/4/opt/b3lyp/b3lyp/4ih12ef-6ee12if.log,4ih12ef-6ee12if,---,[],"td B3LYP/6-31g(d,p)",-4.9535603176,-1.89064695049,113,2.1397,-1449.8890025,2.6038,1.3
/home/ccollins/allmols/4/opt/b3lyp/b3lyp/13dd6eh13el6ii-.log,13dd6eh13el6ii-,---,[],"td B3LYP/6-31g(d,p)",-5.39873855752,-2.15078778018,119,7.0355,-1498.6717794,2.9190,1.7
/home/ccollins/allmols/4/opt/b3lyp/b3lyp/13aa6af13hi-12ea-.log,13aa6af13hi-12ea-,---,[],"td B3LYP/6-31g(d,p)",-4.71818184722,-1.19376340987,90,2.2538,-1141.1675652,3.2025,0.783333333333
/home/ccollins/allmols/4/opt/b3lyp/b3lyp/6la12fh12fi-4de-.log,6la12fh12fi-4de-,---,[],"td B3LYP/6-31g(d,p)",-4.82430624427,-2.06616037638,111,2.9765,-1465.0711238,2.4066,1.06666666667
/home/ccollins/allmols/4/opt/b3lyp/b3lyp/13la4ed-6ea-4df.log,13la4ed-6ea-4df,---,[],"td b3lyp/6-31g(d,p)",-4.48824565362,-1.49608188454,118,4.4720,-1466.8123349,2.5304,1.55
/home/ccollins/allmols/4/opt/b3lyp/b3lyp/12ae13ld-6ae-12dh.log,12ae13ld-6ae-12dh,---,[],"td B3LYP/6-31g(d,p)",-5.43683449493,-2.22180949205,108,6.8240,-1421.599835,2.9143,1.08333333333
/home/ccollins/allmols/4/opt/b3lyp/b3lyp/13he6ff-13dl6ia-.log,13he6ff-13dl6ia-,---,[],"td B3LYP/6-31g(d,p)",-5.17043504695,-1.87051052643,111,4.6462,-1441.4054845,2.9768,1.35
/home/ccollins/allmols/4/opt/b3lyp/b3lyp/13da12ai4ah-4ll-.log,13da12ai4ah-4ll-,---,[],"td b3lyp/6-31g(d,p)",-4.88471551644,-1.94452549053,114,4.0191,-1463.3455327,2.5680,1.46666666667
/home/ccollins/allmols/4/opt/b3lyp/b3lyp/13lh4hh-12hi4df-.log,13lh4hh-12hi4df-,---,[],"td b3lyp/6-31g(d,p)",-4.52552524951,-1.09607454182,114,4.8926,-1441.2978473,2.9217,1.46666666667
/home/ccollins/allmols/4/opt/b3lyp/b3lyp/12ih13la-12fa-13ha.log,12ih13la-12fa-13ha,---,[],"td B3LYP/6-31g(d,p)",-3.6544888522,-0.49034913713,93,2.0625,-1216.6191831,2.9637,0.75
/home/ccollins/allmols/4/opt/b3lyp/b3lyp/13ih12ih12eh-13lh.log,13ih12ih12eh-13lh,---,[],"td B3LYP/6-31g(d,p)",-3.82102252141,-0.784776310479,107,2.6865,-1367.5797584,2.7525,1.2
/home/ccollins/allmols/4/opt/b3lyp/b3lyp/12le13ia12eh-4il-.log,12le13ia12eh-4il-,---,[],"td B3LYP/6-31g(d,p)",-4.54756647043,-1.20872967099,112,3.0240,-1414.2619766,3.0624,1.56666666667
/home/ccollins/allmols/4/opt/b3lyp/b3lyp/6di13fh-12eh6aa-.log,6di13fh-12eh6aa-,---,[],"td B3LYP/6-31g(d,p)",-4.99682641793,-1.75050832362,103,7.9231,-1326.8643364,2.9566,0.966666666667
/home/ccollins/allmols/4/opt/b3lyp/b3lyp/12il13dd-4dd-12fi-.log,12il13dd-4dd-12fi-,---,[],"td B3LYP/6-31g(d,p)",-5.7152069518,-2.50371942882,116,9.3962,-1536.2564075,2.8020,1.18333333333
/home/ccollins/allmols/4/opt/b3lyp/b3lyp/6fh13ah6de-13dh.log,6fh13ah6de-13dh,---,[],"td B3LYP/6-31g(d,p)",-4.89723275301,-2.06697671789,109,5.4487,-1415.2952941,2.4311,1.1
/home/ccollins/allmols/4/opt/b3lyp/b3lyp/12lf6eh-12hi-13id-.log,12lf6eh-12hi-13id-,---,[],"td B3LYP/6-31g(d,p)",-4.94376421941,-1.41771309903,112,7.7405,-1462.4337109,3.1755,1.26666666667
/home/ccollins/allmols/4/opt/b3lyp/b3lyp/4ai13eh-4il-12ff.log,4ai13eh-4il-12ff,---,[],"td B3LYP/6-31g(d,p)",-4.65287452596,-0.78450419664,109,4.3628,-1376.2305826,3.4280,1.33333333333
/home/ccollins/allmols/4/opt/b3lyp/b3lyp/12fl13ea4af-13le-.log,12fl13ea4af-13le-,---,[],"td B3LYP/6-31g(d,p)",-4.65205818445,-1.04491714017,108,5.5370,-1410.8351413,3.3126,1.36666666667
/home/ccollins/allmols/4/opt/b3lyp/b3lyp/12id13ei6de4df.log,12id13ei6de4df,---,[],"td b3lyp/6-31g(d,p)",-5.66894759924,-2.55950276573,117,5.1085,-1500.0544438,2.7115,1.38333333333
/home/ccollins/allmols/4/opt/b3lyp/b3lyp/4ii4de6dh-13ea-.log,4ii4de6dh-13ea-,---,[],"td b3lyp/6-31g(d,p)",-5.61996710829,-2.01146549482,114,5.3963,-1390.1747258,3.1593,1.78333333333
/home/ccollins/allmols/4/opt/b3lyp/b3lyp/6dl12ae13ea-6hh-.log,6dl12ae13ea-6hh-,---,[],"td B3LYP/6-31g(d,p)",-4.85913681561,-1.75758328342,109,4.5836,-1403.005916,2.7628,1.1
/home/ccollins/allmols/4/opt/b3lyp/b3lyp/4hf4ei4ha-6ie.log,4hf4ei4ha-6ie,---,[],"td B3LYP/6-31g(d,p)",-5.05914048697,-1.02015478085,113,5.8487,-1358.3382002,3.5694,1.63333333333
/home/ccollins/allmols/4/opt/b3lyp/b3lyp/12af6ea13da4ff.log,12af6ea13da4ff,---,[],"td B3LYP/6-31g(d,p)",-5.26322586591,-1.84683662248,99,4.7038,-1311.2309541,3.1096,0.8
/home/ccollins/allmols/4/opt/b3lyp/b3lyp/13df13aa12dd-13li.log,13df13aa12dd-13li,---,[],"td B3LYP/6-31g(d,p)",-5.40009912672,-2.02860866665,103,9.8155,-1362.7772932,3.0718,0.933333333333
/home/ccollins/allmols/4/opt/b3lyp/b3lyp/4hh6ee-4he6ld.log,4hh6ee-4he6ld,---,[],"td B3LYP/6-31g(d,p)",-4.87900112583,-1.76493035706,125,7.2474,-1558.7863345,2.5124,1.65
/home/ccollins/allmols/4/opt/b3lyp/b3lyp/4la13af-4ed13fi.log,4la13af-4ed13fi,---,[],"td B3LYP/6-31g(d,p)",-4.77151615959,-1.84520393944,107,3.2506,-1353.9637569,2.5141,1.18333333333
/home/ccollins/allmols/4/opt/b3lyp/b3lyp/6aa6fh-13ah12fe-.log,6aa6fh-13ah12fe-,---,[],"td B3LYP/6-31g(d,p)",-4.2264721409,-1.52873554517,97,3.5149,-1270.5428065,2.5075,0.833333333333
/home/ccollins/allmols/4/opt/b3lyp/b3lyp/13ll12fd13li-12di-.log,13ll12fd13li-12di-,---,[],"td B3LYP/6-31g(d,p)",-4.79763908809,-1.92357272496,117,7.3607,-1558.7463018,2.6202,1.38333333333
/home/ccollins/allmols/4/opt/b3lyp/b3lyp/13dh6ie-13al-4fd.log,13dh6ie-13al-4fd,---,[],"td B3LYP/6-31g(d,p)",-4.97478519701,-1.63948587747,113,6.9860,-1442.3851602,3.0334,1.26666666667
/home/ccollins/allmols/4/opt/b3lyp/b3lyp/13he12eh6ll-4ei-.log,13he12eh6ll-4ei-,---,[],"td B3LYP/6-31g(d,p)",-4.55192029185,-1.32356171088,121,1.8510,-1524.7066212,2.9151,1.73333333333
/home/ccollins/allmols/4/opt/b3lyp/b3lyp/12ae4ad-12eh12fi.log,12ae4ad-12eh12fi,---,[],"td B3LYP/6-31g(d,p)",-4.64416688313,-1.94833508427,102,4.0910,-1333.2013867,2.4758,0.833333333333
/home/ccollins/allmols/4/opt/b3lyp/b3lyp/6lf4ia12el4ii.log,6lf4ia12el4ii,---,[],"td B3LYP/6-31g(d,p)",-5.3040429417,-1.50587798273,116,2.0502,-1437.6414774,3.4195,1.88333333333
/home/ccollins/allmols/4/opt/b3lyp/b3lyp/12ia13fl6le12ih.log,12ia13fl6le12ih,---,[],"td B3LYP/6-31g(d,p)",-4.56688655297,-1.19022592997,110,1.8247,-1429.3683786,3.1368,1.23333333333
/home/ccollins/allmols/4/opt/b3lyp/b3lyp/12di13fa13lh13eh-.log,12di13fa13lh13eh-,---,[],"td B3LYP/6-31g(d,p)",-4.34674645756,-1.03512104198,105,4.7649,-1365.1459722,3.0045,1.06666666667
/home/ccollins/allmols/4/opt/b3lyp/b3lyp/12fi12ii-12ae-12ai-.log,12fi12ii-12ae-12ai-,---,[],"td B3LYP/6-31g(d,p)",-4.71219534277,-1.22369593212,95,2.5781,-1225.1912945,3.2300,0.833333333333
/home/ccollins/allmols/4/opt/b3lyp/b3lyp/13he12hl-4af-12da.log,13he12hl-4af-12da,---,[],"td B3LYP/6-31g(d,p)",-4.61777184079,-1.67268376578,104,5.4306,-1367.7660861,2.6984,1.01666666667
/home/ccollins/allmols/4/opt/b3lyp/b3lyp/12hh12aa4li6he.log,12hh12aa4li6he,---,[],"td B3LYP/6-31g(d,p)",-4.5720567159,-0.994848193866,105,4.5355,-1333.102232,3.2938,1.11666666667
/home/ccollins/allmols/4/opt/b3lyp/b3lyp/4hi12ah-4hi-6di.log,4hi12ah-4hi-6di,---,[],"td B3LYP/6-31g(d,p)",-4.77206038726,-1.54723928619,108,6.2003,-1315.5299841,2.7939,1.21666666667
/home/ccollins/allmols/4/opt/b3lyp/b3lyp/4df13le-4he6ia-.log,4df13le-4he6ia-,---,[],"td B3LYP/6-31g(d,p)",-5.29343050199,-1.32682707694,116,3.7236,-1448.364676,3.5626,1.83333333333
/home/ccollins/allmols/4/opt/b3lyp/b3lyp/4fl12ia-6ld-4eh-.log,4fl12ia-6ld-4eh-,---,[],"td b3lyp/6-31g(d,p)",-5.19927911384,-1.45553692259,118,4.1652,-1506.5967434,3.3217,1.56666666667
/home/ccollins/allmols/4/opt/b3lyp/b3lyp/4he13li-13ii-12li-.log,4he13li-13ii-12li-,---,[],"td B3LYP/6-31g(d,p)",-4.4147749172,-0.749673625301,114,2.2451,-1396.8979479,3.2479,1.65
/home/ccollins/allmols/4/opt/b3lyp/b3lyp/12de6hh4dl-4ed.log,12de6hh4dl-4ed,---,[],"td b3lyp/6-31g(d,p)",-5.32417936575,-2.14915509714,124,7.1057,-1593.5100781,2.7422,1.7
/home/ccollins/allmols/4/opt/b3lyp/b3lyp/12ll4df-13dl6el.log,12ll4df-13dl6el,---,[],"td B3LYP/6-31g(d,p)",-5.3717992875,-1.85363946844,129,5.8456,-1711.115542,3.1731,2.06666666667
/home/ccollins/allmols/4/opt/b3lyp/b3lyp/4le13fl-13dd13fd-.log,4le13fl-13dd13fd-,---,[],"td B3LYP/6-31g(d,p)",-5.38159538569,-1.69145962064,120,12.2062,-1591.5675579,3.3127,1.48333333333
/home/ccollins/allmols/4/opt/b3lyp/b3lyp/13il4de12ea13lf.log,13il4de12ea13lf,---,[],"td B3LYP/6-31g(d,p)",-4.80933998315,-1.91840256202,114,5.9716,-1467.1678371,2.5368,1.38333333333
/home/ccollins/allmols/4/opt/b3lyp/b3lyp/13li13dh-12lh13di.log,13li13dh-12lh13di,---,[],"td b3lyp/6-31g(d,p)",-4.80661884476,-0.958384939496,123,3.9726,-1604.3365353,3.4330,1.11666666667
/home/ccollins/allmols/4/opt/b3lyp/b3lyp/12ie6fd6eh-6ah-.log,12ie6fd6eh-6ah-,---,[],"td B3LYP/6-31g(d,p)",-5.483910189,-2.09718135397,112,7.2852,-1441.1228959,2.9479,1.6
/home/ccollins/allmols/4/opt/b3lyp/b3lyp/6fd12di13hi12ie.log,6fd12di13hi12ie,---,[],"td B3LYP/6-31g(d,p)",-4.96335641579,-2.03867687868,110,6.4653,-1424.1285003,2.5787,1.08333333333
/home/ccollins/allmols/4/opt/b3lyp/b3lyp/13ll6de4lf-6li-.log,13ll6de4lf-6li-,---,[],"td b3lyp/6-31g(d,p)",-5.24281732802,-1.89826613797,130,4.3323,-1676.4539511,2.8323,1.06666666667
/home/ccollins/allmols/4/opt/b3lyp/b3lyp/4if12fh13fa12fl.log,4if12fh13fa12fl,---,[],"td B3LYP/6-31g(d,p)",-3.98837253214,-0.679196141108,104,5.7751,-1408.9893807,3.0801,0.883333333333
/home/ccollins/allmols/4/opt/b3lyp/b3lyp/13di13ae12il6hi-.log,13di13ae12il6hi-,---,[],"td B3LYP/6-31g(d,p)",-4.95219974841,-1.39512765042,108,7.3730,-1351.3533698,3.2049,1.35
/home/ccollins/allmols/4/opt/b3lyp/b3lyp/13de4al-12il-12il.log,13de4al-12il-12il,---,[],"td B3LYP/6-31g(d,p)",-5.11301902701,-1.54723928619,116,7.6523,-1489.5044147,3.1984,1.51666666667
/home/ccollins/allmols/4/opt/b3lyp/b3lyp/6hi13hl-12al6ii.log,6hi13hl-12al6ii,---,[],"td B3LYP/6-31g(d,p)",-4.42076142165,-1.05743437674,111,4.0603,-1390.9491719,3.0753,1.53333333333
/home/ccollins/allmols/4/opt/b3lyp/b3lyp/6fl13di12lh13ld-.log,6fl13di12lh13ld-,---,[],"td B3LYP/6-31g(d,p)",-4.71682127803,-1.70724222328,120,5.9523,-1593.0725043,2.6838,1.55
/home/ccollins/allmols/4/opt/b3lyp/b3lyp/12lf12id4ea-6id.log,12lf12id4ea-6id,---,[],"td B3LYP/6-31g(d,p)",-5.70350605674,-2.09119484953,113,8.1533,-1466.0267679,3.1760,1.36666666667
/home/ccollins/allmols/4/opt/b3lyp/b3lyp/13ef4hf4af-4ll.log,13ef4hf4af-4ll,---,[],"td b3lyp/6-31g(d,p)",-5.17506098221,-1.73173246875,117,6.2611,-1485.5247139,3.0766,1.65
/home/ccollins/allmols/4/opt/b3lyp/b3lyp/13li4fl-6if-12ll-.log,13li4fl-6if-12ll-,---,[],"td b3lyp/6-31g(d,p)",-4.67083403931,-1.54669505852,122,2.3530,-1617.5038597,2.7038,1.56666666667
/home/ccollins/allmols/4/opt/b3lyp/b3lyp/12ia12hf4hd4lf.log,12ia12hf4hd4lf,---,[],"td b3lyp/6-31g(d,p)",-4.07817009887,-0.330618313881,119,1.4292,-1489.4180438,3.3697,1.25
/home/ccollins/allmols/4/opt/b3lyp/b3lyp/13ed6ll-6ed12fe-.log,13ed6ll-6ed12fe-,---,[],"td B3LYP/6-31g(d,p)",-5.64037564619,-2.22072103669,125,6.3074,-1650.4086225,3.0303,1.71666666667
/home/ccollins/allmols/4/opt/b3lyp/b3lyp/13dh12ha6hi6ei.log,13dh12ha6hi6ei,---,[],"td B3LYP/6-31g(d,p)",-4.77042770423,-1.34533081796,107,5.4030,-1346.3282591,3.0976,1.26666666667
/home/ccollins/allmols/4/opt/b3lyp/b3lyp/13hd6el-4df12ee.log,13hd6el-4df12ee,---,[],"td B3LYP/6-31g(d,p)",-5.46431799262,-2.02398273139,121,5.7474,-1575.1990635,3.1090,1.53333333333
/home/ccollins/allmols/4/opt/b3lyp/b3lyp/13lf6lf6ea-13ah-.log,13lf6lf6ea-13ah-,---,[],"td B3LYP/6-31g(d,p)",-4.6580446889,-1.3004320346,109,1.7000,-1424.3585246,2.9763,1.08333333333
/home/ccollins/allmols/4/opt/b3lyp/b3lyp/13dl13fl-12ia-12hh.log,13dl13fl-12ia-12hh,---,[],"td B3LYP/6-31g(d,p)",-4.45259874076,-0.852260542448,107,9.2722,-1423.370737,3.3067,1.1
/home/ccollins/allmols/4/opt/b3lyp/b3lyp/6ad12fl-13ai-6hl.log,6ad12fl-13ai-6hl,---,[],"td B3LYP/6-31g(d,p)",-4.75518932927,-1.91323239909,109,0.8907,-1424.4104105,2.5007,1.2
/home/ccollins/allmols/4/opt/b3lyp/b3lyp/13da13da6he13dd.log,13da13da6he13dd,---,[],"td B3LYP/6-31g(d,p)",-5.98949770109,-2.49610024134,106,8.1020,-1375.7413789,3.1354,1.03333333333
/home/ccollins/allmols/4/opt/b3lyp/b3lyp/13ld6hi-4eh13ll-.log,13ld6hi-4eh13ll-,---,[],"td B3LYP/6-31g(d,p)",-5.03029642008,-1.29526187166,123,7.7719,-1559.3196844,3.3278,1.81666666667
/home/ccollins/allmols/4/opt/b3lyp/b3lyp/12ee4ih4ef-6fl-.log,12ee4ih4ef-6fl-,---,[],"td B3LYP/6-31g(d,p)",-5.48581498587,-1.46397245159,120,4.4313,-1527.3330188,3.4978,1.9
/home/ccollins/allmols/4/opt/b3lyp/b3lyp/13ee12ld-12ea6ld-.log,13ee12ld-12ea6ld-,---,[],"td B3LYP/6-31g(d,p)",-5.39792221601,-2.3350088489,118,2.7330,-1556.9301478,2.7384,1.45
/home/ccollins/allmols/4/opt/b3lyp/b3lyp/4eh4fi-13he13ii.log,4eh4fi-13he13ii,---,[],"td B3LYP/6-31g(d,p)",-4.61042476714,-0.813620377369,111,3.9955,-1337.4791601,3.3976,1.51666666667
/home/ccollins/allmols/4/opt/b3lyp/b3lyp/4ld13fd-12fl13eh.log,4ld13fd-12fl13eh,---,[],"td B3LYP/6-31g(d,p)",-4.65532355051,-1.65989441537,118,5.8421,-1574.5498072,2.6570,1.33333333333
/home/ccollins/allmols/4/opt/b3lyp/b3lyp/6ld12fd13dh-6df.log,6ld12fd13dh-6df,---,[],"td B3LYP/6-31g(d,p)",-5.80092281095,-2.59623813394,119,10.3690,-1622.5146603,2.8691,1.35
/home/ccollins/allmols/4/opt/b3lyp/b3lyp/13df4ie-4fh13af-.log,13df4ie-4fh13af-,---,[],"td B3LYP/6-31g(d,p)",-4.97151983095,-1.33308569523,107,10.0881,-1370.0008368,3.2356,1.4
/home/ccollins/allmols/4/opt/b3lyp/b3lyp/4fi6aa-12df6li.log,4fi6aa-12df6li,---,[],"td B3LYP/6-31g(d,p)",-5.59438840747,-1.94017166911,108,3.6130,-1391.1454113,3.2836,1.28333333333
/home/ccollins/allmols/4/opt/b3lyp/b3lyp/13el4ha-6ff-6ii.log,13el4ha-6ff-6ii,---,[],"td B3LYP/6-31g(d,p)",-5.268123915,-1.28383309044,112,3.6923,-1410.5557609,3.5288,1.53333333333
/home/ccollins/allmols/4/opt/b3lyp/b3lyp/12di6ia-12df-6hf.log,12di6ia-12df-6hf,---,[],"td B3LYP/6-31g(d,p)",-5.39819432985,-2.35732218366,107,5.6590,-1421.9998961,2.6616,1.25
/home/ccollins/allmols/4/opt/b3lyp/b3lyp/6hh13fl-12aa6ai.log,6hh13fl-12aa6ai,---,[],"td B3LYP/6-31g(d,p)",-4.43572768277,-1.23321991647,99,4.1348,-1273.019308,2.9494,0.916666666667
/home/ccollins/allmols/4/opt/b3lyp/b3lyp/4ie6fd-6hd-13fh-.log,4ie6fd-6hd-13fh-,---,[],"td B3LYP/6-31g(d,p)",-5.14267943542,-1.90996703303,116,9.3591,-1496.5605469,2.9152,1.5
/home/ccollins/allmols/4/opt/b3lyp/b3lyp/6df12de13hf6af-.log,6df12de13hf6af-,---,[],"td B3LYP/6-31g(d,p)",-5.18186382817,-2.28657258563,109,4.1923,-1474.857676,2.5365,1.0
/home/ccollins/allmols/4/opt/b3lyp/b3lyp/6if4ai-6aa-4eh-.log,6if4ai-6aa-4eh-,---,[],"td B3LYP/6-31g(d,p)",-5.37016660447,-1.40165838255,103,1.5495,-1242.8852105,3.5343,1.15
/home/ccollins/allmols/4/opt/b3lyp/b3lyp/4hh6hl12fa6ia.log,4hh6hl12fa6ia,---,[],"td b3lyp/6-31g(d,p)",-4.67818111295,-1.16900105056,106,5.7911,-1350.4310993,3.1270,1.33333333333
/home/ccollins/allmols/4/opt/b3lyp/b3lyp/13fd13il-6ld4ef-.log,13fd13il-6ld4ef-,---,[],"td b3lyp/6-31g(d,p)",-4.37450206909,-1.20791332948,113,3.6180,-1467.487374,2.8955,1.36666666667
/home/ccollins/allmols/4/opt/b3lyp/b3lyp/12de12hh-13aa13id.log,12de12hh-13aa13id,---,[],"td B3LYP/6-31g(d,p)",-4.9726082863,-1.63377148686,99,7.1649,-1287.5128674,3.0741,0.866666666667
/home/ccollins/allmols/4/opt/b3lyp/b3lyp/4hl6id12fi-6da-.log,4hl6id12fi-6da-,---,[],"td b3lyp/6-31g(d,p)",-5.3005054618,-2.00738378724,114,3.0921,-1463.5094784,2.8873,1.43333333333
/home/ccollins/allmols/4/opt/b3lyp/b3lyp/4le6le-13di-13al-.log,4le6le-13di-13al-,---,[],"td B3LYP/6-31g(d,p)",-4.94811804083,-1.5684641656,121,6.0498,-1524.7637193,3.0319,1.83333333333
/home/ccollins/allmols/4/opt/b3lyp/b3lyp/6eh6dh-4ia-6ae.log,6eh6dh-4ia-6ae,---,[],"td B3LYP/6-31g(d,p)",-5.83384858542,-1.57064107631,111,9.7425,-1368.1124278,3.7240,1.71666666667
/home/ccollins/allmols/4/opt/b3lyp/b3lyp/4hh12il-13ai13hl.log,4hh12il-13ai13hl,---,[],"td B3LYP/6-31g(d,p)",-4.19790018785,-0.668311587565,108,2.7496,-1352.8172333,3.1577,1.23333333333
/home/ccollins/allmols/4/opt/b3lyp/b3lyp/13fi13hf6ae-4el-.log,13fi13hf6ae-4el-,---,[],"td b3lyp/6-31g(d,p)",-5.26050472752,-1.76982840616,121,6.0375,-1576.7741968,3.1812,1.63333333333
/home/ccollins/allmols/4/opt/b3lyp/b3lyp/6dh4ii-6ll6ad.log,6dh4ii-6ll6ad,---,[],"td B3LYP/6-31g(d,p)",-5.98677656271,-1.89472865807,121,8.2737,-1521.0877692,3.6611,1.96666666667
/home/ccollins/allmols/4/opt/b3lyp/b3lyp/6ll13al-12if13de.log,6ll13al-12if13de,---,[],"td B3LYP/6-31g(d,p)",-4.60117289663,-1.49989147828,116,9.4692,-1521.6342698,2.8209,1.48333333333
/home/ccollins/allmols/4/opt/b3lyp/b3lyp/13fi13he13ie-12el-.log,13fi13he13ie-12el-,---,[],"td B3LYP/6-31g(d,p)",-4.45314296844,-1.2109065817,111,0.8266,-1409.1587303,2.9089,1.33333333333
/home/ccollins/allmols/4/opt/b3lyp/b3lyp/6ld13ia6ad-13he.log,6ld13ia6ad-13he,---,[],"td B3LYP/6-31g(d,p)",-5.17125138847,-1.9450697182,109,5.7832,-1383.2209178,2.8388,1.13333333333
/home/ccollins/allmols/4/opt/b3lyp/b3lyp/13ii4hh13il12ii-.log,13ii4hh13il12ii-,---,[],"td B3LYP/6-31g(d,p)",-4.35545410039,-0.550486295457,108,3.7130,-1300.9072404,3.4044,1.55
/home/ccollins/allmols/4/opt/b3lyp/b3lyp/4ie12ef-6ih4la.log,4ie12ef-6ih4la,---,[],"td b3lyp/6-31g(d,p)",-5.07846056951,-1.42723708338,114,2.6215,-1415.2857834,3.2415,1.61666666667
/home/ccollins/allmols/4/opt/b3lyp/b3lyp/12af12id-13fe4fd-.log,12af12id-13fe4fd-,---,[],"td B3LYP/6-31g(d,p)",-5.1609110626,-1.76220921868,106,5.1040,-1424.5281717,3.0671,1.06666666667
/home/ccollins/allmols/4/opt/b3lyp/b3lyp/13fd13hf-6fe-6hd-.log,13fd13hf-6fe-6hd-,---,[],"td B3LYP/6-31g(d,p)",-5.2920699328,-2.16384924443,113,5.6282,-1510.3872372,2.8034,1.21666666667
/home/ccollins/allmols/4/opt/b3lyp/b3lyp/4hh12fh13dd-6if.log,4hh12fh13dd-6if,---,[],"td B3LYP/6-31g(d,p)",-4.9655333265,-1.68955482377,111,8.3594,-1457.5024678,2.8658,1.2
/home/ccollins/allmols/4/opt/b3lyp/b3lyp/4ea4ed-13ai-13de.log,4ea4ed-13ai-13de,---,[],"td B3LYP/6-31g(d,p)",-5.46159685424,-2.31868201858,109,6.2868,-1333.5396296,2.7532,1.35
/home/ccollins/allmols/4/opt/b3lyp/b3lyp/6hf4dl-12li4fi.log,6hf4dl-12li4fi,---,[],"td B3LYP/6-31g(d,p)",-5.1489380537,-1.52927977285,120,6.6885,-1544.9835482,3.2586,1.7
/home/ccollins/allmols/4/opt/b3lyp/b3lyp/4la6ie-6ld-12af-.log,4la6ie-6ld-12af-,---,[],"td B3LYP/6-31g(d,p)",-5.63683816629,-1.75703905574,114,5.6373,-1467.2686934,3.5780,1.66666666667
/home/ccollins/allmols/4/opt/b3lyp/b3lyp/4ld13if13al-13al-.log,4ld13if13al-13al-,---,[],"td B3LYP/6-31g(d,p)",-4.05912213017,-1.40193049639,110,4.9078,-1409.5659657,2.3283,1.15
/home/ccollins/allmols/4/opt/b3lyp/b3lyp/12ad12il4aa-4ia-.log,12ad12il4aa-4ia-,---,[],"td B3LYP/6-31g(d,p)",-5.35520034335,-1.68356831932,97,2.2282,-1206.4004553,3.3830,1.1
/home/ccollins/allmols/4/opt/b3lyp/b3lyp/6ee4ih13fa-4ld-.log,6ee4ih13fa-4ld-,---,[],"td B3LYP/6-31g(d,p)",-4.84417055449,-1.69336441751,116,4.5241,-1448.3488084,2.7354,1.45
/home/ccollins/allmols/4/opt/b3lyp/b3lyp/6ei4fe-12hh-6hl-.log,6ei4fe-12hh-6hl-,---,[],"td B3LYP/6-31g(d,p)",-4.60090078279,-1.2955339855,118,5.9552,-1502.7190694,2.9153,1.55
/home/ccollins/allmols/4/opt/b3lyp/b3lyp/4ii4fl12da-6ei-.log,4ii4fl12da-6ei-,---,[],"td B3LYP/6-31g(d,p)",-5.68799556794,-1.78316198425,114,3.5116,-1415.3376485,3.4618,1.73333333333
/home/ccollins/allmols/4/opt/b3lyp/b3lyp/6la12ha13ff13ef-.log,6la12ha13ff13ef-,---,[],"td B3LYP/6-31g(d,p)",-4.38320971193,-1.1643751153,102,1.9258,-1366.8024916,2.9736,0.916666666667
/home/ccollins/allmols/4/opt/b3lyp/b3lyp/6fa4ef6fl-4fe-.log,6fa4ef6fl-4fe-,---,[],"td B3LYP/6-31g(d,p)",-5.28989302209,-1.6544521386,117,8.1346,-1525.2204729,3.2204,1.56666666667
/home/ccollins/allmols/4/opt/b3lyp/b3lyp/4il12di6he-6hd.log,4il12di6he-6hd,---,[],"td B3LYP/6-31g(d,p)",-5.56010206381,-1.96955996368,120,9.2300,-1519.8372163,3.1467,1.76666666667
/home/ccollins/allmols/4/opt/b3lyp/b3lyp/13hl6ff-6ld4ie.log,13hl6ff-6ld4ie,---,[],"td B3LYP/6-31g(d,p)",-5.23819139276,-1.60111782623,122,6.6827,-1577.987358,3.2194,1.68333333333
/home/ccollins/allmols/4/opt/b3lyp/b3lyp/13de13if-4de-4ef.log,13de13if-4de-4ef,---,[],"td B3LYP/6-31g(d,p)",-5.50268604386,-2.25555160803,117,7.8919,-1483.9666434,2.7788,1.66666666667
/home/ccollins/allmols/4/opt/b3lyp/b3lyp/4ha12hl6hl12df.log,4ha12hl6hl12df,---,[],"td B3LYP/6-31g(d,p)",-4.74784225563,-1.63622051141,113,6.1017,-1499.6139346,2.8031,1.3
/home/ccollins/allmols/4/opt/b3lyp/b3lyp/12de13hf6lf4lf-.log,12de13hf6lf4lf-,---,[],"td b3lyp/6-31g(d,p)",-4.88879722402,-1.6079206722,119,2.9074,-1595.6421837,2.9977,1.45
