/home/ccollins/allmols/H/opt/cam/b3lyp/121254-_TD.log,121254-,---,[],"td B3LYP/6-31g(d,p)",-4.89070202089,-1.38614789375,76,1.0660,-1241.754364,3.2576,0.416666666667
/home/ccollins/allmols/H/opt/cam/b3lyp/812-8_TD.log,812-8,---,[],"td B3LYP/6-31g(d,p)",-6.65291123956,-3.02345686052,58,1.6972,-820.3002331,2.1996,0.133333333333
/home/ccollins/allmols/H/opt/cam/b3lyp/545-5-_TD.log,545-5-,---,[],"td B3LYP/6-31g(d,p)",-5.29941700644,-1.53091245588,84,0.5221,-1887.7072744,3.4482,0.516666666667
/home/ccollins/allmols/H/opt/cam/b3lyp/812-5-8-_TD.log,812-5-8-,---,[],"td B3LYP/6-31g(d,p)",-6.09507787046,-2.87651538768,79,3.1004,-1372.1262532,2.2052,0.416666666667
/home/ccollins/allmols/H/opt/cam/b3lyp/12125_TD.log,12125,---,[],"td B3LYP/6-31g(d,p)",-4.97424096933,-1.15457901712,56,1.1469,-1010.6885787,3.6376,0.266666666667
/home/ccollins/allmols/H/opt/cam/b3lyp/413-55_TD.log,413-55,---,[],"td B3LYP/6-31g(d,p)",-4.90158657443,-1.27022739851,80,2.2287,-1544.8807658,3.3172,0.516666666667
/home/ccollins/allmols/H/opt/cam/b3lyp/854-8-_TD.log,854-8-,---,[],"td B3LYP/6-31g(d,p)",-6.30297284314,-2.91025750367,82,1.3176,-1374.3511509,2.1627,0.566666666667
/home/ccollins/allmols/H/opt/cam/b3lyp/513-13_TD.log,513-13,---,[],"td B3LYP/6-31g(d,p)",-4.59518639218,-0.755388015912,56,0.9531,-970.9850286,3.5984,0.216666666667
/home/ccollins/allmols/H/opt/cam/b3lyp/1213-8_TD.log,1213-8,---,[],"td B3LYP/6-31g(d,p)",-5.51057734518,-2.61909569638,55,3.1097,-734.1653795,2.2325,0.183333333333
/home/ccollins/allmols/H/opt/cam/b3lyp/128-54-_TD.log,128-54-,---,[],"td B3LYP/6-31g(d,p)",-5.8188823243,-2.53501252026,79,0.9100,-1308.0556544,2.2055,0.333333333333
/home/ccollins/allmols/H/opt/cam/b3lyp/1354_TD.log,1354,---,[],"td B3LYP/6-31g(d,p)",-4.930974869,-1.21145080938,59,0.8111,-993.0607876,3.5009,0.25
/home/ccollins/allmols/H/opt/cam/b3lyp/84-5_TD.log,84-5,---,[],"td B3LYP/6-31g(d,p)",-6.01589274344,-2.73256716707,62,2.5725,-1079.2123354,2.1618,0.216666666667
/home/ccollins/allmols/H/opt/cam/b3lyp/5124-_TD.log,5124-,---,[],"td B3LYP/6-31g(d,p)",-5.12852951581,-1.23594105485,59,0.9377,-1012.919496,3.6681,0.216666666667
/home/ccollins/allmols/H/opt/cam/b3lyp/5134-_TD.log,5134-,---,[],"td B3LYP/6-31g(d,p)",-4.99791487329,-0.89797566733,59,0.9515,-993.0645021,3.7993,0.266666666667
/home/ccollins/allmols/H/opt/cam/b3lyp/84-513-_TD.log,84-513-,---,[],"td B3LYP/6-31g(d,p)",-5.20118391071,-2.65637529227,79,4.4687,-1288.2002449,2.1617,0.416666666667
/home/ccollins/allmols/H/opt/cam/b3lyp/584-8-_TD.log,584-8-,---,[],"td B3LYP/6-31g(d,p)",-6.40583187413,-2.91161807286,82,2.4871,-1374.3568318,2.1596,0.4
/home/ccollins/allmols/H/opt/cam/b3lyp/131313-_TD.log,131313-,---,[],"td B3LYP/6-31g(d,p)",-4.53804248608,0.0146941472836,52,1.2518,-628.1531479,4.2379,0.266666666667
/home/ccollins/allmols/H/opt/cam/b3lyp/84-512-_TD.log,84-512-,---,[],"td B3LYP/6-31g(d,p)",-5.44799116231,-2.70998171847,79,3.1153,-1308.0526373,2.1625,0.35
/home/ccollins/allmols/H/opt/cam/b3lyp/84-55-_TD.log,84-55-,---,[],"td B3LYP/6-31g(d,p)",-5.52908108621,-2.72494797959,83,2.7996,-1631.0301893,2.1627,0.4
/home/ccollins/allmols/H/opt/cam/b3lyp/48-1212-_TD.log,48-1212-,---,[],"td B3LYP/6-31g(d,p)",-5.57642889412,-2.50589633953,75,1.3628,-985.0815434,2.1553,0.35
/home/ccollins/allmols/H/opt/cam/b3lyp/45-48-_TD.log,45-48-,---,[],"td B3LYP/6-31g(d,p)",-5.63983141851,-2.71678456443,82,3.0009,-1310.2775451,2.1622,0.466666666667
/home/ccollins/allmols/H/opt/cam/b3lyp/45-8-_TD.log,45-8-,---,[],"td B3LYP/6-31g(d,p)",-6.05643770538,-2.72059415817,62,2.8151,-1079.2135396,2.2144,0.216666666667
/home/ccollins/allmols/H/opt/cam/b3lyp/55-5_TD.log,55-5,---,[],"td B3LYP/6-31g(d,p)",-5.19302049555,-1.59921302936,64,0.6121,-1656.6438484,3.3771,0.283333333333
/home/ccollins/allmols/H/opt/cam/b3lyp/541313-_TD.log,541313-,---,[],"td B3LYP/6-31g(d,p)",-4.715188595,-1.07512177625,76,1.7307,-1202.0508995,3.3331,0.516666666667
/home/ccollins/allmols/H/opt/cam/b3lyp/1248-_TD.log,1248-,---,[],"td B3LYP/6-31g(d,p)",-5.88391753172,-2.69828082341,58,2.8775,-756.2367246,2.1607,0.216666666667
/home/ccollins/allmols/H/opt/cam/b3lyp/124-12_TD.log,124-12,---,[],"td B3LYP/6-31g(d,p)",-5.17968691746,-1.12056478729,55,0.8161,-689.9378985,3.8901,0.216666666667
/home/ccollins/allmols/H/opt/cam/b3lyp/44-13_TD.log,44-13,---,[],"td B3LYP/6-31g(d,p)",-5.17016293311,-0.821511678688,58,1.5236,-672.3079851,4.0274,0.316666666667
/home/ccollins/allmols/H/opt/cam/b3lyp/131285-_TD.log,131285-,---,[],"td B3LYP/6-31g(d,p)",-5.27601521632,-2.4958281275,76,1.4535,-1285.98589,2.2122,0.3
/home/ccollins/allmols/H/opt/cam/b3lyp/128-4-4_TD.log,128-4-4,---,[],"td B3LYP/6-31g(d,p)",-6.03738973668,-2.53991056935,78,0.6144,-987.301559,2.1520,0.466666666667
/home/ccollins/allmols/H/opt/cam/b3lyp/512-8-5_TD.log,512-8-5,---,[],"td B3LYP/6-31g(d,p)",-5.60445661949,-2.54453650461,80,1.1807,-1628.8124871,2.2075,0.266666666667
/home/ccollins/allmols/H/opt/cam/b3lyp/135-8-4-_TD.log,135-8-4-,---,[],"td B3LYP/6-31g(d,p)",-5.35982627861,-2.48113398022,79,2.8324,-1288.2088888,2.1653,0.4
/home/ccollins/allmols/H/opt/cam/b3lyp/412-5_TD.log,412-5,---,[],"td B3LYP/6-31g(d,p)",-5.14730537067,-1.23866219324,59,0.1408,-1012.919572,3.6748,0.25
/home/ccollins/allmols/H/opt/cam/b3lyp/48-12-_TD.log,48-12-,---,[],"td B3LYP/6-31g(d,p)",-6.1418814507,-2.56385658715,58,0.9035,-756.2375788,2.1505,0.233333333333
/home/ccollins/allmols/H/opt/cam/b3lyp/558-_TD.log,558-,---,[],"td B3LYP/6-31g(d,p)",-5.8760262304,-2.71596822292,63,3.2833,-1399.9648455,2.2173,0.166666666667
/home/ccollins/allmols/H/opt/cam/b3lyp/55-4-_TD.log,55-4-,---,[],"td B3LYP/6-31g(d,p)",-5.36526855538,-1.36682781121,63,0.3415,-1335.8918067,3.7118,0.25
/home/ccollins/allmols/H/opt/cam/b3lyp/1312-_TD.log,1312-,---,[],"td B3LYP/6-31g(d,p)",-4.97015926175,-0.140954968387,35,2.0479,-439.0170806,4.6829,0.1
/home/ccollins/allmols/H/opt/cam/b3lyp/134-8_TD.log,134-8,---,[],"td B3LYP/6-31g(d,p)",-5.5424146643,-2.64140903114,58,3.0897,-736.3836381,2.1617,0.233333333333
/home/ccollins/allmols/H/opt/cam/b3lyp/51313_TD.log,51313,---,[],"td B3LYP/6-31g(d,p)",-4.75736623998,-0.71538728164,56,1.8479,-970.9837265,3.7266,0.216666666667
/home/ccollins/allmols/H/opt/cam/b3lyp/128-_TD.log,128-,---,[],"td B3LYP/6-31g(d,p)",-6.37780414875,-2.73610464697,38,2.2857,-525.1655583,2.2017,0.05
/home/ccollins/allmols/H/opt/cam/b3lyp/1285_TD.log,1285,---,[],"td B3LYP/6-31g(d,p)",-6.1108604731,-2.58290455585,59,1.1526,-1076.9897917,2.2047,0.183333333333
/home/ccollins/allmols/H/opt/cam/b3lyp/1212-5_TD.log,1212-5,---,[],"td B3LYP/6-31g(d,p)",-5.01614650047,-1.18287885633,56,0.7254,-1010.691622,3.6280,0.183333333333
/home/ccollins/allmols/H/opt/cam/b3lyp/85-_TD.log,85-,---,[],"td B3LYP/6-31g(d,p)",-6.44175090082,-2.79352066691,42,1.9957,-848.1481805,2.2126,0.0666666666667
/home/ccollins/allmols/H/opt/cam/b3lyp/812-_TD.log,812-,---,[],"td B3LYP/6-31g(d,p)",-6.37780414875,-2.73610464697,38,2.2857,-525.1655585,2.2017,0.05
/home/ccollins/allmols/H/opt/cam/b3lyp/121313-8_TD.log,121313-8,---,[],"td B3LYP/6-31g(d,p)",-4.96145161892,-2.52222316984,72,3.9631,-943.1578133,1.9502,0.35
/home/ccollins/allmols/H/opt/cam/b3lyp/854-_TD.log,854-,---,[],"td B3LYP/6-31g(d,p)",-6.05643770538,-2.72059415817,62,2.8152,-1079.2135397,2.2144,0.216666666667
/home/ccollins/allmols/H/opt/cam/b3lyp/813-8-_TD.log,813-8-,---,[],"td B3LYP/6-31g(d,p)",-6.545970501,-2.99542913514,58,0.2289,-800.4658798,2.2237,0.183333333333
/home/ccollins/allmols/H/opt/cam/b3lyp/12413-4-_TD.log,12413-4-,---,[],"td B3LYP/6-31g(d,p)",-4.89832120837,-1.09879568021,75,1.6290,-901.1530886,3.5064,0.65
/home/ccollins/allmols/H/opt/cam/b3lyp/1213-4_TD.log,1213-4,---,[],"td B3LYP/6-31g(d,p)",-4.83736770852,-0.812804035853,55,1.6413,-670.0850366,3.8098,0.25
/home/ccollins/allmols/H/opt/cam/b3lyp/45-5-_TD.log,45-5-,---,[],"td B3LYP/6-31g(d,p)",-5.25342976772,-1.51023180415,63,1.0692,-1335.8896323,3.5142,0.266666666667
/home/ccollins/allmols/H/opt/cam/b3lyp/1213_TD.log,1213,---,[],"td B3LYP/6-31g(d,p)",-4.95247186225,-0.157009684863,35,1.2661,-439.0193196,4.6576,0.0666666666667
/home/ccollins/allmols/H/opt/cam/b3lyp/121213_TD.log,121213,---,[],"td B3LYP/6-31g(d,p)",-4.71355591197,-0.770082163195,52,1.2992,-667.8604704,3.7607,0.216666666667
/home/ccollins/allmols/H/opt/cam/b3lyp/54-13-8-_TD.log,54-13-8-,---,[],"td B3LYP/6-31g(d,p)",-5.45071230069,-2.62644277002,79,3.1636,-1288.2078305,2.2322,0.383333333333
/home/ccollins/allmols/H/opt/cam/b3lyp/1213-13-_TD.log,1213-13-,---,[],"td B3LYP/6-31g(d,p)",-4.51191955758,-0.459056045693,52,3.0815,-648.0023769,3.8788,0.2
/home/ccollins/allmols/H/opt/cam/b3lyp/134-412-_TD.log,134-412-,---,[],"td B3LYP/6-31g(d,p)",-5.07818845567,-1.11240137214,75,1.7672,-901.1480784,3.6457,0.55
/home/ccollins/allmols/H/opt/cam/b3lyp/488-12-_TD.log,488-12-,---,[],"td B3LYP/6-31g(d,p)",-6.13399014938,-2.95896588077,78,1.0188,-1051.3625984,1.9573,0.333333333333
/home/ccollins/allmols/H/opt/cam/b3lyp/13413_TD.log,13413,---,[],"td B3LYP/6-31g(d,p)",-4.77178827343,-0.738244844081,55,2.9674,-650.2294157,3.8431,0.266666666667
/home/ccollins/allmols/H/opt/cam/b3lyp/124-85_TD.log,124-85,---,[],"td B3LYP/6-31g(d,p)",-5.71112524422,-2.56086333492,79,1.2571,-1308.0609081,2.1638,0.316666666667
/home/ccollins/allmols/H/opt/cam/b3lyp/88-1312-_TD.log,88-1312-,---,[],"td B3LYP/6-31g(d,p)",-5.71928865938,-3.01991938062,75,4.7155,-1029.2903359,1.9919,0.316666666667
/home/ccollins/allmols/H/opt/cam/b3lyp/12812-12-_TD.log,12812-12-,---,[],"td B3LYP/6-31g(d,p)",-5.49261783184,-2.43650731069,72,1.3653,-982.8477695,2.1948,0.3
/home/ccollins/allmols/H/opt/cam/b3lyp/813-_TD.log,813-,---,[],"td B3LYP/6-31g(d,p)",-6.16773226537,-2.6460349664,38,2.3866,-505.3239369,2.2279,0.0666666666667
/home/ccollins/allmols/H/opt/cam/b3lyp/58-8-13-_TD.log,58-8-13-,---,[],"td B3LYP/6-31g(d,p)",-6.10242494411,-2.88903262426,79,2.1192,-1352.2740285,1.9960,0.3
/home/ccollins/allmols/H/opt/cam/b3lyp/138_TD.log,138,---,[],"td B3LYP/6-31g(d,p)",-6.16718803769,-2.64549073872,38,2.3883,-505.3239369,2.2275,0.0666666666667
/home/ccollins/allmols/H/opt/cam/b3lyp/488_TD.log,488,---,[],"td B3LYP/6-31g(d,p)",-6.37753203491,-3.21475288904,61,2.3774,-822.5192096,1.9570,0.216666666667
/home/ccollins/allmols/H/opt/cam/b3lyp/88-8_TD.log,88-8,---,[],"td B3LYP/6-31g(d,p)",-6.69427254303,-3.73884414216,61,0.0001,-886.566574,1.8762,0.166666666667
/home/ccollins/allmols/H/opt/cam/b3lyp/135-8-_TD.log,135-8-,---,[],"td B3LYP/6-31g(d,p)",-5.49152937648,-2.61120439506,59,4.1769,-1057.1371603,2.2170,0.166666666667
/home/ccollins/allmols/H/opt/cam/b3lyp/54-_TD.log,54-,---,[],"td B3LYP/6-31g(d,p)",-5.79439207883,-0.888995910657,42,0.5867,-784.0740384,4.5981,0.116666666667
/home/ccollins/allmols/H/opt/cam/b3lyp/54-4-12_TD.log,54-4-12,---,[],"td B3LYP/6-31g(d,p)",-5.34622058668,-1.30777910824,79,1.1033,-1243.9779434,3.7162,0.6
/home/ccollins/allmols/H/opt/cam/b3lyp/81312-_TD.log,81312-,---,[],"td B3LYP/6-31g(d,p)",-5.51112157286,-2.62018415173,55,3.1078,-734.1653802,2.2326,0.183333333333
/home/ccollins/allmols/H/opt/cam/b3lyp/131212-_TD.log,131212-,---,[],"td B3LYP/6-31g(d,p)",-4.74076729583,-0.782055172093,52,1.4875,-667.8625091,3.7707,0.216666666667
/home/ccollins/allmols/H/opt/cam/b3lyp/1213-134-_TD.log,1213-134-,---,[],"td B3LYP/6-31g(d,p)",-4.50865419151,-0.824504930912,72,0.5944,-879.0746795,3.4154,0.383333333333
/home/ccollins/allmols/H/opt/cam/b3lyp/413-_TD.log,413-,---,[],"td B3LYP/6-31g(d,p)",-5.17696577908,-0.437014824767,38,1.4972,-441.2434981,4.5223,0.1
/home/ccollins/allmols/H/opt/cam/b3lyp/813-12-_TD.log,813-12-,---,[],"td B3LYP/6-31g(d,p)",-5.49343417335,-2.57446902685,55,3.3368,-734.1669874,2.2302,0.183333333333
/home/ccollins/allmols/H/opt/cam/b3lyp/54-4-5-_TD.log,54-4-5-,---,[],"td B3LYP/6-31g(d,p)",-5.48445441668,-1.36002496525,83,0.3733,-1566.9542566,3.7675,0.616666666667
/home/ccollins/allmols/H/opt/cam/b3lyp/44_TD.log,44,---,[],"td B3LYP/6-31g(d,p)",-6.08718656914,-0.634297357741,41,0.0001,-463.3215106,5.0840,0.116666666667
/home/ccollins/allmols/H/opt/cam/b3lyp/812-12-_TD.log,812-12-,---,[],"td B3LYP/6-31g(d,p)",-5.72990109908,-2.61338130577,55,3.5028,-754.0061759,2.2041,0.15
/home/ccollins/allmols/H/opt/cam/b3lyp/45-13-_TD.log,45-13-,---,[],"td B3LYP/6-31g(d,p)",-4.93070275516,-1.21145080938,59,0.8111,-993.0607877,3.5009,0.25
/home/ccollins/allmols/H/opt/cam/b3lyp/5812-8_TD.log,5812-8,---,[],"td B3LYP/6-31g(d,p)",-6.36691959521,-2.8963796979,79,2.1616,-1372.1254067,2.2002,0.283333333333
/home/ccollins/allmols/H/opt/cam/b3lyp/84812-_TD.log,84812-,---,[],"td B3LYP/6-31g(d,p)",-6.34623894348,-2.89583547022,78,2.8274,-1051.3742668,2.1532,0.316666666667
/home/ccollins/allmols/H/opt/cam/b3lyp/13134_TD.log,13134,---,[],"td B3LYP/6-31g(d,p)",-4.79845542961,-0.504771170575,55,2.4375,-650.230992,3.9431,0.3
/home/ccollins/allmols/H/opt/cam/b3lyp/124-8-_TD.log,124-8-,---,[],"td B3LYP/6-31g(d,p)",-5.88391753172,-2.69828082341,58,2.8775,-756.2367246,2.1607,0.216666666667
/home/ccollins/allmols/H/opt/cam/b3lyp/12124-4_TD.log,12124-4,---,[],"td B3LYP/6-31g(d,p)",-5.01669072815,-1.22206324908,75,0.9979,-921.0021507,3.5323,0.45
/home/ccollins/allmols/H/opt/cam/b3lyp/4413-_TD.log,4413-,---,[],"td B3LYP/6-31g(d,p)",-5.16961870544,-0.822055906365,58,1.5231,-672.307988,4.0270,0.316666666667
/home/ccollins/allmols/H/opt/cam/b3lyp/51312-_TD.log,51312-,---,[],"td B3LYP/6-31g(d,p)",-4.77668632252,-0.95947339485,56,1.1767,-990.8369381,3.6277,0.2
/home/ccollins/allmols/H/opt/cam/b3lyp/445-8-_TD.log,445-8-,---,[],"td B3LYP/6-31g(d,p)",-5.92065289993,-2.70889326311,82,3.1507,-1310.2780161,2.2136,0.45
/home/ccollins/allmols/H/opt/cam/b3lyp/812-12-5_TD.log,812-12-5,---,[],"td B3LYP/6-31g(d,p)",-5.33914562687,-2.61310919193,76,2.8112,-1305.8288068,2.2064,0.283333333333
/home/ccollins/allmols/H/opt/cam/b3lyp/121312-_TD.log,121312-,---,[],"td B3LYP/6-31g(d,p)",-4.70539249681,-0.652256871088,52,1.5671,-667.8609013,3.8878,0.25
/home/ccollins/allmols/H/opt/cam/b3lyp/55-13_TD.log,55-13,---,[],"td B3LYP/6-31g(d,p)",-4.89668852534,-1.29172439176,60,1.6118,-1313.8133888,3.3829,0.216666666667
/home/ccollins/allmols/H/opt/cam/b3lyp/48_TD.log,48,---,[],"td B3LYP/6-31g(d,p)",-6.37562723804,-2.78454091024,41,1.5795,-527.3959406,2.1580,0.0833333333333
/home/ccollins/allmols/H/opt/cam/b3lyp/581313-_TD.log,581313-,---,[],"td B3LYP/6-31g(d,p)",-5.09315471679,-2.43133714776,76,2.0785,-1266.1378971,2.1193,0.35
/home/ccollins/allmols/H/opt/cam/b3lyp/1213-13_TD.log,1213-13,---,[],"td B3LYP/6-31g(d,p)",-4.53423289234,-0.413068806972,52,0.6176,-648.0066535,3.9148,0.183333333333
/home/ccollins/allmols/H/opt/cam/b3lyp/54-4_TD.log,54-4,---,[],"td B3LYP/6-31g(d,p)",-5.63085166184,-1.14478291893,62,0.5804,-1015.1379094,4.1538,0.383333333333
/home/ccollins/allmols/H/opt/cam/b3lyp/54_TD.log,54,---,[],"td B3LYP/6-31g(d,p)",-5.70132914603,-1.02859030985,42,0.5996,-784.0733742,4.4214,0.116666666667
/home/ccollins/allmols/H/opt/cam/b3lyp/512_TD.log,512,---,[],"td B3LYP/6-31g(d,p)",-5.38812611782,-0.896615098137,39,1.0076,-781.8481779,4.3333,0.0666666666667
/home/ccollins/allmols/H/opt/cam/b3lyp/134-13-_TD.log,134-13-,---,[],"td B3LYP/6-31g(d,p)",-4.88145015037,-0.64218865906,55,1.6187,-650.2307129,3.9682,0.266666666667
/home/ccollins/allmols/H/opt/cam/b3lyp/512-12-_TD.log,512-12-,---,[],"td B3LYP/6-31g(d,p)",-4.991656255,-1.15757226934,56,0.7302,-1010.6889651,3.6411,0.183333333333
/home/ccollins/allmols/H/opt/cam/b3lyp/138-12_TD.log,138-12,---,[],"td B3LYP/6-31g(d,p)",-5.74731638475,-2.47242633738,55,0.9923,-734.1651337,2.2202,0.183333333333
/home/ccollins/allmols/H/opt/cam/b3lyp/121312_TD.log,121312,---,[],"td B3LYP/6-31g(d,p)",-4.67845322679,-0.631304105517,52,0.7729,-667.8626918,3.8889,0.216666666667
/home/ccollins/allmols/H/opt/cam/b3lyp/41213-5_TD.log,41213-5,---,[],"td B3LYP/6-31g(d,p)",-4.71790973339,-1.17253853046,76,2.1835,-1221.9083431,3.2811,0.416666666667
/home/ccollins/allmols/H/opt/cam/b3lyp/125-124_TD.log,125-124,---,[],"td B3LYP/6-31g(d,p)",-4.92634893374,-1.48655790019,76,0.4133,-1241.7597856,3.2056,0.483333333333
/home/ccollins/allmols/H/opt/cam/b3lyp/1244-4-_TD.log,1244-4-,---,[],"td B3LYP/6-31g(d,p)",-5.37343197054,-1.18587210855,78,0.5961,-923.2252275,3.8708,0.65
/home/ccollins/allmols/H/opt/cam/b3lyp/1288-_TD.log,1288-,---,[],"td B3LYP/6-31g(d,p)",-6.35848406621,-3.16713296729,58,3.2111,-820.2891334,1.9790,0.166666666667
/home/ccollins/allmols/H/opt/cam/b3lyp/128-12-_TD.log,128-12-,---,[],"td B3LYP/6-31g(d,p)",-6.045281038,-2.52412796671,55,0.0002,-754.0071897,2.1926,0.166666666667
/home/ccollins/allmols/H/opt/cam/b3lyp/48-513_TD.log,48-513,---,[],"td B3LYP/6-31g(d,p)",-5.35520034335,-2.50344731498,79,1.5449,-1288.2094097,2.1683,0.383333333333
/home/ccollins/allmols/H/opt/cam/b3lyp/1312-8-_TD.log,1312-8-,---,[],"td B3LYP/6-31g(d,p)",-5.4373787226,-2.53555674793,55,4.4609,-734.1581839,2.2068,0.166666666667
/home/ccollins/allmols/H/opt/cam/b3lyp/135-13-12-_TD.log,135-13-12-,---,[],"td B3LYP/6-31g(d,p)",-4.49259947504,-1.09389763111,73,1.0936,-1199.8263129,3.1833,0.35
/home/ccollins/allmols/H/opt/cam/b3lyp/455-_TD.log,455-,---,[],"td B3LYP/6-31g(d,p)",-5.27220562258,-1.51213660102,63,0.0682,-1335.891175,3.5197,0.233333333333
/home/ccollins/allmols/H/opt/cam/b3lyp/5512_TD.log,5512,---,[],"td B3LYP/6-31g(d,p)",-5.07818845567,-1.44764562127,60,1.3663,-1333.6644363,3.4540,0.183333333333
/home/ccollins/allmols/H/opt/cam/b3lyp/4445-_TD.log,4445-,---,[],"td B3LYP/6-31g(d,p)",-5.54568003036,-1.24736983607,82,0.5851,-1246.2015731,3.9314,0.716666666667
/home/ccollins/allmols/H/opt/cam/b3lyp/48-44-_TD.log,48-44-,---,[],"td B3LYP/6-31g(d,p)",-6.1073229932,-2.5769180514,81,0.5326,-989.5319606,2.1108,0.55
/home/ccollins/allmols/H/opt/cam/b3lyp/125-13-_TD.log,125-13-,---,[],"td B3LYP/6-31g(d,p)",-4.82430624427,-1.12900031629,56,1.3604,-990.8354863,3.5228,0.2
/home/ccollins/allmols/H/opt/cam/b3lyp/84-_TD.log,84-,---,[],"td B3LYP/6-31g(d,p)",-6.37562723804,-2.78454091024,41,1.5796,-527.3959407,2.1580,0.0833333333333
/home/ccollins/allmols/H/opt/cam/b3lyp/412-13_TD.log,412-13,---,[],"td B3LYP/6-31g(d,p)",-4.82974852104,-0.847634607192,55,2.1604,-670.0884457,3.7275,0.25
/home/ccollins/allmols/H/opt/cam/b3lyp/85-13_TD.log,85-13,---,[],"td B3LYP/6-31g(d,p)",-5.49152937648,-2.61120439506,59,4.1768,-1057.1371604,2.2170,0.166666666667
/home/ccollins/allmols/H/opt/cam/b3lyp/8454-_TD.log,8454-,---,[],"td B3LYP/6-31g(d,p)",-5.63983141851,-2.71678456443,82,3.0009,-1310.2775454,2.1622,0.416666666667
/home/ccollins/allmols/H/opt/cam/b3lyp/45_TD.log,45,---,[],"td B3LYP/6-31g(d,p)",-5.79466419267,-0.888723796818,42,0.5867,-784.074038,4.5984,0.1
/home/ccollins/allmols/H/opt/cam/b3lyp/88-4-8_TD.log,88-4-8,---,[],"td B3LYP/6-31g(d,p)",-6.54379359029,-3.36577606946,81,0.7293,-1117.6547373,1.9600,0.483333333333
/home/ccollins/allmols/H/opt/cam/b3lyp/513-_TD.log,513-,---,[],"td B3LYP/6-31g(d,p)",-5.07465097577,-0.616609958233,39,2.0984,-761.995372,4.2403,0.0833333333333
/home/ccollins/allmols/H/opt/cam/b3lyp/1212-413_TD.log,1212-413,---,[],"td B3LYP/6-31g(d,p)",-4.78757087606,-1.17580389653,72,1.3630,-898.9271318,3.3802,0.45
/home/ccollins/allmols/H/opt/cam/b3lyp/513-13-_TD.log,513-13-,---,[],"td B3LYP/6-31g(d,p)",-4.76362485827,-0.706679638805,56,2.7775,-970.9834755,3.7447,0.216666666667
/home/ccollins/allmols/H/opt/cam/b3lyp/1213-13-5_TD.log,1213-13-5,---,[],"td B3LYP/6-31g(d,p)",-4.63219387423,-0.882193064692,73,2.7324,-1199.8251253,3.4192,0.416666666667
/home/ccollins/allmols/H/opt/cam/b3lyp/513-48_TD.log,513-48,---,[],"td B3LYP/6-31g(d,p)",-5.20608195981,-2.66834830116,79,2.9351,-1288.2032691,2.1348,0.416666666667
/home/ccollins/allmols/H/opt/cam/b3lyp/58-4_TD.log,58-4,---,[],"td B3LYP/6-31g(d,p)",-6.20637243044,-2.62154472093,62,0.6247,-1079.2201968,2.1612,0.216666666667
/home/ccollins/allmols/H/opt/cam/b3lyp/413-12_TD.log,413-12,---,[],"td B3LYP/6-31g(d,p)",-4.83736770852,-0.812804035853,55,1.6413,-670.0850363,3.8099,0.266666666667
/home/ccollins/allmols/H/opt/cam/b3lyp/84-8_TD.log,84-8,---,[],"td B3LYP/6-31g(d,p)",-6.58352221072,-3.03243661719,61,0.0001,-822.5319616,2.1598,0.216666666667
/home/ccollins/allmols/H/opt/cam/b3lyp/13131312_TD.log,13131312,---,[],"td B3LYP/6-31g(d,p)",-4.53069541244,-0.46912425772,69,2.7754,-856.9933577,3.7295,0.383333333333
/home/ccollins/allmols/H/opt/cam/b3lyp/8513-_TD.log,8513-,---,[],"td B3LYP/6-31g(d,p)",-5.49152937648,-2.61120439506,59,4.1768,-1057.1371604,2.2170,0.183333333333
/home/ccollins/allmols/H/opt/cam/b3lyp/5513-_TD.log,5513-,---,[],"td B3LYP/6-31g(d,p)",-4.87655210128,-1.29063593641,60,2.5734,-1313.8117071,3.3768,0.216666666667
/home/ccollins/allmols/H/opt/cam/b3lyp/4128_TD.log,4128,---,[],"td B3LYP/6-31g(d,p)",-5.96527956946,-2.66263391055,58,2.7514,-756.2375241,2.2065,0.233333333333
/home/ccollins/allmols/H/opt/cam/b3lyp/513_TD.log,513,---,[],"td B3LYP/6-31g(d,p)",-5.06131739768,-0.640828089867,39,0.9265,-761.995343,4.2320,0.0833333333333
/home/ccollins/allmols/H/opt/cam/b3lyp/8135_TD.log,8135,---,[],"td B3LYP/6-31g(d,p)",-5.5734356419,-2.61800724103,59,3.1165,-1057.1431946,2.2325,0.166666666667
/home/ccollins/allmols/H/opt/cam/b3lyp/512-12_TD.log,512-12,---,[],"td B3LYP/6-31g(d,p)",-5.0156022728,-1.18260674249,56,0.7249,-1010.6916206,3.6278,0.183333333333
/home/ccollins/allmols/H/opt/cam/b3lyp/1388_TD.log,1388,---,[],"td B3LYP/6-31g(d,p)",-6.2871902405,-3.08304979117,58,3.4937,-800.4484148,1.9905,0.166666666667
/home/ccollins/allmols/H/opt/cam/b3lyp/1212128-_TD.log,1212128-,---,[],"td B3LYP/6-31g(d,p)",-5.26186529672,-2.55650951351,72,3.9566,-982.8465127,2.2038,0.266666666667
/home/ccollins/allmols/H/opt/cam/b3lyp/512-12-4-_TD.log,512-12-4-,---,[],"td B3LYP/6-31g(d,p)",-4.87464730441,-1.36056919292,76,0.5129,-1241.7604707,3.2474,0.35
/home/ccollins/allmols/H/opt/cam/b3lyp/125-135-_TD.log,125-135-,---,[],"td B3LYP/6-31g(d,p)",-4.72825005925,-1.36655569737,77,1.7403,-1542.6555459,3.1320,0.416666666667
/home/ccollins/allmols/H/opt/cam/b3lyp/13512-_TD.log,13512-,---,[],"td B3LYP/6-31g(d,p)",-4.82430624427,-1.12900031629,56,1.3604,-990.8354863,3.5229,0.2
/home/ccollins/allmols/H/opt/cam/b3lyp/48-4_TD.log,48-4,---,[],"td B3LYP/6-31g(d,p)",-6.13399014938,-2.6030409799,61,0.0001,-758.4680106,2.1095,0.416666666667
/home/ccollins/allmols/H/opt/cam/b3lyp/135-_TD.log,135-,---,[],"td B3LYP/6-31g(d,p)",-5.07465097577,-0.616609958233,39,2.0984,-761.995372,4.2403,0.0833333333333
/home/ccollins/allmols/H/opt/cam/b3lyp/51212-_TD.log,51212-,---,[],"td B3LYP/6-31g(d,p)",-4.99682641793,-1.1812461733,56,0.3535,-1010.6915205,3.6209,0.183333333333
/home/ccollins/allmols/H/opt/cam/b3lyp/585-_TD.log,585-,---,[],"td B3LYP/6-31g(d,p)",-6.17671202204,-2.64168114498,63,0.0001,-1399.9723554,2.2138,0.183333333333
/home/ccollins/allmols/H/opt/cam/b3lyp/512-_TD.log,512-,---,[],"td B3LYP/6-31g(d,p)",-5.40118758207,-0.901241033393,39,0.2428,-781.8482919,4.3208,0.0666666666667
/home/ccollins/allmols/H/opt/cam/b3lyp/4124-_TD.log,4124-,---,[],"td B3LYP/6-31g(d,p)",-5.23057220528,-1.13362625154,58,0.4839,-692.1686901,3.8406,0.3
/home/ccollins/allmols/H/opt/cam/b3lyp/413-13-8_TD.log,413-13-8,---,[],"td B3LYP/6-31g(d,p)",-5.06403853607,-2.57093154695,75,3.1124,-945.3794711,1.9735,0.433333333333
/home/ccollins/allmols/H/opt/cam/b3lyp/58-58-_TD.log,58-58-,---,[],"td B3LYP/6-31g(d,p)",-6.4028386219,-2.94889766874,83,2.8007,-1695.1096025,2.2103,0.333333333333
/home/ccollins/allmols/H/opt/cam/b3lyp/45-8_TD.log,45-8,---,[],"td B3LYP/6-31g(d,p)",-6.05643770538,-2.72059415817,62,2.8151,-1079.2135396,2.2144,0.216666666667
/home/ccollins/allmols/H/opt/cam/b3lyp/1388-12-_TD.log,1388-12-,---,[],"td B3LYP/6-31g(d,p)",-6.06187998216,-2.85175302837,75,2.1998,-1029.2913536,1.9897,0.25
/home/ccollins/allmols/H/opt/cam/b3lyp/8813-5-_TD.log,8813-5-,---,[],"td B3LYP/6-31g(d,p)",-5.7758883378,-3.01447710384,79,4.9137,-1352.2681184,1.9918,0.266666666667
/home/ccollins/allmols/H/opt/cam/b3lyp/813_TD.log,813,---,[],"td B3LYP/6-31g(d,p)",-6.16773226537,-2.6460349664,38,2.3866,-505.3239369,2.2279,0.0666666666667
/home/ccollins/allmols/H/opt/cam/b3lyp/413_TD.log,413,---,[],"td B3LYP/6-31g(d,p)",-5.17696577908,-0.437014824767,38,1.4972,-441.243498,4.5223,0.1
/home/ccollins/allmols/H/opt/cam/b3lyp/58-12_TD.log,58-12,---,[],"td B3LYP/6-31g(d,p)",-6.1108604731,-2.58290455585,59,1.1524,-1076.9897917,2.2047,0.166666666667
/home/ccollins/allmols/H/opt/cam/b3lyp/134-5-_TD.log,134-5-,---,[],"td B3LYP/6-31g(d,p)",-5.02403780179,-1.15757226934,59,2.0740,-993.0596787,3.6534,0.25
/home/ccollins/allmols/H/opt/cam/b3lyp/44-8-_TD.log,44-8-,---,[],"td B3LYP/6-31g(d,p)",-6.33127268236,-2.74290749294,61,2.1928,-758.4599688,2.1594,0.3
/home/ccollins/allmols/H/opt/cam/b3lyp/45-_TD.log,45-,---,[],"td B3LYP/6-31g(d,p)",-5.70132914603,-1.02859030985,42,0.5996,-784.0733742,4.4214,0.116666666667
/home/ccollins/allmols/H/opt/cam/b3lyp/545-_TD.log,545-,---,[],"td B3LYP/6-31g(d,p)",-5.36635701073,-1.44982253198,63,0.0001,-1335.8895867,3.6921,0.233333333333
/home/ccollins/allmols/H/opt/cam/b3lyp/84-13-_TD.log,84-13-,---,[],"td B3LYP/6-31g(d,p)",-5.54214255046,-2.64140903114,58,3.0887,-736.3836386,2.1622,0.233333333333
/home/ccollins/allmols/H/opt/cam/b3lyp/858-_TD.log,858-,---,[],"td B3LYP/6-31g(d,p)",-6.67794571271,-3.07053255459,62,1.0793,-1143.2847166,2.2096,0.15
/home/ccollins/allmols/H/opt/cam/b3lyp/1312-12_TD.log,1312-12,---,[],"td B3LYP/6-31g(d,p)",-4.73015485612,-0.721373786089,52,1.5676,-667.8604313,3.8050,0.233333333333
/home/ccollins/allmols/H/opt/cam/b3lyp/1313_TD.log,1313,---,[],"td B3LYP/6-31g(d,p)",-4.64824859071,0.274290749294,35,3.1355,-419.1604715,4.7867,0.0833333333333
/home/ccollins/allmols/H/opt/cam/b3lyp/58-48_TD.log,58-48,---,[],"td B3LYP/6-31g(d,p)",-6.40447130493,-2.91134595902,82,2.4876,-1374.3568296,2.1597,0.4
/home/ccollins/allmols/H/opt/cam/b3lyp/85-5_TD.log,85-5,---,[],"td B3LYP/6-31g(d,p)",-5.89044826385,-2.73093448404,63,2.7350,-1399.9663557,2.2171,0.166666666667
/home/ccollins/allmols/H/opt/cam/b3lyp/512138_TD.log,512138,---,[],"td B3LYP/6-31g(d,p)",-5.19519740626,-2.56222390412,76,3.8578,-1285.9889897,2.1201,0.316666666667
/home/ccollins/allmols/H/opt/cam/b3lyp/558-5-_TD.log,558-5-,---,[],"td B3LYP/6-31g(d,p)",-5.66105629792,-2.59324488171,84,1.2217,-1951.7890065,2.2174,0.316666666667
/home/ccollins/allmols/H/opt/cam/b3lyp/13138-5-_TD.log,13138-5-,---,[],"td B3LYP/6-31g(d,p)",-5.19057147101,-2.48984162305,76,2.9656,-1266.1359071,2.1606,0.4
/home/ccollins/allmols/H/opt/cam/b3lyp/58-4-5_TD.log,58-4-5,---,[],"td B3LYP/6-31g(d,p)",-5.82378037339,-2.5924285402,83,1.1718,-1631.0365902,2.1644,0.383333333333
/home/ccollins/allmols/H/opt/cam/b3lyp/848-5-_TD.log,848-5-,---,[],"td B3LYP/6-31g(d,p)",-6.40474341877,-2.91134595902,82,2.4876,-1374.3568298,2.1597,0.4
/home/ccollins/allmols/H/opt/cam/b3lyp/135-5-13_TD.log,135-5-13,---,[],"td B3LYP/6-31g(d,p)",-4.59573061986,-1.37172586031,77,3.6360,-1522.7991674,3.0067,0.333333333333
/home/ccollins/allmols/H/opt/cam/b3lyp/1312-4-_TD.log,1312-4-,---,[],"td B3LYP/6-31g(d,p)",-4.82974852104,-0.847634607192,55,2.1604,-670.0884457,3.7275,0.25
/home/ccollins/allmols/H/opt/cam/b3lyp/84-4-8_TD.log,84-4-8,---,[],"td B3LYP/6-31g(d,p)",-6.47059496771,-2.87950863991,81,0.0002,-1053.5975725,2.1602,0.466666666667
/home/ccollins/allmols/H/opt/cam/b3lyp/4555-_TD.log,4555-,---,[],"td B3LYP/6-31g(d,p)",-5.18159171433,-1.58996115885,84,0.4754,-1887.7086198,3.2873,0.45
/home/ccollins/allmols/H/opt/cam/b3lyp/88-5-12-_TD.log,88-5-12-,---,[],"td B3LYP/6-31g(d,p)",-5.94840851147,-3.07787962823,79,4.9967,-1372.112979,1.9856,0.25
/home/ccollins/allmols/H/opt/cam/b3lyp/48-1212_TD.log,48-1212,---,[],"td B3LYP/6-31g(d,p)",-5.56309531603,-2.47242633738,75,1.9910,-985.0781447,2.1526,0.316666666667
/home/ccollins/allmols/H/opt/cam/b3lyp/54-55-_TD.log,54-55-,---,[],"td B3LYP/6-31g(d,p)",-5.13968618319,-1.71050758934,84,0.5797,-1887.7074575,3.1781,0.416666666667
/home/ccollins/allmols/H/opt/cam/b3lyp/12131313-_TD.log,12131313-,---,[],"td B3LYP/6-31g(d,p)",-4.45123817157,-0.459872387209,69,1.7718,-856.9962695,3.6628,0.433333333333
/home/ccollins/allmols/H/opt/cam/b3lyp/12513-_TD.log,12513-,---,[],"td B3LYP/6-31g(d,p)",-4.80607461709,-1.08382941908,56,2.3252,-990.8353941,3.5334,0.183333333333
/home/ccollins/allmols/H/opt/cam/b3lyp/848-8-_TD.log,848-8-,---,[],"td B3LYP/6-31g(d,p)",-6.54379359029,-3.36577606946,81,0.7292,-1117.6547373,1.9600,0.483333333333
/home/ccollins/allmols/H/opt/cam/b3lyp/512-5_TD.log,512-5,---,[],"td B3LYP/6-31g(d,p)",-5.07846056951,-1.32900398765,60,0.7019,-1333.6704304,3.5338,0.183333333333
/home/ccollins/allmols/H/opt/cam/b3lyp/513124_TD.log,513124,---,[],"td B3LYP/6-31g(d,p)",-4.68253493437,-1.19838934513,76,0.2255,-1221.9102856,3.2215,0.433333333333
/home/ccollins/allmols/H/opt/cam/b3lyp/48-_TD.log,48-,---,[],"td B3LYP/6-31g(d,p)",-6.37562723804,-2.78454091024,41,1.5795,-527.3959406,2.1580,0.0833333333333
/home/ccollins/allmols/H/opt/cam/b3lyp/55-_TD.log,55-,---,[],"td B3LYP/6-31g(d,p)",-5.52445515095,-1.17743657956,43,0.0003,-1104.8259296,4.1220,0.0666666666667
/home/ccollins/allmols/H/opt/cam/b3lyp/13812_TD.log,13812,---,[],"td B3LYP/6-31g(d,p)",-5.74731638475,-2.47242633738,55,0.9923,-734.1651337,2.2202,0.183333333333
/home/ccollins/allmols/H/opt/cam/b3lyp/55-8-_TD.log,55-8-,---,[],"td B3LYP/6-31g(d,p)",-5.89044826385,-2.73093448404,63,2.7350,-1399.9663557,2.2171,0.166666666667
/home/ccollins/allmols/H/opt/cam/b3lyp/4813-_TD.log,4813-,---,[],"td B3LYP/6-31g(d,p)",-5.88582232859,-2.51079438862,58,1.6295,-736.3954546,2.1742,0.25
/home/ccollins/allmols/H/opt/cam/b3lyp/41313_TD.log,41313,---,[],"td B3LYP/6-31g(d,p)",-4.77886323323,-0.549125726264,55,2.2469,-650.2318877,3.9049,0.3
/home/ccollins/allmols/H/opt/cam/b3lyp/48-13_TD.log,48-13,---,[],"td B3LYP/6-31g(d,p)",-5.88582232859,-2.51079438862,58,1.6294,-736.3954546,2.1742,0.25
/home/ccollins/allmols/H/opt/cam/b3lyp/138-5-4_TD.log,138-5-4,---,[],"td B3LYP/6-31g(d,p)",-5.61806231142,-2.49691658286,79,1.8605,-1288.2133495,2.2282,0.416666666667
/home/ccollins/allmols/H/opt/cam/b3lyp/84-13_TD.log,84-13,---,[],"td B3LYP/6-31g(d,p)",-5.5424146643,-2.64140903114,58,3.0889,-736.3836386,2.1621,0.233333333333
/home/ccollins/allmols/H/opt/cam/b3lyp/121213-_TD.log,121213-,---,[],"td B3LYP/6-31g(d,p)",-4.70294347226,-0.709672891029,52,2.1868,-667.8575312,3.7974,0.216666666667
/home/ccollins/allmols/H/opt/cam/b3lyp/138-1312_TD.log,138-1312,---,[],"td B3LYP/6-31g(d,p)",-5.16063894876,-2.39405755187,72,3.2009,-943.1653311,2.2340,0.4
/home/ccollins/allmols/H/opt/cam/b3lyp/58-5_TD.log,58-5,---,[],"td B3LYP/6-31g(d,p)",-6.17698413588,-2.64004846195,63,1.0283,-1399.9723494,2.2141,0.183333333333
/home/ccollins/allmols/H/opt/cam/b3lyp/5813-4-_TD.log,5813-4-,---,[],"td B3LYP/6-31g(d,p)",-5.47601888768,-2.5268491051,79,2.1735,-1288.2154083,2.2315,0.35
/home/ccollins/allmols/H/opt/cam/b3lyp/54812_TD.log,54812,---,[],"td B3LYP/6-31g(d,p)",-5.79330362347,-2.53501252026,79,1.1547,-1308.0539558,2.1540,0.4
/home/ccollins/allmols/H/opt/cam/b3lyp/813-5_TD.log,813-5,---,[],"td B3LYP/6-31g(d,p)",-5.59139515524,-2.64304171418,59,2.8886,-1057.1434567,2.2324,0.166666666667
/home/ccollins/allmols/H/opt/cam/b3lyp/1244-_TD.log,1244-,---,[],"td B3LYP/6-31g(d,p)",-5.42105189229,-1.03838640804,58,0.5868,-692.1614871,4.1238,0.316666666667
/home/ccollins/allmols/H/opt/cam/b3lyp/413-4-_TD.log,413-4-,---,[],"td B3LYP/6-31g(d,p)",-5.03927617675,-0.743142893175,58,1.2181,-672.3122775,3.9761,0.3
/home/ccollins/allmols/H/opt/cam/b3lyp/412812_TD.log,412812,---,[],"td B3LYP/6-31g(d,p)",-5.67194085146,-2.47841284183,75,0.7792,-985.079077,2.1974,0.366666666667
/home/ccollins/allmols/H/opt/cam/b3lyp/512-13-_TD.log,512-13-,---,[],"td B3LYP/6-31g(d,p)",-4.79328526667,-1.05444112452,56,1.3792,-990.8414018,3.5184,0.2
/home/ccollins/allmols/H/opt/cam/b3lyp/512-12-13-_TD.log,512-12-13-,---,[],"td B3LYP/6-31g(d,p)",-4.64743224919,-1.26206398336,73,0.6793,-1219.6827104,3.1276,0.366666666667
/home/ccollins/allmols/H/opt/cam/b3lyp/1313-13-_TD.log,1313-13-,---,[],"td B3LYP/6-31g(d,p)",-4.53831459992,0.0152383749608,52,1.2516,-628.1531452,4.2388,0.266666666667
/home/ccollins/allmols/H/opt/cam/b3lyp/84-4-_TD.log,84-4-,---,[],"td B3LYP/6-31g(d,p)",-6.33127268236,-2.74290749294,61,2.1927,-758.4599689,2.1594,0.316666666667
/home/ccollins/allmols/H/opt/cam/b3lyp/54-1312-_TD.log,54-1312-,---,[],"td B3LYP/6-31g(d,p)",-4.78566607919,-1.30968390511,76,1.0510,-1221.9013763,3.2391,0.45
/home/ccollins/allmols/H/opt/cam/b3lyp/4135-_TD.log,4135-,---,[],"td B3LYP/6-31g(d,p)",-4.91029421726,-1.01525673176,59,1.6537,-993.0633413,3.6664,0.266666666667
/home/ccollins/allmols/H/opt/cam/b3lyp/1212-1212-_TD.log,1212-1212-,---,[],"td B3LYP/6-31g(d,p)",-4.78049591626,-1.20872967099,69,0.0000,-916.5561459,3.3497,0.333333333333
/home/ccollins/allmols/H/opt/cam/b3lyp/513-5-_TD.log,513-5-,---,[],"td B3LYP/6-31g(d,p)",-4.84335421297,-1.12110901497,60,1.2701,-1313.8152497,3.5239,0.2
/home/ccollins/allmols/H/opt/cam/b3lyp/88-5-_TD.log,88-5-,---,[],"td B3LYP/6-31g(d,p)",-6.40147805271,-3.19924240024,62,2.9125,-1143.2717421,1.9857,0.166666666667
/home/ccollins/allmols/H/opt/cam/b3lyp/412_TD.log,412,---,[],"td B3LYP/6-31g(d,p)",-5.54513580268,-0.719468989219,38,0.5720,-461.0976132,4.6334,0.0833333333333
/home/ccollins/allmols/H/opt/cam/b3lyp/813-8-5-_TD.log,813-8-5-,---,[],"td B3LYP/6-31g(d,p)",-6.14324201989,-2.87542693233,79,2.4400,-1352.2904612,2.2244,0.316666666667
/home/ccollins/allmols/H/opt/cam/b3lyp/84-12_TD.log,84-12,---,[],"td B3LYP/6-31g(d,p)",-5.88391753172,-2.69828082341,58,2.8776,-756.236725,2.1607,0.216666666667
/home/ccollins/allmols/H/opt/cam/b3lyp/12413-5_TD.log,12413-5,---,[],"td B3LYP/6-31g(d,p)",-4.79301315283,-1.24492081153,76,2.1479,-1221.9037202,3.3145,0.466666666667
/home/ccollins/allmols/H/opt/cam/b3lyp/485_TD.log,485,---,[],"td B3LYP/6-31g(d,p)",-6.20637243044,-2.62154472093,62,0.6248,-1079.2201967,2.1612,0.233333333333
/home/ccollins/allmols/H/opt/cam/b3lyp/12128-13-_TD.log,12128-13-,---,[],"td B3LYP/6-31g(d,p)",-5.35302343264,-2.3992277148,72,2.1342,-963.0052998,2.2145,0.316666666667
/home/ccollins/allmols/H/opt/cam/b3lyp/45-413-_TD.log,45-413-,---,[],"td B3LYP/6-31g(d,p)",-4.94947861002,-1.4661493623,79,0.9149,-1224.1250367,3.2248,0.55
/home/ccollins/allmols/H/opt/cam/b3lyp/1255_TD.log,1255,---,[],"td B3LYP/6-31g(d,p)",-5.07818845567,-1.44737350743,60,1.3663,-1333.6644357,3.4540,0.183333333333
/home/ccollins/allmols/H/opt/cam/b3lyp/81312_TD.log,81312,---,[],"td B3LYP/6-31g(d,p)",-5.49397840103,-2.57555748221,55,3.3351,-734.1669882,2.2302,0.183333333333
/home/ccollins/allmols/H/opt/cam/b3lyp/135_TD.log,135,---,[],"td B3LYP/6-31g(d,p)",-5.06131739768,-0.640828089867,39,0.9265,-761.995343,4.2320,0.0833333333333
/home/ccollins/allmols/H/opt/cam/b3lyp/1312_TD.log,1312,---,[],"td B3LYP/6-31g(d,p)",-4.95274397608,-0.157009684863,35,1.2663,-439.0193193,4.6579,0.0666666666667
/home/ccollins/allmols/H/opt/cam/b3lyp/128-512-_TD.log,128-512-,---,[],"td B3LYP/6-31g(d,p)",-5.56363954371,-2.52848178813,76,0.6738,-1305.8305196,2.2093,0.3
/home/ccollins/allmols/H/opt/cam/b3lyp/8134-_TD.log,8134-,---,[],"td B3LYP/6-31g(d,p)",-5.69860800765,-2.6220889486,58,2.8347,-736.391676,2.2316,0.233333333333
/home/ccollins/allmols/H/opt/cam/b3lyp/458-_TD.log,458-,---,[],"td B3LYP/6-31g(d,p)",-6.13888819848,-2.72059415817,62,2.8096,-1079.2141062,2.2136,0.216666666667
/home/ccollins/allmols/H/opt/cam/b3lyp/1341312-_TD.log,1341312-,---,[],"td B3LYP/6-31g(d,p)",-4.62947273585,-0.988861689418,72,3.0586,-879.0710909,3.4117,0.416666666667
/home/ccollins/allmols/H/opt/cam/b3lyp/512-124-_TD.log,512-124-,---,[],"td B3LYP/6-31g(d,p)",-4.89804909453,-1.37607968172,76,0.5971,-1241.7629736,3.2648,0.4
/home/ccollins/allmols/H/opt/cam/b3lyp/4513-_TD.log,4513-,---,[],"td B3LYP/6-31g(d,p)",-4.94267576406,-1.17743657956,59,2.1415,-993.0607053,3.5223,0.283333333333
/home/ccollins/allmols/H/opt/cam/b3lyp/12813-4_TD.log,12813-4,---,[],"td B3LYP/6-31g(d,p)",-5.44282099938,-2.46943308516,75,2.1575,-965.2327297,2.2169,0.383333333333
/home/ccollins/allmols/H/opt/cam/b3lyp/5812-5-_TD.log,5812-5-,---,[],"td B3LYP/6-31g(d,p)",-5.58568076463,-2.52521642207,80,1.4219,-1628.8120141,2.2059,0.316666666667
/home/ccollins/allmols/H/opt/cam/b3lyp/5138-5_TD.log,5138-5,---,[],"td B3LYP/6-31g(d,p)",-5.37506465357,-2.52086260065,80,1.3247,-1608.9670373,2.2319,0.333333333333
/home/ccollins/allmols/H/opt/cam/b3lyp/128-124_TD.log,128-124,---,[],"td B3LYP/6-31g(d,p)",-5.67275719298,-2.48004552486,75,0.7790,-985.0790771,2.1974,0.316666666667
/home/ccollins/allmols/H/opt/cam/b3lyp/444-_TD.log,444-,---,[],"td B3LYP/6-31g(d,p)",-5.8118073645,-0.946411930598,61,0.0002,-694.3852119,4.4893,0.466666666667
/home/ccollins/allmols/H/opt/cam/b3lyp/1212-8-13_TD.log,1212-8-13,---,[],"td B3LYP/6-31g(d,p)",-5.36853392144,-2.43296983079,72,1.2268,-963.0087491,2.2178,0.283333333333
/home/ccollins/allmols/H/opt/cam/b3lyp/8448-_TD.log,8448-,---,[],"td B3LYP/6-31g(d,p)",-6.47032285387,-2.87923652607,81,0.0004,-1053.5975728,2.1601,0.5
/home/ccollins/allmols/H/opt/cam/b3lyp/1213-125-_TD.log,1213-125-,---,[],"td B3LYP/6-31g(d,p)",-4.64634379384,-1.15430690328,73,1.7163,-1219.6808766,3.2371,0.433333333333
/home/ccollins/allmols/H/opt/cam/b3lyp/44-_TD.log,44-,---,[],"td B3LYP/6-31g(d,p)",-6.08691445531,-0.634297357741,41,0.0001,-463.321512,5.0840,0.133333333333
/home/ccollins/allmols/H/opt/cam/b3lyp/125-4_TD.log,125-4,---,[],"td B3LYP/6-31g(d,p)",-5.1883945603,-1.36410667283,59,0.2413,-1012.9135136,3.6033,0.25
/home/ccollins/allmols/H/opt/cam/b3lyp/1213-13-4_TD.log,1213-13-4,---,[],"td B3LYP/6-31g(d,p)",-4.64198997242,-0.709945004868,72,2.4673,-879.0726556,3.5764,0.466666666667
/home/ccollins/allmols/H/opt/cam/b3lyp/584_TD.log,584,---,[],"td B3LYP/6-31g(d,p)",-6.20637243044,-2.62154472093,62,0.6247,-1079.2201968,2.1612,0.233333333333
/home/ccollins/allmols/H/opt/cam/b3lyp/1213-48-_TD.log,1213-48-,---,[],"td B3LYP/6-31g(d,p)",-5.14023041087,-2.65229358469,75,3.2380,-965.2250701,2.0909,0.366666666667
/home/ccollins/allmols/H/opt/cam/b3lyp/58-134-_TD.log,58-134-,---,[],"td B3LYP/6-31g(d,p)",-5.51629173579,-2.5148760962,79,1.2833,-1288.2159245,2.2296,0.416666666667
/home/ccollins/allmols/H/opt/cam/b3lyp/55_TD.log,55,---,[],"td B3LYP/6-31g(d,p)",-5.5078562068,-1.17498755501,43,1.1205,-1104.8243603,4.1188,0.1
/home/ccollins/allmols/H/opt/cam/b3lyp/413-13_TD.log,413-13,---,[],"td B3LYP/6-31g(d,p)",-4.62158143453,-0.610079226107,55,0.8212,-650.233027,3.7632,0.266666666667
/home/ccollins/allmols/H/opt/cam/b3lyp/4121312_TD.log,4121312,---,[],"td B3LYP/6-31g(d,p)",-4.62294200372,-1.06124397048,72,0.5718,-898.9339948,3.2971,0.416666666667
/home/ccollins/allmols/H/opt/cam/b3lyp/54-8-_TD.log,54-8-,---,[],"td B3LYP/6-31g(d,p)",-6.01589274344,-2.73256716707,62,2.5725,-1079.2123352,2.1618,0.2
/home/ccollins/allmols/H/opt/cam/b3lyp/131288-_TD.log,131288-,---,[],"td B3LYP/6-31g(d,p)",-5.63302857255,-3.01883092526,75,3.9569,-1029.2867369,1.9823,0.35
/home/ccollins/allmols/H/opt/cam/b3lyp/512-48_TD.log,512-48,---,[],"td B3LYP/6-31g(d,p)",-5.42241246148,-2.69692025422,79,2.7455,-1308.0588033,2.1617,0.366666666667
/home/ccollins/allmols/H/opt/cam/b3lyp/8412_TD.log,8412,---,[],"td B3LYP/6-31g(d,p)",-5.88391753172,-2.69828082341,58,2.8776,-756.2367249,2.1607,0.216666666667
/home/ccollins/allmols/H/opt/cam/b3lyp/8128-_TD.log,8128-,---,[],"td B3LYP/6-31g(d,p)",-6.65291123956,-3.02345686052,58,1.6972,-820.3002331,2.1996,0.15
/home/ccollins/allmols/H/opt/cam/b3lyp/1244-12-_TD.log,1244-12-,---,[],"td B3LYP/6-31g(d,p)",-5.23193277447,-1.23702951021,75,0.2557,-921.00157,3.6991,0.45
/home/ccollins/allmols/H/opt/cam/b3lyp/1212-4-13_TD.log,1212-4-13,---,[],"td B3LYP/6-31g(d,p)",-4.78757087606,-1.17580389653,72,1.3630,-898.927132,3.3802,0.45
/home/ccollins/allmols/H/opt/cam/b3lyp/128_TD.log,128,---,[],"td B3LYP/6-31g(d,p)",-6.37780414875,-2.73610464697,38,2.2858,-525.1655583,2.2017,0.0666666666667
/home/ccollins/allmols/H/opt/cam/b3lyp/128-4_TD.log,128-4,---,[],"td B3LYP/6-31g(d,p)",-6.1418814507,-2.56385658715,58,0.9037,-756.237579,2.1505,0.233333333333
/home/ccollins/allmols/H/opt/cam/b3lyp/412-5-8-_TD.log,412-5-8-,---,[],"td B3LYP/6-31g(d,p)",-5.46078051272,-2.66072911368,79,3.5440,-1308.0604297,2.2158,0.35
/home/ccollins/allmols/H/opt/cam/b3lyp/1284-13_TD.log,1284-13,---,[],"td B3LYP/6-31g(d,p)",-5.38486075176,-2.45936487313,75,1.0021,-965.2250745,2.1539,0.316666666667
/home/ccollins/allmols/H/opt/cam/b3lyp/84412_TD.log,84412,---,[],"td B3LYP/6-31g(d,p)",-5.62894686497,-2.72277106888,78,2.9812,-987.3001128,2.1594,0.433333333333
/home/ccollins/allmols/H/opt/cam/b3lyp/1313128-_TD.log,1313128-,---,[],"td B3LYP/6-31g(d,p)",-4.98893511662,-2.58943528797,72,1.6852,-943.1500164,1.9292,0.366666666667
/home/ccollins/allmols/H/opt/cam/b3lyp/85_TD.log,85,---,[],"td B3LYP/6-31g(d,p)",-6.44175090082,-2.79352066691,42,1.9957,-848.1481805,2.2126,0.0666666666667
/home/ccollins/allmols/H/opt/cam/b3lyp/5512-_TD.log,5512-,---,[],"td B3LYP/6-31g(d,p)",-5.09968544892,-1.46750993149,60,0.5593,-1333.6645664,3.4443,0.183333333333
/home/ccollins/allmols/H/opt/cam/b3lyp/5513-4-_TD.log,5513-4-,---,[],"td B3LYP/6-31g(d,p)",-4.78321705465,-1.45091098733,80,2.1415,-1544.879721,3.0904,0.4
/home/ccollins/allmols/H/opt/cam/b3lyp/12813-_TD.log,12813-,---,[],"td B3LYP/6-31g(d,p)",-5.74704427091,-2.47460324809,55,2.1514,-734.164867,2.2132,0.183333333333
/home/ccollins/allmols/H/opt/cam/b3lyp/124-13-_TD.log,124-13-,---,[],"td B3LYP/6-31g(d,p)",-5.01097633754,-0.908315993196,55,1.9343,-670.0843014,3.8705,0.233333333333
/home/ccollins/allmols/H/opt/cam/b3lyp/128-5-_TD.log,128-5-,---,[],"td B3LYP/6-31g(d,p)",-6.11004413159,-2.58372089736,59,0.3327,-1076.9897836,2.2024,0.183333333333
/home/ccollins/allmols/H/opt/cam/b3lyp/4513-13_TD.log,4513-13,---,[],"td B3LYP/6-31g(d,p)",-4.56634232529,-1.22668918434,76,1.3045,-1202.0504657,3.0761,0.466666666667
/home/ccollins/allmols/H/opt/cam/b3lyp/513-12-_TD.log,513-12-,---,[],"td B3LYP/6-31g(d,p)",-4.77178827343,-0.908588107035,56,1.6955,-990.8392534,3.6629,0.183333333333
/home/ccollins/allmols/H/opt/cam/b3lyp/138-13-_TD.log,138-13-,---,[],"td B3LYP/6-31g(d,p)",-5.51411482508,-2.43922844908,55,0.0003,-714.3224788,2.2430,0.183333333333
/home/ccollins/allmols/H/opt/cam/b3lyp/88-48-_TD.log,88-48-,---,[],"td B3LYP/6-31g(d,p)",-6.54379359029,-3.36577606946,81,0.7293,-1117.6547373,1.9600,0.483333333333
/home/ccollins/allmols/H/opt/cam/b3lyp/813-8_TD.log,813-8,---,[],"td B3LYP/6-31g(d,p)",-6.545970501,-2.99542913514,58,0.2289,-800.4658798,2.2237,0.183333333333
/home/ccollins/allmols/H/opt/cam/b3lyp/4135_TD.log,4135,---,[],"td B3LYP/6-31g(d,p)",-4.99709853177,-0.864505665184,59,0.8503,-993.0639562,3.8310,0.266666666667
/home/ccollins/allmols/H/opt/cam/b3lyp/124-812_TD.log,124-812,---,[],"td B3LYP/6-31g(d,p)",-5.68391386036,-2.50480788417,75,1.1092,-985.0782715,2.1528,0.383333333333
/home/ccollins/allmols/H/opt/cam/b3lyp/13512-4-_TD.log,13512-4-,---,[],"td B3LYP/6-31g(d,p)",-4.7497470525,-1.35866439605,76,1.3039,-1221.9069319,3.1583,0.55
/home/ccollins/allmols/H/opt/cam/b3lyp/135-5-_TD.log,135-5-,---,[],"td B3LYP/6-31g(d,p)",-4.87655210128,-1.29063593641,60,2.5734,-1313.8117071,3.3768,0.216666666667
/home/ccollins/allmols/H/opt/cam/b3lyp/12413-_TD.log,12413-,---,[],"td B3LYP/6-31g(d,p)",-4.94893438234,-0.939609084634,55,1.9118,-670.0837635,3.8256,0.25
/home/ccollins/allmols/H/opt/cam/b3lyp/13513-_TD.log,13513-,---,[],"td B3LYP/6-31g(d,p)",-4.63872460636,-0.910220790067,56,1.0437,-970.9824849,3.5340,0.2
/home/ccollins/allmols/H/opt/cam/b3lyp/485-_TD.log,485-,---,[],"td B3LYP/6-31g(d,p)",-6.20637243044,-2.62154472093,62,0.6246,-1079.2201967,2.1612,0.216666666667
/home/ccollins/allmols/H/opt/cam/b3lyp/12138-_TD.log,12138-,---,[],"td B3LYP/6-31g(d,p)",-5.49343417335,-2.57446902685,55,3.3368,-734.1669872,2.2302,0.183333333333
/home/ccollins/allmols/H/opt/cam/b3lyp/5413_TD.log,5413,---,[],"td B3LYP/6-31g(d,p)",-5.0262147125,-1.15866072469,59,0.8974,-993.0597994,3.6519,0.283333333333
/home/ccollins/allmols/H/opt/cam/b3lyp/81212_TD.log,81212,---,[],"td B3LYP/6-31g(d,p)",-5.72990109908,-2.61338130577,55,3.5028,-754.0061759,2.2041,0.15
/home/ccollins/allmols/H/opt/cam/b3lyp/13812-13_TD.log,13812-13,---,[],"td B3LYP/6-31g(d,p)",-5.13315545107,-2.34045112567,72,3.4437,-943.1569606,2.2171,0.333333333333
/home/ccollins/allmols/H/opt/cam/b3lyp/58-13-8_TD.log,58-13-8,---,[],"td B3LYP/6-31g(d,p)",-6.14296990605,-2.87923652607,79,2.4660,-1352.2904644,2.2245,0.316666666667
/home/ccollins/allmols/H/opt/cam/b3lyp/48-5_TD.log,48-5,---,[],"td B3LYP/6-31g(d,p)",-6.20637243044,-2.62154472093,62,0.6248,-1079.2201967,2.1612,0.216666666667
/home/ccollins/allmols/H/opt/cam/b3lyp/1313-124_TD.log,1313-124,---,[],"td B3LYP/6-31g(d,p)",-4.50021866252,-0.922465912803,72,1.1465,-879.0781034,3.2946,0.366666666667
/home/ccollins/allmols/H/opt/cam/b3lyp/84_TD.log,84,---,[],"td B3LYP/6-31g(d,p)",-6.37562723804,-2.78454091024,41,1.5796,-527.3959407,2.1580,0.0833333333333
/home/ccollins/allmols/H/opt/cam/b3lyp/128-12-8-_TD.log,128-12-8-,---,[],"td B3LYP/6-31g(d,p)",-6.30651032304,-2.88168555061,75,2.4047,-1049.1428965,2.1936,0.283333333333
/home/ccollins/allmols/H/opt/cam/b3lyp/135-12-_TD.log,135-12-,---,[],"td B3LYP/6-31g(d,p)",-4.80607461709,-1.08382941908,56,2.3252,-990.8353941,3.5334,0.2
/home/ccollins/allmols/H/opt/cam/b3lyp/1213-13-8-_TD.log,1213-13-8-,---,[],"td B3LYP/6-31g(d,p)",-4.97315251398,-2.57419691301,72,3.1470,-943.1530635,1.9016,0.366666666667
/home/ccollins/allmols/H/opt/cam/b3lyp/124-128-_TD.log,124-128-,---,[],"td B3LYP/6-31g(d,p)",-5.51030523134,-2.62725911154,75,3.7045,-985.077989,2.2069,0.333333333333
/home/ccollins/allmols/H/opt/cam/b3lyp/513-4-_TD.log,513-4-,---,[],"td B3LYP/6-31g(d,p)",-4.91029421726,-1.01525673176,59,1.6537,-993.0633415,3.6664,0.266666666667
/home/ccollins/allmols/H/opt/cam/b3lyp/858-8-_TD.log,858-8-,---,[],"td B3LYP/6-31g(d,p)",-6.58542700759,-3.45339672548,82,1.4568,-1438.4075937,1.9859,0.333333333333
/home/ccollins/allmols/H/opt/cam/b3lyp/51254_TD.log,51254,---,[],"td B3LYP/6-31g(d,p)",-4.94458056093,-1.49472131535,80,1.1193,-1564.7357862,3.1961,0.466666666667
/home/ccollins/allmols/H/opt/cam/b3lyp/5124-8_TD.log,5124-8,---,[],"td B3LYP/6-31g(d,p)",-5.40363660662,-2.67841651319,79,3.5704,-1308.0587449,2.1615,0.35
/home/ccollins/allmols/H/opt/cam/b3lyp/1348-_TD.log,1348-,---,[],"td B3LYP/6-31g(d,p)",-5.5424146643,-2.64140903114,58,3.0897,-736.3836381,2.1617,0.233333333333
/home/ccollins/allmols/H/opt/cam/b3lyp/134-13-13-_TD.log,134-13-13-,---,[],"td B3LYP/6-31g(d,p)",-4.64797647687,-0.779878261384,72,1.4308,-859.2186037,3.5558,0.483333333333
/home/ccollins/allmols/H/opt/cam/b3lyp/8128-12_TD.log,8128-12,---,[],"td B3LYP/6-31g(d,p)",-6.30787089224,-2.87488270465,75,3.1243,-1049.1427124,2.1918,0.283333333333
/home/ccollins/allmols/H/opt/cam/b3lyp/1212-58-_TD.log,1212-58-,---,[],"td B3LYP/6-31g(d,p)",-5.35003018042,-2.68657992835,76,3.6261,-1305.8325112,2.2182,0.283333333333
/home/ccollins/allmols/H/opt/cam/b3lyp/1345-_TD.log,1345-,---,[],"td B3LYP/6-31g(d,p)",-5.02403780179,-1.15757226934,59,2.0740,-993.0596787,3.6534,0.25
/home/ccollins/allmols/H/opt/cam/b3lyp/48-88_TD.log,48-88,---,[],"td B3LYP/6-31g(d,p)",-6.43930187627,-3.55462307343,81,2.7524,-1117.6411048,1.8644,0.4
/home/ccollins/allmols/H/opt/cam/b3lyp/812-12-12-_TD.log,812-12-12-,---,[],"td B3LYP/6-31g(d,p)",-5.2610489552,-2.55514894431,72,3.9575,-982.8465048,2.2042,0.266666666667
/home/ccollins/allmols/H/opt/cam/b3lyp/448-8-_TD.log,448-8-,---,[],"td B3LYP/6-31g(d,p)",-6.32746308861,-3.169309878,81,3.2890,-1053.5834433,1.9572,0.433333333333
/home/ccollins/allmols/H/opt/cam/b3lyp/125-84-_TD.log,125-84-,---,[],"td B3LYP/6-31g(d,p)",-5.63221223103,-2.56467292866,79,1.3814,-1308.0608798,2.1655,0.366666666667
/home/ccollins/allmols/H/opt/cam/b3lyp/4485_TD.log,4485,---,[],"td B3LYP/6-31g(d,p)",-6.08364908924,-2.59651024778,82,0.5389,-1310.2841859,2.1626,0.416666666667
/home/ccollins/allmols/H/opt/cam/b3lyp/12413_TD.log,12413,---,[],"td B3LYP/6-31g(d,p)",-4.95029495154,-0.939881198472,55,1.1149,-670.0839339,3.8276,0.25
/home/ccollins/allmols/H/opt/cam/b3lyp/88-8-_TD.log,88-8-,---,[],"td B3LYP/6-31g(d,p)",-6.69427254303,-3.73884414216,61,0.0001,-886.566574,1.8762,0.166666666667
/home/ccollins/allmols/H/opt/cam/b3lyp/58_TD.log,58,---,[],"td B3LYP/6-31g(d,p)",-6.44175090082,-2.79352066691,42,1.9958,-848.1481808,2.2126,0.0666666666667
/home/ccollins/allmols/H/opt/cam/b3lyp/1348_TD.log,1348,---,[],"td B3LYP/6-31g(d,p)",-5.5424146643,-2.64140903114,58,3.0897,-736.3836381,2.1617,0.233333333333
/home/ccollins/allmols/H/opt/cam/b3lyp/13412-8-_TD.log,13412-8-,---,[],"td B3LYP/6-31g(d,p)",-5.26023261368,-2.59025162949,75,4.4916,-965.2242941,2.2070,0.4
/home/ccollins/allmols/H/opt/cam/b3lyp/1212-13-8_TD.log,1212-13-8,---,[],"td B3LYP/6-31g(d,p)",-5.16961870544,-2.58072764514,72,3.2074,-963.0103296,2.0817,0.3
/home/ccollins/allmols/H/opt/cam/b3lyp/138-125_TD.log,138-125,---,[],"td B3LYP/6-31g(d,p)",-5.41343270481,-2.42970446472,76,1.6390,-1285.9872489,2.2239,0.316666666667
/home/ccollins/allmols/H/opt/cam/b3lyp/1312-12-_TD.log,1312-12-,---,[],"td B3LYP/6-31g(d,p)",-4.70294347226,-0.709672891029,52,2.1868,-667.8575312,3.7974,0.216666666667
/home/ccollins/allmols/H/opt/cam/b3lyp/135-13-_TD.log,135-13-,---,[],"td B3LYP/6-31g(d,p)",-4.63872460636,-0.910220790067,56,1.0437,-970.9824849,3.5340,0.183333333333
/home/ccollins/allmols/H/opt/cam/b3lyp/41313-5-_TD.log,41313-5-,---,[],"td B3LYP/6-31g(d,p)",-4.53777037224,-0.993487624674,76,0.5290,-1202.0528961,3.2836,0.45
/home/ccollins/allmols/H/opt/cam/b3lyp/12128-5-_TD.log,12128-5-,---,[],"td B3LYP/6-31g(d,p)",-5.52391092327,-2.49555601366,76,1.6932,-1305.8303922,2.2040,0.3
/home/ccollins/allmols/H/opt/cam/b3lyp/41213_TD.log,41213,---,[],"td B3LYP/6-31g(d,p)",-4.83138120408,-0.914302497645,55,0.9043,-670.0904836,3.6789,0.25
/home/ccollins/allmols/H/opt/cam/b3lyp/44-12_TD.log,44-12,---,[],"td B3LYP/6-31g(d,p)",-5.42105189229,-1.03838640804,58,0.5868,-692.1614872,4.1239,0.3
/home/ccollins/allmols/H/opt/cam/b3lyp/138-8-_TD.log,138-8-,---,[],"td B3LYP/6-31g(d,p)",-6.2871902405,-3.08332190501,58,3.4927,-800.448415,1.9903,0.183333333333
/home/ccollins/allmols/H/opt/cam/b3lyp/134-128_TD.log,134-128,---,[],"td B3LYP/6-31g(d,p)",-5.26295375207,-2.6030409799,75,2.6948,-965.2246281,2.2075,0.4
/home/ccollins/allmols/H/opt/cam/b3lyp/1244_TD.log,1244,---,[],"td B3LYP/6-31g(d,p)",-5.42105189229,-1.0381142942,58,0.5869,-692.1614873,4.1239,0.3
/home/ccollins/allmols/H/opt/cam/b3lyp/48-5-8-_TD.log,48-5-8-,---,[],"td B3LYP/6-31g(d,p)",-6.43902976243,-2.9584216531,82,2.1585,-1374.357372,2.1598,0.35
/home/ccollins/allmols/H/opt/cam/b3lyp/84-13-4_TD.log,84-13-4,---,[],"td B3LYP/6-31g(d,p)",-5.32853318717,-2.67025309803,78,2.9282,-967.4525461,2.1603,0.566666666667
/home/ccollins/allmols/H/opt/cam/b3lyp/81388_TD.log,81388,---,[],"td B3LYP/6-31g(d,p)",-6.52828310149,-3.31679557851,78,1.0642,-1095.589259,1.9910,0.316666666667
/home/ccollins/allmols/H/opt/cam/b3lyp/854-4_TD.log,854-4,---,[],"td B3LYP/6-31g(d,p)",-5.93262590883,-2.70998171847,82,3.1442,-1310.2780531,2.2137,0.45
/home/ccollins/allmols/H/opt/cam/b3lyp/85125_TD.log,85125,---,[],"td B3LYP/6-31g(d,p)",-5.36173107548,-2.64413016953,80,4.0746,-1628.8108337,2.2154,0.266666666667
/home/ccollins/allmols/H/opt/cam/b3lyp/448_TD.log,448,---,[],"td B3LYP/6-31g(d,p)",-6.33181691003,-2.74317960677,61,2.1933,-758.4599711,2.1595,0.316666666667
/home/ccollins/allmols/H/opt/cam/b3lyp/138-4_TD.log,138-4,---,[],"td B3LYP/6-31g(d,p)",-5.88582232859,-2.51079438862,58,1.6294,-736.3954546,2.1742,0.25
/home/ccollins/allmols/H/opt/cam/b3lyp/134-12-_TD.log,134-12-,---,[],"td B3LYP/6-31g(d,p)",-4.94893438234,-0.939609084634,55,1.9118,-670.0837638,3.8256,0.25
/home/ccollins/allmols/H/opt/cam/b3lyp/131312-5_TD.log,131312-5,---,[],"td B3LYP/6-31g(d,p)",-4.60008444128,-1.0585228321,73,2.1738,-1199.8268926,3.2618,0.4
/home/ccollins/allmols/H/opt/cam/b3lyp/135-4_TD.log,135-4,---,[],"td B3LYP/6-31g(d,p)",-5.03927617675,-1.03376047278,59,2.0134,-993.0615268,3.7010,0.283333333333
/home/ccollins/allmols/H/opt/cam/b3lyp/812-4-13-_TD.log,812-4-13-,---,[],"td B3LYP/6-31g(d,p)",-5.26295375207,-2.6030409799,75,2.6928,-965.2246258,2.2079,0.4
/home/ccollins/allmols/H/opt/cam/b3lyp/124_TD.log,124,---,[],"td B3LYP/6-31g(d,p)",-5.54513580268,-0.719468989219,38,0.5720,-461.0976132,4.6333,0.1
/home/ccollins/allmols/H/opt/cam/b3lyp/1384_TD.log,1384,---,[],"td B3LYP/6-31g(d,p)",-5.88582232859,-2.51079438862,58,1.6294,-736.3954546,2.1742,0.25
/home/ccollins/allmols/H/opt/cam/b3lyp/13512_TD.log,13512,---,[],"td B3LYP/6-31g(d,p)",-4.79791120193,-1.11757153507,56,0.8920,-990.8355616,3.5168,0.166666666667
/home/ccollins/allmols/H/opt/cam/b3lyp/131244-_TD.log,131244-,---,[],"td B3LYP/6-31g(d,p)",-4.81287746305,-1.15349056176,75,0.8332,-901.1544937,3.3860,0.6
/home/ccollins/allmols/H/opt/cam/b3lyp/44-4_TD.log,44-4,---,[],"td B3LYP/6-31g(d,p)",-5.8118073645,-0.946411930598,61,0.0000,-694.3852112,4.4893,0.416666666667
/home/ccollins/allmols/H/opt/cam/b3lyp/558-4-_TD.log,558-4-,---,[],"td B3LYP/6-31g(d,p)",-5.70513873977,-2.57174788847,83,1.6875,-1631.0367958,2.1651,0.383333333333
/home/ccollins/allmols/H/opt/cam/b3lyp/1388-_TD.log,1388-,---,[],"td B3LYP/6-31g(d,p)",-6.2871902405,-3.08332190501,58,3.4927,-800.448415,1.9903,0.166666666667
/home/ccollins/allmols/H/opt/cam/b3lyp/45-5_TD.log,45-5,---,[],"td B3LYP/6-31g(d,p)",-5.27220562258,-1.51213660102,63,0.0682,-1335.891175,3.5197,0.25
/home/ccollins/allmols/H/opt/cam/b3lyp/4138-_TD.log,4138-,---,[],"td B3LYP/6-31g(d,p)",-5.69860800765,-2.6220889486,58,2.8347,-736.391676,2.2316,0.233333333333
/home/ccollins/allmols/H/opt/cam/b3lyp/81212-13-_TD.log,81212-13-,---,[],"td B3LYP/6-31g(d,p)",-5.10403927034,-2.59732658929,72,3.4491,-963.0032409,2.0617,0.283333333333
/home/ccollins/allmols/H/opt/cam/b3lyp/134-13-5_TD.log,134-13-5,---,[],"td B3LYP/6-31g(d,p)",-4.6735551777,-1.11865999042,76,0.8941,-1202.0496339,3.3151,0.466666666667
/home/ccollins/allmols/H/opt/cam/b3lyp/545_TD.log,545,---,[],"td B3LYP/6-31g(d,p)",-5.51221002821,-1.30206471763,63,1.1575,-1335.8905535,3.9125,0.266666666667
/home/ccollins/allmols/H/opt/cam/b3lyp/88-84-_TD.log,88-84-,---,[],"td B3LYP/6-31g(d,p)",-6.43930187627,-3.55462307343,81,2.7525,-1117.6411043,1.8644,0.35
/home/ccollins/allmols/H/opt/cam/b3lyp/1213-12_TD.log,1213-12,---,[],"td B3LYP/6-31g(d,p)",-4.73369233602,-0.670488498273,52,2.2251,-667.8586145,3.8921,0.283333333333
/home/ccollins/allmols/H/opt/cam/b3lyp/125-_TD.log,125-,---,[],"td B3LYP/6-31g(d,p)",-5.40118758207,-0.901241033393,39,0.2428,-781.8482919,4.3207,0.0666666666667
/home/ccollins/allmols/H/opt/cam/b3lyp/445_TD.log,445,---,[],"td B3LYP/6-31g(d,p)",-5.62241613284,-1.13144934084,62,0.5846,-1015.1378326,4.1592,0.316666666667
/home/ccollins/allmols/H/opt/cam/b3lyp/545-8-_TD.log,545-8-,---,[],"td B3LYP/6-31g(d,p)",-5.65643036266,-2.70834903544,83,3.1342,-1631.0298968,2.2153,0.4
/home/ccollins/allmols/H/opt/cam/b3lyp/84-8-_TD.log,84-8-,---,[],"td B3LYP/6-31g(d,p)",-6.58352221072,-3.03243661719,61,0.0001,-822.5319616,2.1598,0.216666666667
/home/ccollins/allmols/H/opt/cam/b3lyp/13125_TD.log,13125,---,[],"td B3LYP/6-31g(d,p)",-4.77695843636,-1.05607380755,56,0.9386,-990.8416623,3.5103,0.183333333333
/home/ccollins/allmols/H/opt/cam/b3lyp/1313-5_TD.log,1313-5,---,[],"td B3LYP/6-31g(d,p)",-4.59518639218,-0.755388015912,56,0.9531,-970.9850286,3.5984,0.216666666667
/home/ccollins/allmols/H/opt/cam/b3lyp/813-85_TD.log,813-85,---,[],"td B3LYP/6-31g(d,p)",-6.14351413373,-2.87978075374,79,2.4658,-1352.29047,2.2247,0.316666666667
/home/ccollins/allmols/H/opt/cam/b3lyp/88-_TD.log,88-,---,[],"td B3LYP/6-31g(d,p)",-6.67794571271,-3.46945144196,41,0.0001,-591.4450936,1.9828,0.05
/home/ccollins/allmols/H/opt/cam/b3lyp/44-124_TD.log,44-124,---,[],"td B3LYP/6-31g(d,p)",-5.17016293311,-1.28873113954,78,0.4733,-923.2326473,3.5824,0.7
/home/ccollins/allmols/H/opt/cam/b3lyp/85513_TD.log,85513,---,[],"td B3LYP/6-31g(d,p)",-5.18240805585,-2.64276960034,80,3.1117,-1608.9534037,2.1229,0.333333333333
/home/ccollins/allmols/H/opt/cam/b3lyp/513-1213_TD.log,513-1213,---,[],"td B3LYP/6-31g(d,p)",-4.51817817586,-1.0345768143,73,1.1879,-1199.8300977,3.2315,0.35
/home/ccollins/allmols/H/opt/cam/b3lyp/45-12_TD.log,45-12,---,[],"td B3LYP/6-31g(d,p)",-5.18785033262,-1.36410667283,59,0.2417,-1012.9135152,3.6028,0.233333333333
/home/ccollins/allmols/H/opt/cam/b3lyp/134-8-13-_TD.log,134-8-13-,---,[],"td B3LYP/6-31g(d,p)",-5.29941700644,-2.42072470805,75,0.4915,-945.3827647,2.1774,0.5
/home/ccollins/allmols/H/opt/cam/b3lyp/13135-_TD.log,13135-,---,[],"td B3LYP/6-31g(d,p)",-4.76308063059,-0.707768094159,56,2.7745,-970.9834807,3.7435,0.2
/home/ccollins/allmols/H/opt/cam/b3lyp/1212-12_TD.log,1212-12,---,[],"td B3LYP/6-31g(d,p)",-4.95519300063,-0.970085834555,52,0.6226,-687.7127568,3.8117,0.2
/home/ccollins/allmols/H/opt/cam/b3lyp/58-54-_TD.log,58-54-,---,[],"td B3LYP/6-31g(d,p)",-5.79901801408,-2.59324488171,83,1.0704,-1631.0376373,2.2155,0.333333333333
/home/ccollins/allmols/H/opt/cam/b3lyp/134_TD.log,134,---,[],"td B3LYP/6-31g(d,p)",-5.17696577908,-0.437014824767,38,1.4972,-441.243498,4.5223,0.0833333333333
/home/ccollins/allmols/H/opt/cam/b3lyp/85-13-_TD.log,85-13-,---,[],"td B3LYP/6-31g(d,p)",-5.4888082381,-2.63106870528,59,2.8283,-1057.1377057,2.2202,0.166666666667
/home/ccollins/allmols/H/opt/cam/b3lyp/1312-8-4_TD.log,1312-8-4,---,[],"td B3LYP/6-31g(d,p)",-5.3005054618,-2.40875169915,75,3.1170,-965.2299835,2.1550,0.333333333333
/home/ccollins/allmols/H/opt/cam/b3lyp/854-8_TD.log,854-8,---,[],"td B3LYP/6-31g(d,p)",-6.30297284314,-2.91025750367,82,1.3176,-1374.3511509,2.1627,0.533333333333
/home/ccollins/allmols/H/opt/cam/b3lyp/134-8-_TD.log,134-8-,---,[],"td B3LYP/6-31g(d,p)",-5.5424146643,-2.64140903114,58,3.0897,-736.3836381,2.1617,0.233333333333
/home/ccollins/allmols/H/opt/cam/b3lyp/1213135_TD.log,1213135,---,[],"td B3LYP/6-31g(d,p)",-4.59790753057,-0.807089645243,73,1.8651,-1199.8265536,3.4471,0.4
/home/ccollins/allmols/H/opt/cam/b3lyp/1313-84_TD.log,1313-84,---,[],"td B3LYP/6-31g(d,p)",-5.11791707611,-2.40956804067,75,2.4364,-945.3856975,2.1588,0.383333333333
/home/ccollins/allmols/H/opt/cam/b3lyp/131313-8_TD.log,131313-8,---,[],"td B3LYP/6-31g(d,p)",-4.94213153638,-2.53201926803,72,3.4086,-923.3019907,1.9410,0.383333333333
/home/ccollins/allmols/H/opt/cam/b3lyp/1212-5-_TD.log,1212-5-,---,[],"td B3LYP/6-31g(d,p)",-4.99737064561,-1.18151828714,56,0.3535,-1010.6915219,3.6212,0.166666666667
/home/ccollins/allmols/H/opt/cam/b3lyp/58-5-_TD.log,58-5-,---,[],"td B3LYP/6-31g(d,p)",-6.17671202204,-2.64168114498,63,0.0001,-1399.9723554,2.2138,0.183333333333
/home/ccollins/allmols/H/opt/cam/b3lyp/13513-13_TD.log,13513-13,---,[],"td B3LYP/6-31g(d,p)",-4.39817597305,-0.994031852351,73,1.6786,-1179.9721849,3.1671,0.4
/home/ccollins/allmols/H/opt/cam/b3lyp/445-4-_TD.log,445-4-,---,[],"td B3LYP/6-31g(d,p)",-5.39139148388,-1.35648748535,82,0.5204,-1246.2034719,3.6854,0.666666666667
/home/ccollins/allmols/H/opt/cam/b3lyp/41312_TD.log,41312,---,[],"td B3LYP/6-31g(d,p)",-4.81451014608,-0.785592651995,55,1.0916,-670.0873298,3.8226,0.25
/home/ccollins/allmols/H/opt/cam/b3lyp/135-58_TD.log,135-58,---,[],"td B3LYP/6-31g(d,p)",-5.20825887052,-2.64385805569,80,4.3546,-1608.954616,2.1512,0.333333333333
/home/ccollins/allmols/H/opt/cam/b3lyp/41212_TD.log,41212,---,[],"td B3LYP/6-31g(d,p)",-5.05560300707,-1.03893063572,55,0.9567,-689.9381736,3.8084,0.233333333333
/home/ccollins/allmols/H/opt/cam/b3lyp/88_TD.log,88,---,[],"td B3LYP/6-31g(d,p)",-6.67794571271,-3.46945144196,41,0.0001,-591.4450936,1.9828,0.0666666666667
/home/ccollins/allmols/H/opt/cam/b3lyp/4554-_TD.log,4554-,---,[],"td B3LYP/6-31g(d,p)",-5.24853171863,-1.48819058322,83,0.8843,-1566.9562355,3.4190,0.6
/home/ccollins/allmols/H/opt/cam/b3lyp/513-4-5_TD.log,513-4-5,---,[],"td B3LYP/6-31g(d,p)",-4.84417055449,-1.38342675537,80,2.1565,-1544.8796132,3.2183,0.466666666667
/home/ccollins/allmols/H/opt/cam/b3lyp/1348-8_TD.log,1348-8,---,[],"td B3LYP/6-31g(d,p)",-5.69098882016,-3.07706328672,78,4.4612,-1031.5076648,1.9569,0.366666666667
/home/ccollins/allmols/H/opt/cam/b3lyp/513-12_TD.log,513-12,---,[],"td B3LYP/6-31g(d,p)",-4.79791120193,-0.939609084634,56,2.2457,-990.8369663,3.6501,0.2
/home/ccollins/allmols/H/opt/cam/b3lyp/4558_TD.log,4558,---,[],"td B3LYP/6-31g(d,p)",-5.67901581127,-2.70970960463,83,3.5120,-1631.0310117,2.2158,0.383333333333
/home/ccollins/allmols/H/opt/cam/b3lyp/8135-4_TD.log,8135-4,---,[],"td B3LYP/6-31g(d,p)",-5.45479400827,-2.63542252669,79,3.2610,-1288.2092443,2.2312,0.416666666667
/home/ccollins/allmols/H/opt/cam/b3lyp/12135-_TD.log,12135-,---,[],"td B3LYP/6-31g(d,p)",-4.77178827343,-0.908588107035,56,1.6955,-990.8392534,3.6629,0.2
/home/ccollins/allmols/H/opt/cam/b3lyp/125-12_TD.log,125-12,---,[],"td B3LYP/6-31g(d,p)",-5.04907227494,-1.30124837611,56,0.4232,-1010.6883806,3.5748,0.183333333333
/home/ccollins/allmols/H/opt/cam/b3lyp/1312-813-_TD.log,1312-813-,---,[],"td B3LYP/6-31g(d,p)",-5.14213520774,-2.33963478415,72,2.3556,-943.157247,2.2247,0.333333333333
/home/ccollins/allmols/H/opt/cam/b3lyp/12813_TD.log,12813,---,[],"td B3LYP/6-31g(d,p)",-5.74731638475,-2.47242633738,55,0.9923,-734.1651337,2.2202,0.183333333333
/home/ccollins/allmols/H/opt/cam/b3lyp/444_TD.log,444,---,[],"td B3LYP/6-31g(d,p)",-5.8118073645,-0.946411930598,61,0.0000,-694.3852112,4.4893,0.466666666667
/home/ccollins/allmols/H/opt/cam/b3lyp/845_TD.log,845,---,[],"td B3LYP/6-31g(d,p)",-6.01589274344,-2.73256716707,62,2.5725,-1079.2123354,2.1618,0.216666666667
/home/ccollins/allmols/H/opt/cam/b3lyp/812-13-_TD.log,812-13-,---,[],"td B3LYP/6-31g(d,p)",-5.4387392918,-2.59895927232,55,2.1964,-734.1619071,2.2127,0.166666666667
/home/ccollins/allmols/H/opt/cam/b3lyp/12844-_TD.log,12844-,---,[],"td B3LYP/6-31g(d,p)",-6.03711762284,-2.53991056935,78,0.6144,-987.3015589,2.1519,0.466666666667
/home/ccollins/allmols/H/opt/cam/b3lyp/413-12-_TD.log,413-12-,---,[],"td B3LYP/6-31g(d,p)",-4.81451014608,-0.785592651995,55,1.0916,-670.0873299,3.8226,0.266666666667
/home/ccollins/allmols/H/opt/cam/b3lyp/513-8_TD.log,513-8,---,[],"td B3LYP/6-31g(d,p)",-5.59139515524,-2.64304171418,59,2.8887,-1057.143457,2.2324,0.183333333333
/home/ccollins/allmols/H/opt/cam/b3lyp/88-4_TD.log,88-4,---,[],"td B3LYP/6-31g(d,p)",-6.37753203491,-3.21475288904,61,2.3775,-822.5192095,1.9570,0.216666666667
/home/ccollins/allmols/H/opt/cam/b3lyp/125-13_TD.log,125-13,---,[],"td B3LYP/6-31g(d,p)",-4.83301388711,-1.09553031414,56,1.6037,-990.835619,3.5403,0.166666666667
/home/ccollins/allmols/H/opt/cam/b3lyp/54-44_TD.log,54-44,---,[],"td B3LYP/6-31g(d,p)",-5.55710881158,-1.25689382042,82,0.5813,-1246.2016287,3.9311,0.716666666667
/home/ccollins/allmols/H/opt/cam/b3lyp/1212-4_TD.log,1212-4,---,[],"td B3LYP/6-31g(d,p)",-5.07682788648,-1.06178819816,55,0.2162,-689.9407862,3.7934,0.233333333333
/home/ccollins/allmols/H/opt/cam/b3lyp/1312-55_TD.log,1312-55,---,[],"td B3LYP/6-31g(d,p)",-4.69940599236,-1.46696570381,77,1.4314,-1542.6558336,2.9969,0.35
/home/ccollins/allmols/H/opt/cam/b3lyp/1213-4-5_TD.log,1213-4-5,---,[],"td B3LYP/6-31g(d,p)",-4.84661957904,-1.18342308401,76,1.9841,-1221.9022513,3.3693,0.466666666667
/home/ccollins/allmols/H/opt/cam/b3lyp/858_TD.log,858,---,[],"td B3LYP/6-31g(d,p)",-6.67794571271,-3.07053255459,62,1.0793,-1143.2847166,2.2096,0.166666666667
/home/ccollins/allmols/H/opt/cam/b3lyp/84-12-_TD.log,84-12-,---,[],"td B3LYP/6-31g(d,p)",-5.88391753172,-2.69828082341,58,2.8776,-756.2367249,2.1607,0.216666666667
/home/ccollins/allmols/H/opt/cam/b3lyp/12125-12_TD.log,12125-12,---,[],"td B3LYP/6-31g(d,p)",-4.82321778892,-1.43322358783,73,0.6955,-1239.5291598,3.1804,0.316666666667
/home/ccollins/allmols/H/opt/cam/b3lyp/12858-_TD.log,12858-,---,[],"td B3LYP/6-31g(d,p)",-6.34297357741,-2.93012181388,79,3.1271,-1372.1271254,2.2033,0.316666666667
/home/ccollins/allmols/H/opt/cam/b3lyp/5135_TD.log,5135,---,[],"td B3LYP/6-31g(d,p)",-4.96281218811,-0.992943396996,60,0.8861,-1313.8159297,3.6839,0.216666666667
/home/ccollins/allmols/H/opt/cam/b3lyp/4813-12-_TD.log,4813-12-,---,[],"td B3LYP/6-31g(d,p)",-5.34132253758,-2.45800430394,75,2.2420,-965.2385724,2.1767,0.316666666667
/home/ccollins/allmols/H/opt/cam/b3lyp/85-134-_TD.log,85-134-,---,[],"td B3LYP/6-31g(d,p)",-5.26322586591,-2.62127260709,79,4.1655,-1288.2049495,2.1727,0.366666666667
/home/ccollins/allmols/H/opt/cam/b3lyp/513-512-_TD.log,513-512-,---,[],"td B3LYP/6-31g(d,p)",-4.72743371774,-1.36628358353,77,1.7396,-1542.6555437,3.1316,0.4
/home/ccollins/allmols/H/opt/cam/b3lyp/1385-13-_TD.log,1385-13-,---,[],"td B3LYP/6-31g(d,p)",-5.19628586162,-2.43922844908,76,0.5652,-1266.136509,2.2339,0.5
/home/ccollins/allmols/H/opt/cam/b3lyp/441212-_TD.log,441212-,---,[],"td B3LYP/6-31g(d,p)",-5.03709926605,-1.24709772223,75,0.2475,-921.0047864,3.5191,0.55
/home/ccollins/allmols/H/opt/cam/b3lyp/13134-_TD.log,13134-,---,[],"td B3LYP/6-31g(d,p)",-4.79845542961,-0.504771170575,55,2.4369,-650.2309927,3.9430,0.3
/home/ccollins/allmols/H/opt/cam/b3lyp/58-4-_TD.log,58-4-,---,[],"td B3LYP/6-31g(d,p)",-6.20637243044,-2.62154472093,62,0.6246,-1079.2201968,2.1612,0.233333333333
/home/ccollins/allmols/H/opt/cam/b3lyp/55-8_TD.log,55-8,---,[],"td B3LYP/6-31g(d,p)",-5.89044826385,-2.73093448404,63,2.7350,-1399.9663557,2.2171,0.166666666667
/home/ccollins/allmols/H/opt/cam/b3lyp/4413-13_TD.log,4413-13,---,[],"td B3LYP/6-31g(d,p)",-4.71192322894,-0.886274772271,75,1.2356,-881.2981708,3.4992,0.516666666667
/home/ccollins/allmols/H/opt/cam/b3lyp/55-4_TD.log,55-4,---,[],"td B3LYP/6-31g(d,p)",-5.36526855538,-1.36655569737,63,0.3410,-1335.8917995,3.7121,0.25
/home/ccollins/allmols/H/opt/cam/b3lyp/125-4-_TD.log,125-4-,---,[],"td B3LYP/6-31g(d,p)",-5.1883945603,-1.36410667283,59,0.2413,-1012.9135137,3.6033,0.233333333333
/home/ccollins/allmols/H/opt/cam/b3lyp/1313-12_TD.log,1313-12,---,[],"td B3LYP/6-31g(d,p)",-4.53423289234,-0.413068806972,52,0.6176,-648.0066535,3.9148,0.2
/home/ccollins/allmols/H/opt/cam/b3lyp/555-5-_TD.log,555-5-,---,[],"td B3LYP/6-31g(d,p)",-4.99410527955,-1.81962523862,85,0.0016,-2208.4587368,2.9559,0.45
/home/ccollins/allmols/H/opt/cam/b3lyp/813-13_TD.log,813-13,---,[],"td B3LYP/6-31g(d,p)",-5.24390578337,-2.5148760962,55,3.6577,-714.3142329,2.1617,0.183333333333
/home/ccollins/allmols/H/opt/cam/b3lyp/1284_TD.log,1284,---,[],"td B3LYP/6-31g(d,p)",-6.1418814507,-2.56385658715,58,0.9037,-756.237579,2.1505,0.233333333333
/home/ccollins/allmols/H/opt/cam/b3lyp/81313-5_TD.log,81313-5,---,[],"td B3LYP/6-31g(d,p)",-5.04009251827,-2.56712195321,76,3.3435,-1266.133732,1.9797,0.366666666667
/home/ccollins/allmols/H/opt/cam/b3lyp/51213-_TD.log,51213-,---,[],"td B3LYP/6-31g(d,p)",-4.76580176898,-0.982875184969,56,2.4109,-990.8390815,3.5576,0.2
/home/ccollins/allmols/H/opt/cam/b3lyp/51213-12_TD.log,51213-12,---,[],"td B3LYP/6-31g(d,p)",-4.62892850817,-1.15267422025,73,2.5597,-1219.6806393,3.2289,0.35
/home/ccollins/allmols/H/opt/cam/b3lyp/588-13_TD.log,588-13,---,[],"td B3LYP/6-31g(d,p)",-6.10215283027,-2.88984896577,79,1.1544,-1352.2740561,1.9955,0.25
/home/ccollins/allmols/H/opt/cam/b3lyp/5124_TD.log,5124,---,[],"td B3LYP/6-31g(d,p)",-5.12852951581,-1.23594105485,59,0.9377,-1012.919496,3.6681,0.25
/home/ccollins/allmols/H/opt/cam/b3lyp/51312_TD.log,51312,---,[],"td B3LYP/6-31g(d,p)",-4.75137973553,-0.925187051189,56,0.5425,-990.839022,3.6438,0.2
/home/ccollins/allmols/H/opt/cam/b3lyp/84-4-12_TD.log,84-4-12,---,[],"td B3LYP/6-31g(d,p)",-5.62894686497,-2.72304318272,78,2.9807,-987.3001115,2.1594,0.433333333333
/home/ccollins/allmols/H/opt/cam/b3lyp/88-13_TD.log,88-13,---,[],"td B3LYP/6-31g(d,p)",-6.28691812667,-3.08304979117,58,3.4938,-800.4484148,1.9904,0.183333333333
/home/ccollins/allmols/H/opt/cam/b3lyp/4812-_TD.log,4812-,---,[],"td B3LYP/6-31g(d,p)",-6.1418814507,-2.56385658715,58,0.9035,-756.2375788,2.1505,0.233333333333
/home/ccollins/allmols/H/opt/cam/b3lyp/125_TD.log,125,---,[],"td B3LYP/6-31g(d,p)",-5.38812611782,-0.896615098137,39,1.0076,-781.8481779,4.3333,0.0666666666667
/home/ccollins/allmols/H/opt/cam/b3lyp/88-5-5-_TD.log,88-5-5-,---,[],"td B3LYP/6-31g(d,p)",-6.03575705365,-3.10590735361,83,4.7471,-1695.0889306,1.9872,0.3
/home/ccollins/allmols/H/opt/cam/b3lyp/4138-8-_TD.log,4138-8-,---,[],"td B3LYP/6-31g(d,p)",-5.90133281739,-3.0261779989,78,4.5079,-1031.5165623,1.9914,0.333333333333
/home/ccollins/allmols/H/opt/cam/b3lyp/1212-124-_TD.log,1212-124-,---,[],"td B3LYP/6-31g(d,p)",-4.85151762813,-1.25907073113,72,0.5979,-918.7841409,3.3431,0.333333333333
/home/ccollins/allmols/H/opt/cam/b3lyp/558_TD.log,558,---,[],"td B3LYP/6-31g(d,p)",-5.8760262304,-2.71596822292,63,3.2833,-1399.9648455,2.2173,0.166666666667
/home/ccollins/allmols/H/opt/cam/b3lyp/128-84-_TD.log,128-84-,---,[],"td B3LYP/6-31g(d,p)",-6.13399014938,-2.95896588077,78,1.0189,-1051.3625985,1.9573,0.333333333333
/home/ccollins/allmols/H/opt/cam/b3lyp/44-84_TD.log,44-84,---,[],"td B3LYP/6-31g(d,p)",-6.1073229932,-2.5769180514,81,0.5329,-989.5319595,2.1109,0.55
/home/ccollins/allmols/H/opt/cam/b3lyp/5135-_TD.log,5135-,---,[],"td B3LYP/6-31g(d,p)",-4.84335421297,-1.12083690113,60,1.2701,-1313.8152486,3.5240,0.2
/home/ccollins/allmols/H/opt/cam/b3lyp/1212-55-_TD.log,1212-55-,---,[],"td B3LYP/6-31g(d,p)",-4.8950558423,-1.58805636198,77,0.2899,-1562.5095747,3.0760,0.383333333333
/home/ccollins/allmols/H/opt/cam/b3lyp/13454-_TD.log,13454-,---,[],"td B3LYP/6-31g(d,p)",-4.94947861002,-1.4661493623,79,0.9149,-1224.1250366,3.2248,0.55
/home/ccollins/allmols/H/opt/cam/b3lyp/1258-5-_TD.log,1258-5-,---,[],"td B3LYP/6-31g(d,p)",-5.58105482938,-2.55732585502,80,1.5233,-1628.8129113,2.2157,0.3
/home/ccollins/allmols/H/opt/cam/b3lyp/45124-_TD.log,45124-,---,[],"td B3LYP/6-31g(d,p)",-5.01696284199,-1.44465236905,79,0.8456,-1243.9852638,3.2959,0.483333333333
/home/ccollins/allmols/H/opt/cam/b3lyp/131244_TD.log,131244,---,[],"td B3LYP/6-31g(d,p)",-4.81287746305,-1.15349056176,75,0.8332,-901.1544941,3.3860,0.6
/home/ccollins/allmols/H/opt/cam/b3lyp/1344_TD.log,1344,---,[],"td B3LYP/6-31g(d,p)",-5.1764215514,-0.833212573747,58,1.5088,-672.3080971,4.0199,0.333333333333
/home/ccollins/allmols/H/opt/cam/b3lyp/44-4-12-_TD.log,44-4-12-,---,[],"td B3LYP/6-31g(d,p)",-5.3731598567,-1.18587210855,78,0.5962,-923.2252274,3.8707,0.65
/home/ccollins/allmols/H/opt/cam/b3lyp/8412-_TD.log,8412-,---,[],"td B3LYP/6-31g(d,p)",-5.88391753172,-2.69828082341,58,2.8776,-756.236725,2.1607,0.216666666667
/home/ccollins/allmols/H/opt/cam/b3lyp/55-88_TD.log,55-88,---,[],"td B3LYP/6-31g(d,p)",-6.04827429023,-3.11788036251,83,4.2166,-1695.0903885,1.9872,0.266666666667
/home/ccollins/allmols/H/opt/cam/b3lyp/1212134_TD.log,1212134,---,[],"td B3LYP/6-31g(d,p)",-4.64035728939,-1.04328445713,72,1.3626,-898.9286055,3.3446,0.416666666667
/home/ccollins/allmols/H/opt/cam/b3lyp/85-5-4_TD.log,85-5-4,---,[],"td B3LYP/6-31g(d,p)",-5.68500231572,-2.70889326311,83,3.5236,-1631.0307735,2.2157,0.383333333333
/home/ccollins/allmols/H/opt/cam/b3lyp/8131313-_TD.log,8131313-,---,[],"td B3LYP/6-31g(d,p)",-4.78811510374,-2.4958281275,72,4.4314,-923.3014384,1.8112,0.383333333333
/home/ccollins/allmols/H/opt/cam/b3lyp/8131312_TD.log,8131312,---,[],"td B3LYP/6-31g(d,p)",-4.94675747164,-2.53365195106,72,3.6869,-943.1555829,1.9132,0.366666666667
/home/ccollins/allmols/H/opt/cam/b3lyp/125138-_TD.log,125138-,---,[],"td B3LYP/6-31g(d,p)",-5.21914342406,-2.58208821433,76,4.0425,-1285.9834612,2.1365,0.3
/home/ccollins/allmols/H/opt/cam/b3lyp/124-5_TD.log,124-5,---,[],"td B3LYP/6-31g(d,p)",-5.27084505339,-1.30533008369,59,1.0624,-1012.913758,3.7613,0.25
/home/ccollins/allmols/H/opt/cam/b3lyp/548_TD.log,548,---,[],"td B3LYP/6-31g(d,p)",-6.01589274344,-2.73256716707,62,2.5725,-1079.2123352,2.1618,0.216666666667
/home/ccollins/allmols/H/opt/cam/b3lyp/13121313-_TD.log,13121313-,---,[],"td B3LYP/6-31g(d,p)",-4.33422922098,-0.684910531718,69,1.7889,-857.0005092,3.3964,0.416666666667
/home/ccollins/allmols/H/opt/cam/b3lyp/85-138_TD.log,85-138,---,[],"td B3LYP/6-31g(d,p)",-5.89861167901,-2.88467880284,79,1.1965,-1352.2828805,2.2175,0.416666666667
/home/ccollins/allmols/H/opt/cam/b3lyp/81312-13-_TD.log,81312-13-,---,[],"td B3LYP/6-31g(d,p)",-4.97288040014,-2.59188431252,72,2.5216,-943.1587979,1.9210,0.316666666667
/home/ccollins/allmols/H/opt/cam/b3lyp/458_TD.log,458,---,[],"td B3LYP/6-31g(d,p)",-6.13888819848,-2.72059415817,62,2.8099,-1079.2141071,2.2134,0.216666666667
/home/ccollins/allmols/H/opt/cam/b3lyp/55-5-_TD.log,55-5-,---,[],"td B3LYP/6-31g(d,p)",-5.17424464069,-1.59703611865,64,0.5365,-1656.6422458,3.3720,0.2
/home/ccollins/allmols/H/opt/cam/b3lyp/138-13_TD.log,138-13,---,[],"td B3LYP/6-31g(d,p)",-5.51710807731,-2.43133714776,55,3.0946,-714.3221956,2.2386,0.183333333333
/home/ccollins/allmols/H/opt/cam/b3lyp/812-1212-_TD.log,812-1212-,---,[],"td B3LYP/6-31g(d,p)",-5.32581204878,-2.62943602225,72,3.5910,-982.8529697,2.2077,0.266666666667
/home/ccollins/allmols/H/opt/cam/b3lyp/8134_TD.log,8134,---,[],"td B3LYP/6-31g(d,p)",-5.69915223532,-2.62290529012,58,2.8332,-736.3916738,2.2315,0.233333333333
/home/ccollins/allmols/H/opt/cam/b3lyp/1312-4_TD.log,1312-4,---,[],"td B3LYP/6-31g(d,p)",-4.82974852104,-0.847634607192,55,2.1603,-670.0884457,3.7275,0.25
/home/ccollins/allmols/H/opt/cam/b3lyp/44-813_TD.log,44-813,---,[],"td B3LYP/6-31g(d,p)",-5.78568443599,-2.49256276144,78,1.5513,-967.4593904,2.1756,0.45
/home/ccollins/allmols/H/opt/cam/b3lyp/54-13_TD.log,54-13,---,[],"td B3LYP/6-31g(d,p)",-5.0262147125,-1.15866072469,59,0.8974,-993.0597993,3.6519,0.266666666667
/home/ccollins/allmols/H/opt/cam/b3lyp/58-_TD.log,58-,---,[],"td B3LYP/6-31g(d,p)",-6.44175090082,-2.79352066691,42,1.9958,-848.1481808,2.2126,0.0666666666667
/home/ccollins/allmols/H/opt/cam/b3lyp/555-_TD.log,555-,---,[],"td B3LYP/6-31g(d,p)",-5.17424464069,-1.59703611865,64,0.5365,-1656.6422458,3.3720,0.183333333333
/home/ccollins/allmols/H/opt/cam/b3lyp/13124-_TD.log,13124-,---,[],"td B3LYP/6-31g(d,p)",-4.83138120408,-0.914302497645,55,0.9043,-670.0904837,3.6789,0.25
/home/ccollins/allmols/H/opt/cam/b3lyp/5125-_TD.log,5125-,---,[],"td B3LYP/6-31g(d,p)",-5.05914048697,-1.3265549631,60,0.5148,-1333.6703375,3.5265,0.183333333333
/home/ccollins/allmols/H/opt/cam/b3lyp/41248-_TD.log,41248-,---,[],"td B3LYP/6-31g(d,p)",-5.51302636973,-2.68957318057,78,3.0481,-987.3079047,2.1614,0.416666666667
/home/ccollins/allmols/H/opt/cam/b3lyp/544_TD.log,544,---,[],"td B3LYP/6-31g(d,p)",-5.63085166184,-1.14505503277,62,0.5805,-1015.1379097,4.1537,0.383333333333
/home/ccollins/allmols/H/opt/cam/b3lyp/5135-4-_TD.log,5135-4-,---,[],"td B3LYP/6-31g(d,p)",-4.88852511018,-1.25580536507,80,1.3207,-1544.8818472,3.3207,0.4
/home/ccollins/allmols/H/opt/cam/b3lyp/812_TD.log,812,---,[],"td B3LYP/6-31g(d,p)",-6.37481089653,-2.73610464697,38,2.2872,-525.1655556,2.1986,0.05
/home/ccollins/allmols/H/opt/cam/b3lyp/48-12_TD.log,48-12,---,[],"td B3LYP/6-31g(d,p)",-6.1418814507,-2.56385658715,58,0.9036,-756.2375788,2.1505,0.233333333333
/home/ccollins/allmols/H/opt/cam/b3lyp/513-1312_TD.log,513-1312,---,[],"td B3LYP/6-31g(d,p)",-4.4719188233,-0.906955424004,73,1.1052,-1199.8287587,3.3063,0.366666666667
/home/ccollins/allmols/H/opt/cam/b3lyp/81313_TD.log,81313,---,[],"td B3LYP/6-31g(d,p)",-5.34322733445,-2.57446902685,55,2.9628,-714.3123295,2.2063,0.183333333333
/home/ccollins/allmols/H/opt/cam/b3lyp/131312-_TD.log,131312-,---,[],"td B3LYP/6-31g(d,p)",-4.67382729153,-0.387762219983,52,2.7836,-648.0045907,4.0326,0.266666666667
/home/ccollins/allmols/H/opt/cam/b3lyp/1385-_TD.log,1385-,---,[],"td B3LYP/6-31g(d,p)",-5.79820167257,-2.53582886177,59,2.0817,-1057.1475364,2.2276,0.166666666667
/home/ccollins/allmols/H/opt/cam/b3lyp/1381313-_TD.log,1381313-,---,[],"td B3LYP/6-31g(d,p)",-4.9690708064,-2.34807031315,72,2.6138,-923.3123106,2.0926,0.45
/home/ccollins/allmols/H/opt/cam/b3lyp/13124_TD.log,13124,---,[],"td B3LYP/6-31g(d,p)",-4.83138120408,-0.914302497645,55,0.9043,-670.0904836,3.6789,0.233333333333
/home/ccollins/allmols/H/opt/cam/b3lyp/813-12_TD.log,813-12,---,[],"td B3LYP/6-31g(d,p)",-5.51112157286,-2.62018415173,55,3.1078,-734.1653802,2.2326,0.183333333333
/home/ccollins/allmols/H/opt/cam/b3lyp/1313-12-13-_TD.log,1313-12-13-,---,[],"td B3LYP/6-31g(d,p)",-4.33422922098,-0.684910531718,69,1.7889,-857.0005092,3.3964,0.416666666667
/home/ccollins/allmols/H/opt/cam/b3lyp/5412-12-_TD.log,5412-12-,---,[],"td B3LYP/6-31g(d,p)",-4.99845910097,-1.35131732241,76,1.0803,-1241.7549348,3.3934,0.483333333333
/home/ccollins/allmols/H/opt/cam/b3lyp/1312-5_TD.log,1312-5,---,[],"td B3LYP/6-31g(d,p)",-4.78593819303,-0.987229006386,56,1.7102,-990.8393315,3.5624,0.2
/home/ccollins/allmols/H/opt/cam/b3lyp/1312-13-_TD.log,1312-13-,---,[],"td B3LYP/6-31g(d,p)",-4.54566167356,-0.495247186225,52,1.7069,-648.0100708,3.8412,0.25
/home/ccollins/allmols/H/opt/cam/b3lyp/848-_TD.log,848-,---,[],"td B3LYP/6-31g(d,p)",-6.58352221072,-3.03243661719,61,0.0001,-822.5319616,2.1598,0.216666666667
/home/ccollins/allmols/H/opt/cam/b3lyp/813-513_TD.log,813-513,---,[],"td B3LYP/6-31g(d,p)",-5.04825593343,-2.58916317414,76,3.2129,-1266.1310488,1.9983,0.383333333333
/home/ccollins/allmols/H/opt/cam/b3lyp/844-_TD.log,844-,---,[],"td B3LYP/6-31g(d,p)",-6.33100056852,-2.7426353791,61,2.1926,-758.4599685,2.1591,0.3
/home/ccollins/allmols/H/opt/cam/b3lyp/134-_TD.log,134-,---,[],"td B3LYP/6-31g(d,p)",-5.17696577908,-0.437014824767,38,1.4972,-441.243498,4.5223,0.0833333333333
/home/ccollins/allmols/H/opt/cam/b3lyp/128-13_TD.log,128-13,---,[],"td B3LYP/6-31g(d,p)",-5.74731638475,-2.47242633738,55,0.9923,-734.1651337,2.2202,0.183333333333
/home/ccollins/allmols/H/opt/cam/b3lyp/55-8-4-_TD.log,55-8-4-,---,[],"td B3LYP/6-31g(d,p)",-5.71983288705,-2.5839930112,83,1.0926,-1631.0382971,2.1655,0.383333333333
/home/ccollins/allmols/H/opt/cam/b3lyp/412-12-13_TD.log,412-12-13,---,[],"td B3LYP/6-31g(d,p)",-4.6389967202,-1.08219673605,72,2.4325,-898.9291713,3.2790,0.4
/home/ccollins/allmols/H/opt/cam/b3lyp/124-_TD.log,124-,---,[],"td B3LYP/6-31g(d,p)",-5.54513580268,-0.719468989219,38,0.5720,-461.0976132,4.6334,0.1
/home/ccollins/allmols/H/opt/cam/b3lyp/13138-12-_TD.log,13138-12-,---,[],"td B3LYP/6-31g(d,p)",-5.16336008715,-2.43052080624,72,3.0499,-943.1532035,2.1913,0.416666666667
/home/ccollins/allmols/H/opt/cam/b3lyp/1313-_TD.log,1313-,---,[],"td B3LYP/6-31g(d,p)",-4.69097046337,0.293610831833,35,0.0021,-419.1649074,4.8117,0.0833333333333
/home/ccollins/allmols/H/opt/cam/b3lyp/58-55_TD.log,58-55,---,[],"td B3LYP/6-31g(d,p)",-5.65996784257,-2.59161219868,84,1.6436,-1951.7889622,2.2179,0.333333333333
/home/ccollins/allmols/H/opt/cam/b3lyp/845-_TD.log,845-,---,[],"td B3LYP/6-31g(d,p)",-6.01589274344,-2.73256716707,62,2.5725,-1079.2123354,2.1618,0.216666666667
/home/ccollins/allmols/H/opt/cam/b3lyp/1212-_TD.log,1212-,---,[],"td B3LYP/6-31g(d,p)",-5.29642375422,-0.5268123915,35,0.0000,-458.8695376,4.6570,0.0666666666667
/home/ccollins/allmols/H/opt/cam/b3lyp/1313-813_TD.log,1313-813,---,[],"td B3LYP/6-31g(d,p)",-4.95954682205,-2.35487315911,72,2.0341,-923.3125248,2.0744,0.333333333333
/home/ccollins/allmols/H/opt/cam/b3lyp/4812_TD.log,4812,---,[],"td B3LYP/6-31g(d,p)",-6.1418814507,-2.56385658715,58,0.9036,-756.2375788,2.1505,0.233333333333
/home/ccollins/allmols/H/opt/cam/b3lyp/813-5-_TD.log,813-5-,---,[],"td B3LYP/6-31g(d,p)",-5.5734356419,-2.61800724103,59,3.1165,-1057.1431946,2.2325,0.183333333333
/home/ccollins/allmols/H/opt/cam/b3lyp/551212-_TD.log,551212-,---,[],"td B3LYP/6-31g(d,p)",-4.85396665268,-1.57581123925,77,0.7308,-1562.5079893,3.0603,0.316666666667
/home/ccollins/allmols/H/opt/cam/b3lyp/88-13-12_TD.log,88-13-12,---,[],"td B3LYP/6-31g(d,p)",-5.71956077322,-3.02155206365,75,4.7101,-1029.290343,1.9922,0.316666666667
/home/ccollins/allmols/H/opt/cam/b3lyp/4412-_TD.log,4412-,---,[],"td B3LYP/6-31g(d,p)",-5.42105189229,-1.03838640804,58,0.5868,-692.1614871,4.1238,0.3
/home/ccollins/allmols/H/opt/cam/b3lyp/1384-5-_TD.log,1384-5-,---,[],"td B3LYP/6-31g(d,p)",-5.64146410154,-2.49174641992,79,2.1252,-1288.2117684,2.1776,0.366666666667
/home/ccollins/allmols/H/opt/cam/b3lyp/813-1313_TD.log,813-1313,---,[],"td B3LYP/6-31g(d,p)",-4.94185942254,-2.53201926803,72,3.4085,-923.3019883,1.9409,0.383333333333
/home/ccollins/allmols/H/opt/cam/b3lyp/125-13-8_TD.log,125-13-8,---,[],"td B3LYP/6-31g(d,p)",-5.24281732802,-2.6114765089,76,3.4030,-1285.9834308,2.1331,0.3
/home/ccollins/allmols/H/opt/cam/b3lyp/138-5-5-_TD.log,138-5-5-,---,[],"td B3LYP/6-31g(d,p)",-5.48173327829,-2.50045406276,80,2.3553,-1608.9640737,2.2312,0.333333333333
/home/ccollins/allmols/H/opt/cam/b3lyp/854_TD.log,854,---,[],"td B3LYP/6-31g(d,p)",-6.13888819848,-2.72059415817,62,2.8095,-1079.2141058,2.2134,0.216666666667
/home/ccollins/allmols/H/opt/cam/b3lyp/84-128_TD.log,84-128,---,[],"td B3LYP/6-31g(d,p)",-6.22133869157,-2.88331823365,78,1.9098,-1051.3750796,2.1616,0.55
/home/ccollins/allmols/H/opt/cam/b3lyp/13812-13-_TD.log,13812-13-,---,[],"td B3LYP/6-31g(d,p)",-5.13859772784,-2.40739112996,72,0.7462,-943.1607412,2.2134,0.416666666667
/home/ccollins/allmols/H/opt/cam/b3lyp/81313-_TD.log,81313-,---,[],"td B3LYP/6-31g(d,p)",-5.24390578337,-2.5148760962,55,3.6577,-714.3142329,2.1617,0.183333333333
/home/ccollins/allmols/H/opt/cam/b3lyp/5412-12_TD.log,5412-12,---,[],"td B3LYP/6-31g(d,p)",-4.98376495368,-1.44465236905,76,0.7857,-1241.7570744,3.2961,0.4
/home/ccollins/allmols/H/opt/cam/b3lyp/1312-8_TD.log,1312-8,---,[],"td B3LYP/6-31g(d,p)",-5.4373787226,-2.53555674793,55,4.4609,-734.1581839,2.2068,0.166666666667
/home/ccollins/allmols/H/opt/cam/b3lyp/548-12_TD.log,548-12,---,[],"td B3LYP/6-31g(d,p)",-5.79330362347,-2.53501252026,79,1.1547,-1308.0539558,2.1540,0.383333333333
/home/ccollins/allmols/H/opt/cam/b3lyp/125-413_TD.log,125-413,---,[],"td B3LYP/6-31g(d,p)",-4.87056559683,-1.42070635125,76,1.5257,-1221.8999511,3.2202,0.433333333333
/home/ccollins/allmols/H/opt/cam/b3lyp/813138_TD.log,813138,---,[],"td B3LYP/6-31g(d,p)",-5.64173621538,-2.81474554632,75,0.5440,-1009.4586181,2.2333,0.283333333333
/home/ccollins/allmols/H/opt/cam/b3lyp/1212_TD.log,1212,---,[],"td B3LYP/6-31g(d,p)",-5.28417863148,-0.530349871402,35,0.9312,-458.8667179,4.6506,0.05
/home/ccollins/allmols/H/opt/cam/b3lyp/124-5-12-_TD.log,124-5-12-,---,[],"td B3LYP/6-31g(d,p)",-5.000091784,-1.50506164121,76,0.3866,-1241.7538593,3.2751,0.433333333333
/home/ccollins/allmols/H/opt/cam/b3lyp/8512_TD.log,8512,---,[],"td B3LYP/6-31g(d,p)",-5.78133061458,-2.67678383016,59,3.4792,-1076.9888302,2.2152,0.166666666667
/home/ccollins/allmols/H/opt/cam/b3lyp/41312-5-_TD.log,41312-5-,---,[],"td B3LYP/6-31g(d,p)",-4.71328379813,-1.14478291893,76,2.0440,-1221.9077399,3.2973,0.45
/home/ccollins/allmols/H/opt/cam/b3lyp/125128_TD.log,125128,---,[],"td B3LYP/6-31g(d,p)",-5.34050619607,-2.59297276788,76,4.0837,-1305.8279797,2.2063,0.25
/home/ccollins/allmols/H/opt/cam/b3lyp/48-1213_TD.log,48-1213,---,[],"td B3LYP/6-31g(d,p)",-5.30241025867,-2.47269845122,75,1.0608,-965.2336898,2.1603,0.383333333333
/home/ccollins/allmols/H/opt/cam/b3lyp/138-_TD.log,138-,---,[],"td B3LYP/6-31g(d,p)",-6.16718803769,-2.64549073872,38,2.3883,-505.3239369,2.2275,0.0666666666667
/home/ccollins/allmols/H/opt/cam/b3lyp/54-8-4-_TD.log,54-8-4-,---,[],"td B3LYP/6-31g(d,p)",-5.86595801837,-2.57174788847,82,1.0034,-1310.284378,2.1130,0.483333333333
/home/ccollins/allmols/H/opt/cam/b3lyp/412-4_TD.log,412-4,---,[],"td B3LYP/6-31g(d,p)",-5.23057220528,-1.13362625154,58,0.4839,-692.1686901,3.8406,0.3
/home/ccollins/allmols/H/opt/cam/b3lyp/812-5-_TD.log,812-5-,---,[],"td B3LYP/6-31g(d,p)",-5.80418817702,-2.64521862488,59,3.3057,-1076.9877564,2.2061,0.15
/home/ccollins/allmols/H/opt/cam/b3lyp/588-4_TD.log,588-4,---,[],"td B3LYP/6-31g(d,p)",-6.17099763143,-2.99379645211,82,0.7001,-1374.3452401,1.9619,0.35
/home/ccollins/allmols/H/opt/cam/b3lyp/85124_TD.log,85124,---,[],"td B3LYP/6-31g(d,p)",-5.46078051272,-2.66072911368,79,3.5441,-1308.0604298,2.2158,0.35
/home/ccollins/allmols/H/opt/cam/b3lyp/1312-134-_TD.log,1312-134-,---,[],"td B3LYP/6-31g(d,p)",-4.50566093929,-0.880016153984,72,3.0705,-879.0757826,3.3563,0.366666666667
/home/ccollins/allmols/H/opt/cam/b3lyp/85-4-_TD.log,85-4-,---,[],"td B3LYP/6-31g(d,p)",-6.05643770538,-2.72059415817,62,2.8152,-1079.2135397,2.2144,0.216666666667
/home/ccollins/allmols/H/opt/cam/b3lyp/88-13-_TD.log,88-13-,---,[],"td B3LYP/6-31g(d,p)",-6.28691812667,-3.08304979117,58,3.4938,-800.4484148,1.9904,0.183333333333
/home/ccollins/allmols/H/opt/cam/b3lyp/135-4-8_TD.log,135-4-8,---,[],"td B3LYP/6-31g(d,p)",-5.20118391071,-2.65637529227,79,4.4687,-1288.2002449,2.1617,0.383333333333
/home/ccollins/allmols/H/opt/cam/b3lyp/413512-_TD.log,413512-,---,[],"td B3LYP/6-31g(d,p)",-4.82430624427,-1.22696129818,76,1.1911,-1221.9040433,3.3150,0.483333333333
/home/ccollins/allmols/H/opt/cam/b3lyp/1213-_TD.log,1213-,---,[],"td B3LYP/6-31g(d,p)",-4.97015926175,-0.140954968387,35,2.0479,-439.0170806,4.6829,0.0666666666667
/home/ccollins/allmols/H/opt/cam/b3lyp/8413-8_TD.log,8413-8,---,[],"td B3LYP/6-31g(d,p)",-5.96337477259,-2.86916831404,78,0.3298,-1031.5298399,2.1628,0.5
/home/ccollins/allmols/H/opt/cam/b3lyp/12138_TD.log,12138,---,[],"td B3LYP/6-31g(d,p)",-5.49343417335,-2.57446902685,55,3.3368,-734.1669872,2.2302,0.183333333333
/home/ccollins/allmols/H/opt/cam/b3lyp/412-_TD.log,412-,---,[],"td B3LYP/6-31g(d,p)",-5.54513580268,-0.719468989219,38,0.5720,-461.0976133,4.6333,0.0833333333333
/home/ccollins/allmols/H/opt/cam/b3lyp/544-13_TD.log,544-13,---,[],"td B3LYP/6-31g(d,p)",-5.1502986229,-1.20083836968,79,1.1142,-1224.1244832,3.6159,0.533333333333
/home/ccollins/allmols/H/opt/cam/b3lyp/41313-_TD.log,41313-,---,[],"td B3LYP/6-31g(d,p)",-4.72498469319,-0.490893364807,55,0.9045,-650.2337689,3.8986,0.266666666667
/home/ccollins/allmols/H/opt/cam/b3lyp/812-124-_TD.log,812-124-,---,[],"td B3LYP/6-31g(d,p)",-5.45261709756,-2.63651098205,75,3.2301,-985.0809317,2.2074,0.333333333333
/home/ccollins/allmols/H/opt/cam/b3lyp/12138-13-_TD.log,12138-13-,---,[],"td B3LYP/6-31g(d,p)",-5.15247553361,-2.39977194248,72,0.8699,-943.1655434,2.2185,0.366666666667
/home/ccollins/allmols/H/opt/cam/b3lyp/125-8_TD.log,125-8,---,[],"td B3LYP/6-31g(d,p)",-5.79303150963,-2.70943749079,59,2.9906,-1076.9889842,2.2173,0.15
/home/ccollins/allmols/H/opt/cam/b3lyp/813-4-4-_TD.log,813-4-4-,---,[],"td B3LYP/6-31g(d,p)",-5.57996637402,-2.61773512719,78,3.0990,-967.4556351,2.2316,0.466666666667
/home/ccollins/allmols/H/opt/cam/b3lyp/54-5-13_TD.log,54-5-13,---,[],"td B3LYP/6-31g(d,p)",-4.88172226421,-1.49281651848,80,1.6847,-1544.8770879,3.1415,0.5
/home/ccollins/allmols/H/opt/cam/b3lyp/125-412-_TD.log,125-412-,---,[],"td B3LYP/6-31g(d,p)",-5.02050032189,-1.52356538224,76,0.4851,-1241.7539713,3.2692,0.383333333333
/home/ccollins/allmols/H/opt/cam/b3lyp/124-13_TD.log,124-13,---,[],"td B3LYP/6-31g(d,p)",-4.95029495154,-0.939881198472,55,1.1149,-670.0839334,3.8276,0.25
/home/ccollins/allmols/H/opt/cam/b3lyp/131355-_TD.log,131355-,---,[],"td B3LYP/6-31g(d,p)",-4.71301168429,-1.30614642521,77,2.0080,-1522.8017461,3.1071,0.4
/home/ccollins/allmols/H/opt/cam/b3lyp/84-5-_TD.log,84-5-,---,[],"td B3LYP/6-31g(d,p)",-6.01589274344,-2.73256716707,62,2.5725,-1079.2123354,2.1618,0.216666666667
/home/ccollins/allmols/H/opt/cam/b3lyp/8513_TD.log,8513,---,[],"td B3LYP/6-31g(d,p)",-5.4888082381,-2.63106870528,59,2.8283,-1057.1377057,2.2202,0.183333333333
/home/ccollins/allmols/H/opt/cam/b3lyp/5138-12-_TD.log,5138-12-,---,[],"td B3LYP/6-31g(d,p)",-5.34513213132,-2.46399080839,76,1.9983,-1285.9843142,2.2181,0.333333333333
/home/ccollins/allmols/H/opt/cam/b3lyp/455_TD.log,455,---,[],"td B3LYP/6-31g(d,p)",-5.40363660662,-1.31866366178,63,0.9867,-1335.8906871,3.7773,0.25
/home/ccollins/allmols/H/opt/cam/b3lyp/44-5-12-_TD.log,44-5-12-,---,[],"td B3LYP/6-31g(d,p)",-5.1573735827,-1.37172586031,79,0.9078,-1243.9777133,3.5062,0.466666666667
/home/ccollins/allmols/H/opt/cam/b3lyp/13125-_TD.log,13125-,---,[],"td B3LYP/6-31g(d,p)",-4.79328526667,-1.05444112452,56,1.3792,-990.8414018,3.5184,0.2
/home/ccollins/allmols/H/opt/cam/b3lyp/8138-5_TD.log,8138-5,---,[],"td B3LYP/6-31g(d,p)",-6.14324201989,-2.87542693233,79,2.4400,-1352.2904612,2.2244,0.316666666667
/home/ccollins/allmols/H/opt/cam/b3lyp/1358_TD.log,1358,---,[],"td B3LYP/6-31g(d,p)",-5.4888082381,-2.63079659144,59,2.8283,-1057.1377056,2.2202,0.183333333333
/home/ccollins/allmols/H/opt/cam/b3lyp/812-12-8_TD.log,812-12-8,---,[],"td B3LYP/6-31g(d,p)",-6.04827429023,-2.80059562672,75,3.6335,-1049.1429084,2.2009,0.5
/home/ccollins/allmols/H/opt/cam/b3lyp/125-5_TD.log,125-5,---,[],"td B3LYP/6-31g(d,p)",-5.11954975914,-1.468326273,60,0.5951,-1333.6661385,3.4512,0.183333333333
/home/ccollins/allmols/H/opt/cam/b3lyp/51313-_TD.log,51313-,---,[],"td B3LYP/6-31g(d,p)",-4.70403192762,-0.67103272595,56,1.4501,-970.9858266,3.7211,0.216666666667
/home/ccollins/allmols/H/opt/cam/b3lyp/5134_TD.log,5134,---,[],"td B3LYP/6-31g(d,p)",-4.99764275945,-0.898519895007,59,0.9518,-993.0645044,3.7988,0.233333333333
/home/ccollins/allmols/H/opt/cam/b3lyp/548-_TD.log,548-,---,[],"td B3LYP/6-31g(d,p)",-6.01589274344,-2.73256716707,62,2.5725,-1079.2123352,2.1618,0.2
